/*M!999999\- enable the sandbox mode */ 
-- MariaDB dump 10.19  Distrib 10.6.22-MariaDB, for debian-linux-gnu (x86_64)
--
-- Host: localhost    Database: billing_prod
-- ------------------------------------------------------
-- Server version	10.6.22-MariaDB-0ubuntu0.22.04.1

/*!40101 SET @OLD_CHARACTER_SET_CLIENT=@@CHARACTER_SET_CLIENT */;
/*!40101 SET @OLD_CHARACTER_SET_RESULTS=@@CHARACTER_SET_RESULTS */;
/*!40101 SET @OLD_COLLATION_CONNECTION=@@COLLATION_CONNECTION */;
/*!40101 SET NAMES utf8mb4 */;
/*!40103 SET @OLD_TIME_ZONE=@@TIME_ZONE */;
/*!40103 SET TIME_ZONE='+00:00' */;
/*!40014 SET @OLD_UNIQUE_CHECKS=@@UNIQUE_CHECKS, UNIQUE_CHECKS=0 */;
/*!40014 SET @OLD_FOREIGN_KEY_CHECKS=@@FOREIGN_KEY_CHECKS, FOREIGN_KEY_CHECKS=0 */;
/*!40101 SET @OLD_SQL_MODE=@@SQL_MODE, SQL_MODE='NO_AUTO_VALUE_ON_ZERO' */;
/*!40111 SET @OLD_SQL_NOTES=@@SQL_NOTES, SQL_NOTES=0 */;

--
-- Table structure for table `activity_logs`
--

DROP TABLE IF EXISTS `activity_logs`;
/*!40101 SET @saved_cs_client     = @@character_set_client */;
/*!40101 SET character_set_client = utf8mb4 */;
CREATE TABLE `activity_logs` (
  `id` int(11) NOT NULL AUTO_INCREMENT,
  `user_id` bigint(20) NOT NULL,
  `timestamp` datetime(6) NOT NULL DEFAULT current_timestamp(6),
  `action` varchar(255) NOT NULL,
  `details` text DEFAULT NULL,
  PRIMARY KEY (`id`),
  KEY `ix_activity_logs_id` (`id`),
  KEY `user_id` (`user_id`),
  CONSTRAINT `activity_logs_ibfk_1` FOREIGN KEY (`user_id`) REFERENCES `users` (`id`)
) ENGINE=InnoDB AUTO_INCREMENT=663 DEFAULT CHARSET=utf8mb4 COLLATE=utf8mb4_unicode_ci;
/*!40101 SET character_set_client = @saved_cs_client */;

--
-- Dumping data for table `activity_logs`
--

LOCK TABLES `activity_logs` WRITE;
/*!40000 ALTER TABLE `activity_logs` DISABLE KEYS */;
INSERT INTO `activity_logs` VALUES (1,1,'2025-09-09 22:06:43.812907','PATCH /api/pelanggan/104','{\"no_ktp\": \"2000000000000022\", \"nama\": \"Ahmad Rizki\", \"alamat\": \"Tambun\", \"alamat_2\": \"TEST\", \"tgl_instalasi\": \"2024-01-05\", \"blok\": \"AAAA\", \"unit\": \"222\", \"no_telp\": \"08986937819\", \"email\": \"ahmad@ajnusa.com\", \"id_brand\": \"ajn-02\", \"layanan\": \"Internet 20 Mbps\", \"id\": 104, \"harga_layanan\": {\"id_brand\": \"ajn-02\", \"brand\": \"JELANTIK\", \"pajak\": 11, \"xendit_key_name\": \"JELANTIK\"}}'),(2,1,'2025-09-09 22:37:58.861549','POST /api/sk/','{\"tipe\": \"Pembaruan\", \"versi\": \"2.5.1\", \"konten\": \"<!DOCTYPE html>\\n<html lang=\\\"id\\\">\\n<head>\\n\\u00a0 \\u00a0 <meta charset=\\\"UTF-8\\\">\\n\\u00a0 \\u00a0 <meta name=\\\"viewport\\\" content=\\\"width=device-width, initial-scale=1.0\\\">\\n\\u00a0 \\u00a0 <title>Laporan Update Aplikasi</title>\\n\\u00a0 \\u00a0 <style>\\n\\u00a0 \\u00a0 \\u00a0 \\u00a0 body {\\n\\u00a0 \\u00a0 \\u00a0 \\u00a0 \\u00a0 \\u00a0 font-family: Arial, sans-serif;\\n\\u00a0 \\u00a0 \\u00a0 \\u00a0 \\u00a0 \\u00a0 line-height: 1.6;\\n\\u00a0 \\u00a0 \\u00a0 \\u00a0 \\u00a0 \\u00a0 color: #333;\\n\\u00a0 \\u00a0 \\u00a0 \\u00a0 \\u00a0 \\u00a0 margin: 0;\\n\\u00a0 \\u00a0 \\u00a0 \\u00a0 \\u00a0 \\u00a0 padding: 20px;\\n\\u00a0 \\u00a0 \\u00a0 \\u00a0 \\u00a0 \\u00a0 background-color: #f4f4f4;\\n\\u00a0 \\u00a0 \\u00a0 \\u00a0 }\\n\\u00a0 \\u00a0 \\u00a0 \\u00a0 .container {\\n\\u00a0 \\u00a0 \\u00a0 \\u00a0 \\u00a0 \\u00a0 max-width: 800px;\\n\\u00a0 \\u00a0 \\u00a0 \\u00a0 \\u00a0 \\u00a0 margin: auto;\\n\\u00a0 \\u00a0 \\u00a0 \\u00a0 \\u00a0 \\u00a0 background: #fff;\\n\\u00a0 \\u00a0 \\u00a0 \\u00a0 \\u00a0 \\u00a0 padding: 20px 40px;\\n\\u00a0 \\u00a0 \\u00a0 \\u00a0 \\u00a0 \\u00a0 border-radius: 8px;\\n\\u00a0 \\u00a0 \\u00a0 \\u00a0 \\u00a0 \\u00a0 box-shadow: 0 0 10px rgba(0,0,0,0.1);\\n\\u00a0 \\u00a0 \\u00a0 \\u00a0 }\\n\\u00a0 \\u00a0 \\u00a0 \\u00a0 h1, h2 {\\n\\u00a0 \\u00a0 \\u00a0 \\u00a0 \\u00a0 \\u00a0 color: #2c3e50;\\n\\u00a0 \\u00a0 \\u00a0 \\u00a0 }\\n\\u00a0 \\u00a0 \\u00a0 \\u00a0 h2 {\\n\\u00a0 \\u00a0 \\u00a0 \\u00a0 \\u00a0 \\u00a0 border-bottom: 2px solid #3498db;\\n\\u00a0 \\u00a0 \\u00a0 \\u00a0 \\u00a0 \\u00a0 padding-bottom: 5px;\\n\\u00a0 \\u00a0 \\u00a0 \\u00a0 \\u00a0 \\u00a0 margin-top: 30px;\\n\\u00a0 \\u00a0 \\u00a0 \\u00a0 }\\n\\u00a0 \\u00a0 \\u00a0 \\u00a0 .new-feature, .bug-fix {\\n\\u00a0 \\u00a0 \\u00a0 \\u00a0 \\u00a0 \\u00a0 margin-bottom: 20px;\\n\\u00a0 \\u00a0 \\u00a0 \\u00a0 }\\n\\u00a0 \\u00a0 \\u00a0 \\u00a0 ul {\\n\\u00a0 \\u00a0 \\u00a0 \\u00a0 \\u00a0 \\u00a0 list-style-type: disc;\\n\\u00a0 \\u00a0 \\u00a0 \\u00a0 \\u00a0 \\u00a0 padding-left: 20px;\\n\\u00a0 \\u00a0 \\u00a0 \\u00a0 }\\n\\u00a0 \\u00a0 \\u00a0 \\u00a0 li {\\n\\u00a0 \\u00a0 \\u00a0 \\u00a0 \\u00a0 \\u00a0 margin-bottom: 10px;\\n\\u00a0 \\u00a0 \\u00a0 \\u00a0 }\\n\\u00a0 \\u00a0 \\u00a0 \\u00a0 .new-user-label {\\n\\u00a0 \\u00a0 \\u00a0 \\u00a0 \\u00a0 \\u00a0 display: inline-block;\\n\\u00a0 \\u00a0 \\u00a0 \\u00a0 \\u00a0 \\u00a0 background-color: #27ae60;\\n\\u00a0 \\u00a0 \\u00a0 \\u00a0 \\u00a0 \\u00a0 color: white;\\n\\u00a0 \\u00a0 \\u00a0 \\u00a0 \\u00a0 \\u00a0 padding: 2px 8px;\\n\\u00a0 \\u00a0 \\u00a0 \\u00a0 \\u00a0 \\u00a0 border-radius: 4px;\\n\\u00a0 \\u00a0 \\u00a0 \\u00a0 \\u00a0 \\u00a0 font-size: 0.8em;\\n\\u00a0 \\u00a0 \\u00a0 \\u00a0 \\u00a0 \\u00a0 font-weight: bold;\\n\\u00a0 \\u00a0 \\u00a0 \\u00a0 \\u00a0 \\u00a0 margin-left: 10px;\\n\\u00a0 \\u00a0 \\u00a0 \\u00a0 }\\n\\u00a0 \\u00a0 </style>\\n</head>\\n<body>\\n\\n<div class=\\\"container\\\">\\n\\u00a0 \\u00a0 <h1>Laporan Update Aplikasi</h1>\\n\\u00a0 \\u00a0 <p>Halo semuanya! \\ud83d\\udc4b</p>\\n\\u00a0 \\u00a0 <p>Ada kabar gembira nih. Tim pengembang baru saja menyelesaikan update besar untuk aplikasi kita. Fokus utama kita kali ini adalah membuat sistem lebih stabil, enggak gampang error, dan pastinya lebih gampang dipakai buat kalian semua.</p>\\n\\u00a0 \\u00a0\\u00a0\\n\\u00a0 \\u00a0 <h2>Perbaikan dan Peningkatan Bug \\ud83d\\udee0\\ufe0f</h2>\\n\\u00a0 \\u00a0 <div class=\\\"bug-fix\\\">\\n\\u00a0 \\u00a0 \\u00a0 \\u00a0 <ul>\\n\\u00a0 \\u00a0 \\u00a0 \\u00a0 \\u00a0 \\u00a0 <li>\\n\\u00a0 \\u00a0 \\u00a0 \\u00a0 \\u00a0 \\u00a0 \\u00a0 \\u00a0 <strong>Pemilihan Server Mikrotik Lebih Cerdas:</strong> Dulu, aplikasi suka salah pilih server Mikrotik dan selalu terhubung ke server pertama yang ada di daftar, misalnya \\\"Tambun\\\", meskipun alamat pelanggannya di \\\"Waringin\\\". Sekarang, aplikasi sudah pintar! Sistem akan mencocokkan alamat pelanggan dengan nama server yang sesuai secara otomatis. Jadi, enggak akan salah Mikrotik lagi.\\n\\u00a0 \\u00a0 \\u00a0 \\u00a0 \\u00a0 \\u00a0 </li>\\n\\u00a0 \\u00a0 \\u00a0 \\u00a0 \\u00a0 \\u00a0 <li>\\n\\u00a0 \\u00a0 \\u00a0 \\u00a0 \\u00a0 \\u00a0 \\u00a0 \\u00a0 <strong>Hubungan Database Diperbaiki:</strong> Pernah ada error aneh (`AttributeError` dan `InvalidRequestError`) saat sistem mau nyambungin data pelanggan ke server Mikrotik]. Nah, bug ini sudah kami perbaiki dengan menambahkan kolom `mikrotik_server_id` dan bikin hubungan dua arah yang benar di database> Query OK, 125 rows affected (0.643 sec)]. Sekarang semua data sudah nyambung dengan rapih.\\n\\u00a0 \\u00a0 \\u00a0 \\u00a0 \\u00a0 \\u00a0 </li>\\n\\u00a0 \\u00a0 \\u00a0 \\u00a0 \\u00a0 \\u00a0 <li>\\n\\u00a0 \\u00a0 \\u00a0 \\u00a0 \\u00a0 \\u00a0 \\u00a0 \\u00a0 <strong>Pilihan Profil PPPoE Makin Lengkap:</strong> Sebelumnya, daftar profil PPPoE yang tersedia untuk pelanggan baru kadang enggak muncul semua. Sekarang, logika di aplikasi sudah ditingkatkan. Semua profil yang relevan akan ditampilkan, dan filternya pun sudah bekerja dengan baik.\\n\\u00a0 \\u00a0 \\u00a0 \\u00a0 \\u00a0 \\u00a0 </li>\\n\\u00a0 \\u00a0 \\u00a0 \\u00a0 \\u00a0 \\u00a0 <li>\\n\\u00a0 \\u00a0 \\u00a0 \\u00a0 \\u00a0 \\u00a0 \\u00a0 \\u00a0 <strong>Tampilan Dropdown Pelanggan Beres:</strong> Di formulir \\\"Tambah Langganan\\\", nama pelanggan sering muncul dobel. Kami sudah bereskan masalah ini dengan memperbaiki struktur template dropdown-nya. Sekarang, setiap pelanggan cuma muncul sekali dan rapih.\\n\\u00a0 \\u00a0 \\u00a0 \\u00a0 \\u00a0 \\u00a0 </li>\\n\\u00a0 \\u00a0 \\u00a0 \\u00a0 \\u00a0 \\u00a0 <li>\\n\\u00a0 \\u00a0 \\u00a0 \\u00a0 \\u00a0 \\u00a0 \\u00a0 \\u00a0 <strong>Optimasi Suspended/Unsuspended Pelanggan:</strong> Kami telah mengoptimalkan fitur otomatisasi untuk **menangguhkan dan mengaktifkan kembali (suspend/unsuspend)** pelanggan. Sistem sekarang memastikan bahwa status pelanggan yang sudah atau belum membayar diperbarui secara akurat tanpa kesalahan.\\n\\u00a0 \\u00a0 \\u00a0 \\u00a0 \\u00a0 \\u00a0 </li>\\n\\u00a0 \\u00a0 \\u00a0 \\u00a0 \\u00a0 \\u00a0 <li>\\n\\u00a0 \\u00a0 \\u00a0 \\u00a0 \\u00a0 \\u00a0 \\u00a0 \\u00a0 <strong>Perbaikan Dashboard Jakinet:</strong> **Bug** yang menyebabkan dashboard Jakinet tidak menampilkan status dari area \\\"Jelantik\\\" dan \\\"Jelantik Nagrak\\\" telah diperbaiki. Kini, semua data pelanggan Jakinet akan terlihat di dashboard tanpa terkecuali.\\n\\u00a0 \\u00a0 \\u00a0 \\u00a0 \\u00a0 \\u00a0 </li>\\n\\u00a0 \\u00a0 \\u00a0 \\u00a0 </ul>\\n\\u00a0 \\u00a0 </div>\\n\\n\\u00a0 \\u00a0 <h2>Peningkatan Sistem \\ud83d\\ude80</h2>\\n\\u00a0 \\u00a0 <div class=\\\"new-feature\\\">\\n\\u00a0 \\u00a0 \\u00a0 \\u00a0 <ul>\\n\\u00a0 \\u00a0 \\u00a0 \\u00a0 \\u00a0 \\u00a0 <li>\\n\\u00a0 \\u00a0 \\u00a0 \\u00a0 \\u00a0 \\u00a0 \\u00a0 \\u00a0 <strong>Fitur Activity Log Baru:</strong> Sekarang, Anda bisa melihat semua aktivitas yang dilakukan oleh pengguna di Portal Billing FTTH. Fitur ini berfungsi sebagai **Activity Log** yang merekam setiap tindakan, seperti membuat invoice, mengubah data, dan lainnya, untuk memudahkan monitoring dan audit. <span class=\\\"new-user-label\\\">NEW</span>\\n\\u00a0 \\u00a0 \\u00a0 \\u00a0 \\u00a0 \\u00a0 </li>\\n\\u00a0 \\u00a0 \\u00a0 \\u00a0 \\u00a0 \\u00a0 <li>\\n\\u00a0 \\u00a0 \\u00a0 \\u00a0 \\u00a0 \\u00a0 \\u00a0 \\u00a0 <strong>Optimalisasi Database & Laporan Pendapatan:</strong> Kami telah melakukan **pembaruan model database** dan perbaikan pada laporan pendapatan. Masalah **N+1 Query** yang tidak efisien pada tabel `Pelanggan`, `Langganan`, `Data Teknis`, dan `Invoice` sudah diatasi, membuat aplikasi berjalan jauh lebih cepat.\\n\\u00a0 \\u00a0 \\u00a0 \\u00a0 \\u00a0 \\u00a0 </li>\\n\\u00a0 \\u00a0 \\u00a0 \\u00a0 \\u00a0 \\u00a0 <li>\\n\\u00a0 \\u00a0 \\u00a0 \\u00a0 \\u00a0 \\u00a0 \\u00a0 \\u00a0 <strong>Otomatisasi & Keandalan:</strong> Script utama `main.py` kini lebih **scalable** dan stabil. Kami sudah memastikan tidak ada lagi bug yang menyebabkan **pembuatan invoice ganda secara otomatis**, sehingga proses penagihan berjalan lancar dan akurat.\\n\\u00a0 \\u00a0 \\u00a0 \\u00a0 \\u00a0 \\u00a0 </li>\\n\\u00a0 \\u00a0 \\u00a0 \\u00a0 \\u00a0 \\u00a0 <li>\\n\\u00a0 \\u00a0 \\u00a0 \\u00a0 \\u00a0 \\u00a0 \\u00a0 \\u00a0 <strong>Perubahan Integrasi Data Teknis:</strong> Server untuk data teknis sekarang ditarik langsung dari **Mikrotik** alih-alih dari OLT. Perubahan ini dilakukan untuk menyederhanakan dan mengintegrasikan proses manajemen perangkat secara lebih efektif.\\n\\u00a0 \\u00a0 \\u00a0 \\u00a0 \\u00a0 \\u00a0 </li>\\n\\u00a0 \\u00a0 \\u00a0 \\u00a0 </ul>\\n\\u00a0 \\u00a0 </div>\\n\\n\\u00a0 \\u00a0 <h2>Fitur Baru \\u2728</h2>\\n\\u00a0 \\u00a0 <div class=\\\"new-feature\\\">\\n\\u00a0 \\u00a0 \\u00a0 \\u00a0 <ul>\\n\\u00a0 \\u00a0 \\u00a0 \\u00a0 \\u00a0 \\u00a0 <li>\\n\\u00a0 \\u00a0 \\u00a0 \\u00a0 \\u00a0 \\u00a0 \\u00a0 \\u00a0 <strong>Penanda Pelanggan Baru:</strong> Sekarang, di menu \\\"Tambah Langganan\\\", setiap pelanggan yang belum punya langganan akan otomatis ditandai dengan tulisan <span class=\\\"new-user-label\\\">NEW USER</span>. Ini bikin kalian lebih cepat tahu siapa saja pelanggan yang perlu dibuatkan langganan.\\n\\u00a0 \\u00a0 \\u00a0 \\u00a0 \\u00a0 \\u00a0 </li>\\n\\u00a0 \\u00a0 \\u00a0 \\u00a0 </ul>\\n\\u00a0 \\u00a0 </div>\\n\\n\\u00a0 \\u00a0 <p>Terima kasih banyak sudah menggunakan sistem ini. Semoga update kali ini bikin kerjaan kalian makin lancar ya! \\ud83d\\ude0a</p>\\n\\u00a0 \\u00a0\\u00a0\\n\\u00a0 \\u00a0 <p><strong>Hormat kami,</strong><br><strong>Team Pengembang</strong></p>\\n</div>\\n\\n</body>\\n</html>\", \"judul\": \"Laporan Pembaruan Aplikasi\"}'),(3,1,'2025-09-09 22:40:12.709780','PATCH /api/sk/9','{\"judul\": \"Laporan Pembaruan Aplikasi\", \"konten\": \"<!DOCTYPE html>\\n<html lang=\\\"id\\\">\\n<head>\\n\\u00a0 \\u00a0 <meta charset=\\\"UTF-8\\\">\\n\\u00a0 \\u00a0 <meta name=\\\"viewport\\\" content=\\\"width=device-width, initial-scale=1.0\\\">\\n\\u00a0 \\u00a0 <title>Laporan Update Aplikasi</title>\\n\\u00a0 \\u00a0 <style>\\n\\u00a0 \\u00a0 \\u00a0 \\u00a0 body {\\n\\u00a0 \\u00a0 \\u00a0 \\u00a0 \\u00a0 \\u00a0 font-family: Arial, sans-serif;\\n\\u00a0 \\u00a0 \\u00a0 \\u00a0 \\u00a0 \\u00a0 line-height: 1.6;\\n\\u00a0 \\u00a0 \\u00a0 \\u00a0 \\u00a0 \\u00a0 color: #333;\\n\\u00a0 \\u00a0 \\u00a0 \\u00a0 \\u00a0 \\u00a0 margin: 0;\\n\\u00a0 \\u00a0 \\u00a0 \\u00a0 \\u00a0 \\u00a0 padding: 20px;\\n\\u00a0 \\u00a0 \\u00a0 \\u00a0 \\u00a0 \\u00a0 background-color: #f4f4f4;\\n\\u00a0 \\u00a0 \\u00a0 \\u00a0 }\\n\\u00a0 \\u00a0 \\u00a0 \\u00a0 .container {\\n\\u00a0 \\u00a0 \\u00a0 \\u00a0 \\u00a0 \\u00a0 max-width: 800px;\\n\\u00a0 \\u00a0 \\u00a0 \\u00a0 \\u00a0 \\u00a0 margin: auto;\\n\\u00a0 \\u00a0 \\u00a0 \\u00a0 \\u00a0 \\u00a0 background: #fff;\\n\\u00a0 \\u00a0 \\u00a0 \\u00a0 \\u00a0 \\u00a0 padding: 20px 40px;\\n\\u00a0 \\u00a0 \\u00a0 \\u00a0 \\u00a0 \\u00a0 border-radius: 8px;\\n\\u00a0 \\u00a0 \\u00a0 \\u00a0 \\u00a0 \\u00a0 box-shadow: 0 0 10px rgba(0,0,0,0.1);\\n\\u00a0 \\u00a0 \\u00a0 \\u00a0 }\\n\\u00a0 \\u00a0 \\u00a0 \\u00a0 h1, h2 {\\n\\u00a0 \\u00a0 \\u00a0 \\u00a0 \\u00a0 \\u00a0 color: #2c3e50;\\n\\u00a0 \\u00a0 \\u00a0 \\u00a0 }\\n\\u00a0 \\u00a0 \\u00a0 \\u00a0 h2 {\\n\\u00a0 \\u00a0 \\u00a0 \\u00a0 \\u00a0 \\u00a0 border-bottom: 2px solid #3498db;\\n\\u00a0 \\u00a0 \\u00a0 \\u00a0 \\u00a0 \\u00a0 padding-bottom: 5px;\\n\\u00a0 \\u00a0 \\u00a0 \\u00a0 \\u00a0 \\u00a0 margin-top: 30px;\\n\\u00a0 \\u00a0 \\u00a0 \\u00a0 }\\n\\u00a0 \\u00a0 \\u00a0 \\u00a0 .new-feature, .bug-fix {\\n\\u00a0 \\u00a0 \\u00a0 \\u00a0 \\u00a0 \\u00a0 margin-bottom: 20px;\\n\\u00a0 \\u00a0 \\u00a0 \\u00a0 }\\n\\u00a0 \\u00a0 \\u00a0 \\u00a0 ul {\\n\\u00a0 \\u00a0 \\u00a0 \\u00a0 \\u00a0 \\u00a0 list-style-type: disc;\\n\\u00a0 \\u00a0 \\u00a0 \\u00a0 \\u00a0 \\u00a0 padding-left: 20px;\\n\\u00a0 \\u00a0 \\u00a0 \\u00a0 }\\n\\u00a0 \\u00a0 \\u00a0 \\u00a0 li {\\n\\u00a0 \\u00a0 \\u00a0 \\u00a0 \\u00a0 \\u00a0 margin-bottom: 10px;\\n\\u00a0 \\u00a0 \\u00a0 \\u00a0 }\\n\\u00a0 \\u00a0 \\u00a0 \\u00a0 .new-user-label {\\n\\u00a0 \\u00a0 \\u00a0 \\u00a0 \\u00a0 \\u00a0 display: inline-block;\\n\\u00a0 \\u00a0 \\u00a0 \\u00a0 \\u00a0 \\u00a0 background-color: #27ae60;\\n\\u00a0 \\u00a0 \\u00a0 \\u00a0 \\u00a0 \\u00a0 color: white;\\n\\u00a0 \\u00a0 \\u00a0 \\u00a0 \\u00a0 \\u00a0 padding: 2px 8px;\\n\\u00a0 \\u00a0 \\u00a0 \\u00a0 \\u00a0 \\u00a0 border-radius: 4px;\\n\\u00a0 \\u00a0 \\u00a0 \\u00a0 \\u00a0 \\u00a0 font-size: 0.8em;\\n\\u00a0 \\u00a0 \\u00a0 \\u00a0 \\u00a0 \\u00a0 font-weight: bold;\\n\\u00a0 \\u00a0 \\u00a0 \\u00a0 \\u00a0 \\u00a0 margin-left: 10px;\\n\\u00a0 \\u00a0 \\u00a0 \\u00a0 }\\n\\u00a0 \\u00a0 </style>\\n</head>\\n<body>\\n\\n<div class=\\\"container\\\">\\n\\u00a0 \\u00a0 <h1>Laporan Update Aplikasi</h1>\\n\\u00a0 \\u00a0 <p>Halo semuanya! \\ud83d\\udc4b</p>\\n\\u00a0 \\u00a0 <p>Ada kabar gembira nih. Tim pengembang baru saja menyelesaikan update besar untuk aplikasi kita. Fokus utama kita kali ini adalah membuat sistem lebih stabil, enggak gampang error, dan pastinya lebih gampang dipakai buat kalian semua.</p>\\n\\u00a0 \\u00a0\\u00a0\\n\\u00a0 \\u00a0 <h2>Perbaikan dan Peningkatan Bug \\ud83d\\udee0\\ufe0f</h2>\\n\\u00a0 \\u00a0 <div class=\\\"bug-fix\\\">\\n\\u00a0 \\u00a0 \\u00a0 \\u00a0 <ul>\\n\\u00a0 \\u00a0 \\u00a0 \\u00a0 \\u00a0 \\u00a0 <li>\\n\\u00a0 \\u00a0 \\u00a0 \\u00a0 \\u00a0 \\u00a0 \\u00a0 \\u00a0 <strong>Pemilihan Server Mikrotik Lebih Cerdas:</strong> Dulu, aplikasi suka salah pilih server Mikrotik dan selalu terhubung ke server pertama yang ada di daftar, misalnya \\\"Tambun\\\", meskipun alamat pelanggannya di \\\"Waringin\\\". Sekarang, aplikasi sudah pintar! Sistem akan mencocokkan alamat pelanggan dengan nama server yang sesuai secara otomatis. Jadi, enggak akan salah Mikrotik lagi.\\n\\u00a0 \\u00a0 \\u00a0 \\u00a0 \\u00a0 \\u00a0 </li>\\n\\u00a0 \\u00a0 \\u00a0 \\u00a0 \\u00a0 \\u00a0 <li>\\n\\u00a0 \\u00a0 \\u00a0 \\u00a0 \\u00a0 \\u00a0 \\u00a0 \\u00a0 <strong>Hubungan Database Diperbaiki:</strong> Pernah ada error aneh (`AttributeError` dan `InvalidRequestError`) saat sistem mau nyambungin data pelanggan ke server Mikrotik]. Nah, bug ini sudah kami perbaiki dengan menambahkan kolom `mikrotik_server_id` dan bikin hubungan dua arah yang benar di database> Query OK, 125 rows affected (0.643 sec)]. Sekarang semua data sudah nyambung dengan rapih.\\n\\u00a0 \\u00a0 \\u00a0 \\u00a0 \\u00a0 \\u00a0 </li>\\n\\u00a0 \\u00a0 \\u00a0 \\u00a0 \\u00a0 \\u00a0 <li>\\n\\u00a0 \\u00a0 \\u00a0 \\u00a0 \\u00a0 \\u00a0 \\u00a0 \\u00a0 <strong>Pilihan Profil PPPoE Makin Lengkap:</strong> Sebelumnya, daftar profil PPPoE yang tersedia untuk pelanggan baru kadang enggak muncul semua. Sekarang, logika di aplikasi sudah ditingkatkan. Semua profil yang relevan akan ditampilkan, dan filternya pun sudah bekerja dengan baik.\\n\\u00a0 \\u00a0 \\u00a0 \\u00a0 \\u00a0 \\u00a0 </li>\\n\\u00a0 \\u00a0 \\u00a0 \\u00a0 \\u00a0 \\u00a0 <li>\\n\\u00a0 \\u00a0 \\u00a0 \\u00a0 \\u00a0 \\u00a0 \\u00a0 \\u00a0 <strong>Tampilan Dropdown Pelanggan Beres:</strong> Di formulir \\\"Tambah Langganan\\\", nama pelanggan sering muncul dobel. Kami sudah bereskan masalah ini dengan memperbaiki struktur template dropdown-nya. Sekarang, setiap pelanggan cuma muncul sekali dan rapih.\\n\\u00a0 \\u00a0 \\u00a0 \\u00a0 \\u00a0 \\u00a0 </li>\\n\\u00a0 \\u00a0 \\u00a0 \\u00a0 \\u00a0 \\u00a0 <li>\\n\\u00a0 \\u00a0 \\u00a0 \\u00a0 \\u00a0 \\u00a0 \\u00a0 \\u00a0 <strong>Optimasi Suspended/Unsuspended Pelanggan:</strong> Kami telah mengoptimalkan fitur otomatisasi untuk **menangguhkan dan mengaktifkan kembali (suspend/unsuspend)** pelanggan. Sistem sekarang memastikan bahwa status pelanggan yang sudah atau belum membayar diperbarui secara akurat tanpa kesalahan.\\n\\u00a0 \\u00a0 \\u00a0 \\u00a0 \\u00a0 \\u00a0 </li>\\n\\u00a0 \\u00a0 \\u00a0 \\u00a0 \\u00a0 \\u00a0 <li>\\n\\u00a0 \\u00a0 \\u00a0 \\u00a0 \\u00a0 \\u00a0 \\u00a0 \\u00a0 <strong>Perbaikan Dashboard Jakinet:</strong> **Bug** yang menyebabkan dashboard Jakinet tidak menampilkan status dari area \\\"Jelantik\\\" dan \\\"Jelantik Nagrak\\\" telah diperbaiki. Kini, semua data pelanggan Jakinet akan terlihat di dashboard tanpa terkecuali.\\n\\u00a0 \\u00a0 \\u00a0 \\u00a0 \\u00a0 \\u00a0 </li>\\n\\u00a0 \\u00a0 \\u00a0 \\u00a0 </ul>\\n\\u00a0 \\u00a0 </div>\\n\\n\\u00a0 \\u00a0 <h2>Peningkatan Sistem \\ud83d\\ude80</h2>\\n\\u00a0 \\u00a0 <div class=\\\"new-feature\\\">\\n\\u00a0 \\u00a0 \\u00a0 \\u00a0 <ul>\\n\\u00a0 \\u00a0 \\u00a0 \\u00a0 \\u00a0 \\u00a0 <li>\\n\\u00a0 \\u00a0 \\u00a0 \\u00a0 \\u00a0 \\u00a0 \\u00a0 \\u00a0 <strong>Fitur Activity Log Baru:</strong> Sekarang, Anda bisa melihat semua aktivitas yang dilakukan oleh pengguna di Portal Billing FTTH. Fitur ini berfungsi sebagai **Activity Log** yang merekam setiap tindakan, seperti membuat invoice, mengubah data, dan lainnya, untuk memudahkan monitoring dan audit. <span class=\\\"new-user-label\\\">NEW</span>\\n\\u00a0 \\u00a0 \\u00a0 \\u00a0 \\u00a0 \\u00a0 </li>\\n\\u00a0 \\u00a0 \\u00a0 \\u00a0 \\u00a0 \\u00a0 <li>\\n\\u00a0 \\u00a0 \\u00a0 \\u00a0 \\u00a0 \\u00a0 \\u00a0 \\u00a0 <strong>Optimalisasi Database & Laporan Pendapatan:</strong> Kami telah melakukan **pembaruan model database** dan perbaikan pada laporan pendapatan. Masalah **N+1 Query** yang tidak efisien pada tabel `Pelanggan`, `Langganan`, `Data Teknis`, dan `Invoice` sudah diatasi, membuat aplikasi berjalan jauh lebih cepat.\\n\\u00a0 \\u00a0 \\u00a0 \\u00a0 \\u00a0 \\u00a0 </li>\\n\\u00a0 \\u00a0 \\u00a0 \\u00a0 \\u00a0 \\u00a0 <li>\\n\\u00a0 \\u00a0 \\u00a0 \\u00a0 \\u00a0 \\u00a0 \\u00a0 \\u00a0 <strong>Otomatisasi & Keandalan:</strong> Script utama `main.py` kini lebih **scalable** dan stabil. Kami sudah memastikan tidak ada lagi bug yang menyebabkan **pembuatan invoice ganda secara otomatis**, sehingga proses penagihan berjalan lancar dan akurat.\\n\\u00a0 \\u00a0 \\u00a0 \\u00a0 \\u00a0 \\u00a0 </li>\\n\\u00a0 \\u00a0 \\u00a0 \\u00a0 \\u00a0 \\u00a0 <li>\\n\\u00a0 \\u00a0 \\u00a0 \\u00a0 \\u00a0 \\u00a0 \\u00a0 \\u00a0 <strong>Perubahan Integrasi Data Teknis:</strong> Server untuk data teknis sekarang ditarik langsung dari **Mikrotik** alih-alih dari OLT. Perubahan ini dilakukan untuk menyederhanakan dan mengintegrasikan proses manajemen perangkat secara lebih efektif.\\n\\u00a0 \\u00a0 \\u00a0 \\u00a0 \\u00a0 \\u00a0 </li>\\n\\u00a0 \\u00a0 \\u00a0 \\u00a0 </ul>\\n\\u00a0 \\u00a0 </div>\\n\\n\\u00a0 \\u00a0 <h2>Fitur Baru \\u2728</h2>\\n\\u00a0 \\u00a0 <div class=\\\"new-feature\\\">\\n\\u00a0 \\u00a0 \\u00a0 \\u00a0 <ul>\\n\\u00a0 \\u00a0 \\u00a0 \\u00a0 \\u00a0 \\u00a0 <li>\\n\\u00a0 \\u00a0 \\u00a0 \\u00a0 \\u00a0 \\u00a0 \\u00a0 \\u00a0 <strong>Penanda Pelanggan Baru:</strong> Sekarang, di menu \\\"Tambah Langganan\\\", setiap pelanggan yang belum punya langganan akan otomatis ditandai dengan tulisan <span class=\\\"new-user-label\\\">NEW USER</span>. Ini bikin kalian lebih cepat tahu siapa saja pelanggan yang perlu dibuatkan langganan.\\n\\u00a0 \\u00a0 \\u00a0 \\u00a0 \\u00a0 \\u00a0 </li>\\n\\u00a0 \\u00a0 \\u00a0 \\u00a0 </ul>\\n\\u00a0 \\u00a0 </div>\\n\\n\\u00a0 \\u00a0 <p>Terima kasih banyak sudah menggunakan sistem ini. Semoga update kali ini bikin kerjaan kalian makin lancar ya! \\ud83d\\ude0a</p>\\n\\u00a0 \\u00a0\\u00a0\\n\\u00a0 \\u00a0 <p><strong>Hormat kami,</strong><br><strong>Team Pengembang</strong></p>\\n</div>\\n\\n</body>\\n</html>\", \"tipe\": \"Pembaruan\", \"versi\": \"2.5.2\", \"id\": 9, \"created_at\": \"2025-09-09T22:37:58\"}'),(4,1,'2025-09-09 23:34:38.864652','POST /api/data_teknis/check-ip','{\"ip_address\": \"10.10\", \"current_id\": 104}'),(5,1,'2025-09-09 23:34:39.683248','POST /api/data_teknis/check-ip','{\"ip_address\": \"10.10.\", \"current_id\": 104}'),(6,1,'2025-09-09 23:34:41.706863','POST /api/data_teknis/check-ip','{\"ip_address\": \"10.10.20.20\", \"current_id\": 104}'),(7,1,'2025-09-09 23:34:47.915460','PATCH /api/data_teknis/104','{\"pelanggan_id\": 104, \"mikrotik_server_id\": 1, \"odp_id\": null, \"otb\": 0, \"odc\": 0, \"port_odp\": null, \"id_vlan\": \"11\", \"id_pelanggan\": \"OKK-WW\", \"password_pppoe\": \"support123.!!\", \"ip_pelanggan\": \"10.10.20.20\", \"olt\": \"Tambun\", \"olt_custom\": \"\", \"pon\": 0, \"onu_power\": -20, \"sn\": \"SD32323\", \"speedtest_proof\": null, \"id\": 104}'),(8,7,'2025-09-10 09:35:29.211506','POST /api/calculator/prorate','{\"id_brand\": \"ajn-01\", \"paket_layanan_id\": 1, \"tgl_mulai\": \"2025-09-10\"}'),(9,1,'2025-09-10 10:09:50.105959','POST /api/pelanggan/import','[Data non-JSON, Content-Type: multipart/form-data; boundary=----WebKitFormBoundaryUd3bKuvGX7vNR6zI]'),(10,1,'2025-09-10 10:11:25.441458','POST /api/mikrotik_servers/','{\"id\": null, \"name\": \"Parama\", \"host_ip\": \"18.18.18.4\", \"port\": 9729, \"username\": \"userapi\", \"password\": \"masukapi123!\", \"is_active\": true}'),(11,1,'2025-09-10 10:11:49.031159','PATCH /api/mikrotik_servers/6','{\"name\": \"Parama\", \"host_ip\": \"18.18.18.4\", \"username\": \"userapi\", \"port\": 9729, \"is_active\": true, \"id\": 6, \"ros_version\": null, \"last_connection_status\": null, \"last_connected_at\": null, \"password\": \"masukapi123!\"}'),(12,1,'2025-09-10 10:12:17.592718','PATCH /api/mikrotik_servers/6','{\"name\": \"Parama\", \"host_ip\": \"18.18.18.4\", \"username\": \"userapi\", \"port\": 9729, \"is_active\": true, \"id\": 6, \"ros_version\": null, \"last_connection_status\": null, \"last_connected_at\": null, \"password\": \"masukapi123!\"}'),(13,1,'2025-09-10 10:13:38.502998','PATCH /api/mikrotik_servers/6','{\"name\": \"Parama\", \"host_ip\": \"18.18.18.4\", \"username\": \"userapi\", \"port\": 9729, \"is_active\": true, \"id\": 6, \"ros_version\": null, \"last_connection_status\": null, \"last_connected_at\": null, \"password\": \"masukapi123.!!\"}'),(14,1,'2025-09-10 10:13:39.990787','POST /api/mikrotik_servers/6/test_connection',NULL),(15,1,'2025-09-10 10:13:57.490871','POST /api/data_teknis/import/csv','[Data non-JSON, Content-Type: multipart/form-data; boundary=----WebKitFormBoundarypzpRtDhdznczEoCE]'),(16,1,'2025-09-10 10:14:38.457926','POST /api/langganan/import/csv','[Data non-JSON, Content-Type: multipart/form-data; boundary=----WebKitFormBoundaryoA2ioWUzTwVlIkeR]'),(17,1,'2025-09-10 10:20:26.929542','POST /api/langganan/calculate-price','{\"paket_layanan_id\": 5, \"metode_pembayaran\": \"Otomatis\", \"pelanggan_id\": 154}'),(18,1,'2025-09-10 10:20:48.258148','POST /api/permissions/generate',NULL),(19,6,'2025-09-10 16:11:28.714092','POST /api/calculator/prorate','{\"id_brand\": \"ajn-02\", \"paket_layanan_id\": 5, \"tgl_mulai\": \"2025-09-10\"}'),(20,6,'2025-09-10 16:11:32.297000','POST /api/calculator/prorate','{\"id_brand\": \"ajn-02\", \"paket_layanan_id\": 5, \"tgl_mulai\": \"2025-09-11\"}'),(21,3,'2025-09-10 17:24:29.719321','POST /api/langganan/calculate-price','{\"paket_layanan_id\": 5, \"metode_pembayaran\": \"Prorate\", \"pelanggan_id\": 127, \"tgl_mulai\": \"2025-09-10\"}'),(22,3,'2025-09-10 17:24:33.467301','POST /api/langganan/calculate-price','{\"paket_layanan_id\": 5, \"metode_pembayaran\": \"Prorate\", \"pelanggan_id\": 127, \"tgl_mulai\": \"2025-09-11\"}'),(23,3,'2025-09-10 17:27:30.557131','POST /api/langganan/calculate-price','{\"paket_layanan_id\": 6, \"metode_pembayaran\": \"Otomatis\", \"pelanggan_id\": 104}'),(24,3,'2025-09-10 17:27:36.255165','POST /api/langganan/calculate-price','{\"paket_layanan_id\": 6, \"metode_pembayaran\": \"Prorate\", \"pelanggan_id\": 104, \"tgl_mulai\": \"2025-09-11\"}'),(25,3,'2025-09-10 17:27:40.898540','PATCH /api/langganan/104','{\"paket_layanan_id\": 6, \"status\": \"Suspended\", \"metode_pembayaran\": \"Prorate\", \"tgl_jatuh_tempo\": \"2025-09-30\", \"harga_awal\": 154660}'),(26,3,'2025-09-10 17:27:51.689636','POST /api/invoices/generate','{\"langganan_id\": 104}'),(27,3,'2025-09-10 17:28:42.467208','POST /api/langganan/calculate-price','{\"paket_layanan_id\": 6, \"metode_pembayaran\": \"Prorate\", \"pelanggan_id\": 104, \"tgl_mulai\": \"2025-09-11\"}'),(28,3,'2025-09-10 17:28:53.822292','PATCH /api/langganan/104','{\"paket_layanan_id\": 6, \"status\": \"Suspended\", \"metode_pembayaran\": \"Prorate\", \"tgl_jatuh_tempo\": \"2025-09-11\", \"harga_awal\": 154660}'),(29,3,'2025-09-10 17:29:09.626756','POST /api/invoices/generate','{\"langganan_id\": 104}'),(30,3,'2025-09-10 17:31:17.994603','POST /api/langganan/calculate-price','{\"paket_layanan_id\": 5, \"metode_pembayaran\": \"Prorate\", \"pelanggan_id\": 127, \"tgl_mulai\": \"2025-09-10\"}'),(31,3,'2025-09-10 17:31:21.895012','POST /api/langganan/calculate-price','{\"paket_layanan_id\": 5, \"metode_pembayaran\": \"Prorate\", \"pelanggan_id\": 127, \"tgl_mulai\": \"2025-09-11\"}'),(32,3,'2025-09-10 17:31:26.469635','PATCH /api/langganan/125','{\"paket_layanan_id\": 5, \"status\": \"Aktif\", \"metode_pembayaran\": \"Prorate\", \"tgl_jatuh_tempo\": \"2025-09-30\", \"harga_awal\": 111000}'),(33,3,'2025-09-10 17:31:31.392718','POST /api/langganan/calculate-price','{\"paket_layanan_id\": 5, \"metode_pembayaran\": \"Prorate\", \"pelanggan_id\": 127, \"tgl_mulai\": \"2025-09-10\"}'),(34,3,'2025-09-10 17:31:36.092159','POST /api/langganan/calculate-price','{\"paket_layanan_id\": 5, \"metode_pembayaran\": \"Prorate\", \"pelanggan_id\": 127, \"tgl_mulai\": \"2025-09-11\"}'),(35,3,'2025-09-10 17:31:38.924676','PATCH /api/langganan/125','{\"paket_layanan_id\": 5, \"status\": \"Aktif\", \"metode_pembayaran\": \"Prorate\", \"tgl_jatuh_tempo\": \"2025-09-30\", \"harga_awal\": 111000}'),(36,3,'2025-09-10 17:31:49.946536','POST /api/langganan/calculate-price','{\"paket_layanan_id\": 5, \"metode_pembayaran\": \"Prorate\", \"pelanggan_id\": 127, \"tgl_mulai\": \"2025-09-10\"}'),(37,3,'2025-09-10 17:31:53.136868','POST /api/langganan/calculate-price','{\"paket_layanan_id\": 5, \"metode_pembayaran\": \"Prorate\", \"pelanggan_id\": 127, \"tgl_mulai\": \"2025-09-11\"}'),(38,3,'2025-09-10 17:33:11.478089','PATCH /api/langganan/125','{\"paket_layanan_id\": 5, \"status\": \"Aktif\", \"metode_pembayaran\": \"Prorate\", \"tgl_jatuh_tempo\": \"2025-09-30\", \"harga_awal\": 111000}'),(39,3,'2025-09-10 17:33:26.655337','POST /api/invoices/generate','{\"langganan_id\": 125}'),(40,1,'2025-09-11 12:35:53.882849','DELETE /api/invoices/127',NULL),(41,1,'2025-09-11 12:41:33.146434','DELETE /api/invoices/128',NULL),(42,1,'2025-09-11 12:42:37.671271','POST /api/invoices/generate','{\"langganan_id\": 104}'),(43,1,'2025-09-11 12:43:49.326957','DELETE /api/invoices/131',NULL),(44,1,'2025-09-11 12:44:07.198899','POST /api/langganan/calculate-price','{\"paket_layanan_id\": 6, \"metode_pembayaran\": \"Prorate\", \"pelanggan_id\": 104, \"tgl_mulai\": \"2025-09-11\"}'),(45,1,'2025-09-11 12:44:09.793514','POST /api/langganan/calculate-price','{\"paket_layanan_id\": 6, \"metode_pembayaran\": \"Otomatis\", \"pelanggan_id\": 104}'),(46,1,'2025-09-11 12:44:18.443181','PATCH /api/langganan/104','{\"paket_layanan_id\": 6, \"status\": \"Suspended\", \"metode_pembayaran\": \"Otomatis\", \"tgl_jatuh_tempo\": \"2025-10-01\", \"harga_awal\": 231990}'),(47,1,'2025-09-11 13:01:00.951060','POST /api/invoices/generate','{\"langganan_id\": 104}'),(48,6,'2025-09-11 14:15:44.885607','POST /api/calculator/prorate','{\"id_brand\": \"ajn-01\", \"paket_layanan_id\": 1, \"tgl_mulai\": \"2025-09-11\"}'),(49,3,'2025-09-11 20:49:36.969352','POST /api/langganan/calculate-price','{\"paket_layanan_id\": 5, \"metode_pembayaran\": \"Otomatis\", \"pelanggan_id\": 34}'),(50,3,'2025-09-11 20:49:48.777204','POST /api/langganan/calculate-price','{\"paket_layanan_id\": 5, \"metode_pembayaran\": \"Prorate\", \"pelanggan_id\": 34, \"tgl_mulai\": \"2025-09-11\"}'),(51,3,'2025-09-11 20:49:54.332042','PATCH /api/langganan/34','{\"paket_layanan_id\": 5, \"status\": \"Suspended\", \"metode_pembayaran\": \"Prorate\", \"tgl_jatuh_tempo\": \"2025-09-30\", \"harga_awal\": 111000}'),(52,3,'2025-09-11 20:50:16.554395','POST /api/invoices/generate','{\"langganan_id\": 34}'),(53,3,'2025-09-12 08:15:38.658988','POST /api/langganan/calculate-price','{\"paket_layanan_id\": 5, \"metode_pembayaran\": \"Prorate\", \"pelanggan_id\": 127, \"tgl_mulai\": \"2025-09-10\"}'),(54,3,'2025-09-12 08:15:44.406173','POST /api/langganan/calculate-price','{\"paket_layanan_id\": 5, \"metode_pembayaran\": \"Prorate\", \"pelanggan_id\": 127, \"tgl_mulai\": \"2025-09-12\"}'),(55,3,'2025-09-12 08:15:48.539203','PATCH /api/langganan/125','{\"paket_layanan_id\": 5, \"status\": \"Aktif\", \"metode_pembayaran\": \"Prorate\", \"tgl_jatuh_tempo\": \"2025-09-30\", \"harga_awal\": 105450}'),(56,3,'2025-09-12 08:16:41.966293','POST /api/langganan/calculate-price','{\"paket_layanan_id\": 5, \"metode_pembayaran\": \"Prorate\", \"pelanggan_id\": 127, \"tgl_mulai\": \"2025-09-10\"}'),(57,3,'2025-09-12 08:16:47.230659','POST /api/langganan/calculate-price','{\"paket_layanan_id\": 5, \"metode_pembayaran\": \"Prorate\", \"pelanggan_id\": 127, \"tgl_mulai\": \"2025-09-12\"}'),(58,3,'2025-09-12 08:16:48.536012','PATCH /api/langganan/125','{\"paket_layanan_id\": 5, \"status\": \"Aktif\", \"metode_pembayaran\": \"Prorate\", \"tgl_jatuh_tempo\": \"2025-09-30\", \"harga_awal\": 105450}'),(59,3,'2025-09-12 08:16:55.281725','POST /api/langganan/calculate-price','{\"paket_layanan_id\": 5, \"metode_pembayaran\": \"Prorate\", \"pelanggan_id\": 127, \"tgl_mulai\": \"2025-09-10\"}'),(60,3,'2025-09-12 08:16:58.788750','POST /api/langganan/calculate-price','{\"paket_layanan_id\": 5, \"metode_pembayaran\": \"Prorate\", \"pelanggan_id\": 127, \"tgl_mulai\": \"2025-09-12\"}'),(61,3,'2025-09-12 08:16:59.680670','PATCH /api/langganan/125','{\"paket_layanan_id\": 5, \"status\": \"Aktif\", \"metode_pembayaran\": \"Prorate\", \"tgl_jatuh_tempo\": \"2025-09-30\", \"harga_awal\": 105450}'),(62,3,'2025-09-12 08:17:23.440277','DELETE /api/invoices/125',NULL),(63,3,'2025-09-12 08:17:27.273625','DELETE /api/invoices/129',NULL),(64,3,'2025-09-12 08:17:46.005911','POST /api/invoices/generate','{\"langganan_id\": 125}'),(65,3,'2025-09-12 11:07:01.386208','POST /api/calculator/prorate','{\"id_brand\": \"ajn-03\", \"paket_layanan_id\": 9, \"tgl_mulai\": \"2025-09-12\"}'),(66,1,'2025-09-12 13:58:22.710603','POST /api/olt/','{\"tipe_olt\": \"HSGQ\", \"username\": \"root\", \"password\": \"NOC@aj8118\", \"nama_olt\": \"PARAMA\", \"ip_address\": \"192.168.100.100\", \"mikrotik_server_id\": 6}'),(67,1,'2025-09-12 14:19:27.223668','PATCH /api/olt/3','{\"nama_olt\": \"PARAMA\", \"ip_address\": \"192.168.100.10\", \"tipe_olt\": \"HSGQ\", \"username\": \"root\", \"mikrotik_server_id\": 6, \"id\": 3, \"password\": \"NOC@aj8118\"}'),(68,1,'2025-09-12 14:20:36.050271','PATCH /api/olt/3','{\"nama_olt\": \"PARAMA\", \"ip_address\": \"192.168.100.100\", \"tipe_olt\": \"HSGQ\", \"username\": \"root\", \"mikrotik_server_id\": 6, \"id\": 3, \"password\": \"NOC@aj8118\"}'),(69,1,'2025-09-12 14:20:45.373546','DELETE /api/olt/3',NULL),(70,1,'2025-09-12 14:21:03.467819','POST /api/olt/','{\"tipe_olt\": \"HSGQ\", \"username\": \"root\", \"password\": \"NOC@aj8118\", \"nama_olt\": \"PARAMA\", \"ip_address\": \"192.168.100.6\", \"mikrotik_server_id\": 6}'),(71,1,'2025-09-12 14:21:23.170558','PATCH /api/olt/4','{\"nama_olt\": \"PARAMA\", \"ip_address\": \"192.168.100.10\", \"tipe_olt\": \"HSGQ\", \"username\": \"root\", \"mikrotik_server_id\": 6, \"id\": 4}'),(72,1,'2025-09-12 14:24:52.743328','PATCH /api/olt/4','{\"nama_olt\": \"PARAMA\", \"ip_address\": \"192.168.100.100\", \"tipe_olt\": \"HSGQ\", \"username\": \"root\", \"mikrotik_server_id\": 6, \"id\": 4}'),(73,1,'2025-09-12 14:29:47.697740','PATCH /api/olt/4','{\"nama_olt\": \"PARAMA\", \"ip_address\": \"192.168.100.10\", \"tipe_olt\": \"HSGQ\", \"username\": \"root\", \"mikrotik_server_id\": 6, \"id\": 4}'),(74,1,'2025-09-12 14:34:05.769306','POST /api/odp/','{\"kapasitas_port\": 16, \"kode_odp\": \"ODP-PRM-2025-001\", \"alamat\": \"Jl. Parama Pelamunan, Kecamaan Kramatwatu, Kabupaten Serang Banten\", \"latitude\": -60796, \"longitude\": 1061200, \"olt_id\": 4}'),(75,1,'2025-09-12 14:38:22.121651','PATCH /api/odp/1','{\"kode_odp\": \"ODP-PRM-2025-001\", \"alamat\": \"Jl. Parama Pelamunan, Kecamaan Kramatwatu, Kabupaten Serang Banten\", \"kapasitas_port\": 16, \"olt_id\": 4, \"latitude\": -6.0796, \"longitude\": 106.12, \"parent_odp_id\": null, \"id\": 1, \"port_terpakai\": 1, \"olt\": {\"id\": 4, \"nama_olt\": \"PARAMA\"}, \"parent_odp\": null}'),(76,1,'2025-09-12 14:44:19.189304','POST /api/odp/','{\"kapasitas_port\": 16, \"alamat\": \"Jl. Parama Pelamunan, Kecamaan Kramatwatu, Kabupaten Serang Banten\", \"kode_odp\": \"ODP-PRM-2025-002\", \"latitude\": -6.0794, \"longitude\": 106.1203, \"olt_id\": 4}'),(77,3,'2025-09-12 15:02:46.120181','POST /api/calculator/prorate','{\"id_brand\": \"ajn-01\", \"paket_layanan_id\": 2, \"tgl_mulai\": \"2025-09-12\"}'),(78,1,'2025-09-12 17:53:18.664433','POST /api/users/','{\"id\": null, \"name\": \"Irsyad\", \"email\": \"irsyad@ajnusa.com\", \"password\": \"satlink2020\", \"role_id\": 2}'),(79,1,'2025-09-12 17:55:52.654302','POST /api/pelanggan/','{\"nama\": \"COBA-COBA\", \"no_ktp\": \"3212334234234343\", \"email\": \"coba@coba.com\", \"no_telp\": \"33322232312453\", \"layanan\": \"Internet 10 Mbps\", \"alamat\": \"Tambun\", \"blok\": \"A\", \"unit\": \"333\", \"tgl_instalasi\": \"2025-09-12\", \"alamat_2\": \"\", \"id_brand\": \"ajn-02\"}'),(80,9,'2025-09-12 17:56:34.382684','POST /api/data_teknis/check-ip','{\"ip_address\": \"200.200.111.11\", \"current_id\": null}'),(81,9,'2025-09-12 17:56:41.297740','POST /api/data_teknis/','{\"pon\": 0, \"otb\": 0, \"odc\": 0, \"odp\": 0, \"onu_power\": 0, \"profile_pppoe\": \"10Mbps-d\", \"id_pelanggan\": \"coba@20\", \"password_pppoe\": \"password\", \"pelanggan_id\": 174, \"mikrotik_server_id\": 1, \"olt\": \"Tambun\", \"ip_pelanggan\": \"200.200.111.11\", \"id_vlan\": \"101\"}'),(82,9,'2025-09-12 18:04:29.774749','DELETE /api/data_teknis/173',NULL),(83,1,'2025-09-12 18:06:19.690236','POST /api/data_teknis/check-ip','{\"ip_address\": \"10.22.11.33\", \"current_id\": null}'),(84,1,'2025-09-12 18:06:34.748835','POST /api/data_teknis/','{\"pon\": 0, \"otb\": 0, \"odc\": 0, \"odp\": 0, \"onu_power\": 0, \"profile_pppoe\": \"10Mbps-c\", \"pelanggan_id\": 174, \"mikrotik_server_id\": 1, \"olt\": \"Tambun\", \"id_pelanggan\": \"COBA20\", \"password_pppoe\": \"coba2020\", \"ip_pelanggan\": \"10.22.11.33\", \"id_vlan\": \"2020\"}'),(85,1,'2025-09-12 18:06:47.584321','DELETE /api/data_teknis/174',NULL),(86,1,'2025-09-12 18:14:26.462978','POST /api/data_teknis/check-ip','{\"ip_address\": \"202.11.11.1\", \"current_id\": null}'),(87,1,'2025-09-12 18:14:35.304036','POST /api/data_teknis/','{\"pon\": 0, \"otb\": 0, \"odc\": 0, \"odp\": 0, \"onu_power\": 0, \"profile_pppoe\": \"10Mbps-c\", \"pelanggan_id\": 174, \"mikrotik_server_id\": 1, \"olt\": \"Tambun\", \"id_pelanggan\": \"COBA2023\", \"password_pppoe\": \"coba\", \"ip_pelanggan\": \"202.11.11.1\", \"id_vlan\": \"200\"}'),(88,1,'2025-09-12 18:20:37.343772','DELETE /api/pelanggan/174',NULL),(89,1,'2025-09-12 21:29:17.649775','POST /api/calculator/prorate','{\"id_brand\": \"ajn-02\", \"paket_layanan_id\": 6, \"tgl_mulai\": \"2025-09-12\"}'),(90,1,'2025-09-12 21:29:52.627688','POST /api/mikrotik_servers/1/test_connection',NULL),(91,1,'2025-09-12 21:29:54.386851','POST /api/mikrotik_servers/2/test_connection',NULL),(92,1,'2025-09-12 21:29:56.105360','POST /api/mikrotik_servers/3/test_connection',NULL),(93,1,'2025-09-12 21:29:57.784601','POST /api/mikrotik_servers/4/test_connection',NULL),(94,1,'2025-09-12 21:29:58.973953','POST /api/mikrotik_servers/5/test_connection',NULL),(95,1,'2025-09-12 21:30:00.543522','POST /api/mikrotik_servers/6/test_connection',NULL),(96,6,'2025-09-13 09:09:52.872703','POST /api/calculator/prorate','{\"id_brand\": \"ajn-02\", \"paket_layanan_id\": 6, \"tgl_mulai\": \"2025-09-13\"}'),(97,1,'2025-09-13 10:10:58.360847','POST /api/data_teknis/check-ip','{\"ip_address\": \"192.168.\", \"current_id\": null}'),(98,1,'2025-09-13 10:11:00.593787','POST /api/data_teknis/check-ip','{\"ip_address\": \"192.168.50\", \"current_id\": null}'),(99,1,'2025-09-13 10:11:01.886221','POST /api/data_teknis/check-ip','{\"ip_address\": \"192.168.40\", \"current_id\": null}'),(100,1,'2025-09-13 10:11:02.632392','POST /api/data_teknis/check-ip','{\"ip_address\": \"192.168.40.\", \"current_id\": null}'),(101,1,'2025-09-13 10:11:03.846930','POST /api/data_teknis/check-ip','{\"ip_address\": \"192.168.40.10\", \"current_id\": null}'),(102,1,'2025-09-13 10:11:04.694347','POST /api/data_teknis/check-ip','{\"ip_address\": \"192.168.40.106\", \"current_id\": null}'),(103,1,'2025-09-13 10:11:08.470880','POST /api/data_teknis/check-ip','{\"ip_address\": \"192.168.40.107\", \"current_id\": null}'),(104,1,'2025-09-13 10:11:11.097001','POST /api/data_teknis/check-ip','{\"ip_address\": \"192.168.40.108\", \"current_id\": null}'),(105,1,'2025-09-13 10:11:13.351880','POST /api/data_teknis/check-ip','{\"ip_address\": \"192.168.40.109\", \"current_id\": null}'),(106,1,'2025-09-13 10:11:15.134731','POST /api/data_teknis/check-ip','{\"ip_address\": \"192.168.40.10\", \"current_id\": null}'),(107,1,'2025-09-13 10:11:19.492445','POST /api/data_teknis/check-ip','{\"ip_address\": \"192.168.40.100\", \"current_id\": null}'),(108,1,'2025-09-13 10:11:20.512991','POST /api/data_teknis/check-ip','{\"ip_address\": \"192.168.40.10\", \"current_id\": null}'),(109,1,'2025-09-13 10:11:23.058752','POST /api/data_teknis/check-ip','{\"ip_address\": \"192.168.40.110\", \"current_id\": null}'),(110,1,'2025-09-13 10:11:36.252887','POST /api/data_teknis/','{\"pon\": 0, \"otb\": 0, \"odc\": 0, \"odp\": 0, \"onu_power\": 0, \"profile_pppoe\": \"20Mbps-k\", \"pelanggan_id\": 175, \"mikrotik_server_id\": 3, \"olt\": \"Waringin\", \"id_pelanggan\": \"WRG-A6-8-Somad\", \"password_pppoe\": \"support123.!!\", \"ip_pelanggan\": \"192.168.40.110\", \"id_vlan\": \"10\"}'),(111,3,'2025-09-13 10:33:23.840284','POST /api/langganan/calculate-price','{\"paket_layanan_id\": 6, \"metode_pembayaran\": \"Otomatis\", \"pelanggan_id\": 175}'),(112,3,'2025-09-13 10:33:37.673251','POST /api/langganan/calculate-price','{\"paket_layanan_id\": 6, \"metode_pembayaran\": \"Prorate\", \"pelanggan_id\": 175, \"tgl_mulai\": \"2025-09-13\"}'),(113,3,'2025-09-13 10:33:41.746462','POST /api/langganan/','{\"pelanggan_id\": 175, \"paket_layanan_id\": 6, \"status\": \"Aktif\", \"metode_pembayaran\": \"Prorate\", \"tgl_mulai_langganan\": \"2025-09-13\", \"sertakan_bulan_depan\": false}'),(114,3,'2025-09-13 10:33:58.765632','POST /api/invoices/generate','{\"langganan_id\": 171}'),(115,1,'2025-09-13 19:14:47.399132','POST /api/pelanggan/','{\"nama\": \"COBAA\", \"no_ktp\": \"2354345345343424\", \"email\": \"xxx@com.com\", \"no_telp\": \"08211476240022\", \"layanan\": \"Internet 10 Mbps\", \"alamat\": \"Tambun\", \"blok\": \"AA\", \"unit\": \"22\", \"tgl_instalasi\": \"2025-09-13\", \"alamat_2\": \"Jl. Bintara jaya\", \"id_brand\": \"ajn-02\"}'),(116,9,'2025-09-13 19:16:03.220583','POST /api/data_teknis/check-ip','{\"ip_address\": \"200.2001.\", \"current_id\": null}'),(117,9,'2025-09-13 19:16:03.224781','POST /api/data_teknis/check-ip','{\"ip_address\": \"200.200.11.22\", \"current_id\": null}'),(118,9,'2025-09-13 19:16:12.639702','POST /api/data_teknis/','{\"pon\": 0, \"otb\": 0, \"odc\": 0, \"odp\": 0, \"onu_power\": 0, \"profile_pppoe\": \"10Mbps-d\", \"id_pelanggan\": \"cobain\", \"password_pppoe\": \"password\", \"pelanggan_id\": 176, \"mikrotik_server_id\": 1, \"olt\": \"Tambun\", \"ip_pelanggan\": \"200.200.11.22\", \"id_vlan\": \"111\"}'),(119,9,'2025-09-13 19:16:25.288320','DELETE /api/data_teknis/177',NULL),(120,1,'2025-09-13 21:01:48.123053','POST /api/permissions/generate',NULL),(121,1,'2025-09-13 21:02:01.062145','PATCH /api/roles/2','{\"name\": \"NOC\", \"permission_ids\": [9, 10, 11, 12, 13, 14, 15, 16, 18, 54, 55, 56]}'),(122,1,'2025-09-13 21:05:56.963147','PATCH /api/roles/2','{\"name\": \"NOC\", \"permission_ids\": [9, 10, 11, 12, 13, 14, 15, 16, 18, 54, 55, 56, 82]}'),(123,1,'2025-09-13 21:06:45.448562','PATCH /api/roles/2','{\"name\": \"NOC\", \"permission_ids\": [9, 10, 11, 12, 14, 18, 54, 55, 56, 82, 57, 2]}'),(124,1,'2025-09-13 21:07:11.817245','PATCH /api/roles/2','{\"name\": \"NOC\", \"permission_ids\": [9, 10, 11, 12, 18, 54, 55, 56, 57, 82]}'),(125,1,'2025-09-13 23:44:51.985432','PATCH /api/sk/8','{\"judul\": \"Laporan Pembaruan Aplikasi V2.5.1\", \"konten\": \"<!DOCTYPE html>\\n<html lang=\\\"id\\\">\\n<head>\\n    <meta charset=\\\"UTF-8\\\">\\n    <meta name=\\\"viewport\\\" content=\\\"width=device-width, initial-scale=1.0\\\">\\n    <title>Laporan Update Aplikasi</title>\\n    <style>\\n        body {\\n            font-family: Arial, sans-serif;\\n            line-height: 1.6;\\n            color: #333;\\n            margin: 0;\\n            padding: 20px;\\n            background-color: #f4f4f4;\\n        }\\n        .container {\\n            max-width: 800px;\\n            margin: auto;\\n            background: #fff;\\n            padding: 20px 40px;\\n            border-radius: 8px;\\n            box-shadow: 0 0 10px rgba(0,0,0,0.1);\\n        }\\n        h1, h2 {\\n            color: #2c3e50;\\n        }\\n        h2 {\\n            border-bottom: 2px solid #3498db;\\n            padding-bottom: 5px;\\n            margin-top: 30px;\\n        }\\n        .new-feature, .bug-fix {\\n            margin-bottom: 20px;\\n        }\\n        ul {\\n            list-style-type: disc;\\n            padding-left: 20px;\\n        }\\n        li {\\n            margin-bottom: 10px;\\n        }\\n        .new-user-label {\\n            display: inline-block;\\n            background-color: #27ae60;\\n            color: white;\\n            padding: 2px 8px;\\n            border-radius: 4px;\\n            font-size: 0.8em;\\n            font-weight: bold;\\n            margin-left: 10px;\\n        }\\n    </style>\\n</head>\\n<body>\\n\\n<div class=\\\"container\\\">\\n    <h1>Laporan Update Aplikasi</h1>\\n    <p>Halo semuanya! \\ud83d\\udc4b</p>\\n    <p>Ada kabar gembira nih. Tim pengembang baru saja menyelesaikan update besar untuk aplikasi kita. Fokus utama kita kali ini adalah membuat sistem lebih stabil, enggak gampang error, dan pastinya lebih gampang dipakai buat kalian semua.</p>\\n    \\n    <h2>Perbaikan dan Peningkatan Bug \\ud83d\\udee0\\ufe0f</h2>\\n    <div class=\\\"bug-fix\\\">\\n        <ul>\\n            <li>\\n                <strong>Pemilihan Server Mikrotik Lebih Cerdas:</strong> Dulu, aplikasi suka salah pilih server Mikrotik dan selalu terhubung ke server pertama yang ada di daftar, misalnya \\\"Tambun\\\", meskipun alamat pelanggannya di \\\"Waringin\\\". Sekarang, aplikasi sudah pintar! Sistem akan mencocokkan alamat pelanggan dengan nama server yang sesuai secara otomatis. Jadi, enggak akan salah Mikrotik lagi.\\n            </li>\\n            <li>\\n                <strong>Hubungan Database Diperbaiki:</strong> Pernah ada error aneh (`AttributeError` dan `InvalidRequestError`) saat sistem mau nyambungin data pelanggan ke server Mikrotik]. Nah, bug ini sudah kami perbaiki dengan menambahkan kolom `mikrotik_server_id` dan bikin hubungan dua arah yang benar di database> Query OK, 125 rows affected (0.643 sec)]. Sekarang semua data sudah nyambung dengan rapih.\\n            </li>\\n            <li>\\n                <strong>Pilihan Profil PPPoE Makin Lengkap:</strong> Sebelumnya, daftar profil PPPoE yang tersedia untuk pelanggan baru kadang enggak muncul semua. Sekarang, logika di aplikasi sudah ditingkatkan. Semua profil yang relevan akan ditampilkan, dan filternya pun sudah bekerja dengan baik.\\n            </li>\\n            <li>\\n                <strong>Tampilan Dropdown Pelanggan Beres:</strong> Di formulir \\\"Tambah Langganan\\\", nama pelanggan sering muncul dobel. Kami sudah bereskan masalah ini dengan memperbaiki struktur template dropdown-nya. Sekarang, setiap pelanggan cuma muncul sekali dan rapih.\\n            </li>\\n        </ul>\\n    </div>\\n\\n    <h2>Fitur Baru \\u2728</h2>\\n    <div class=\\\"new-feature\\\">\\n        <ul>\\n            <li>\\n                <strong>Penanda Pelanggan Baru:</strong> Sekarang, di menu \\\"Tambah Langganan\\\", setiap pelanggan yang belum punya langganan akan otomatis ditandai dengan tulisan <span class=\\\"new-user-label\\\">NEW USER</span>. Ini bikin kalian lebih cepat tahu siapa saja pelanggan yang perlu dibuatkan langganan.\\n            </li>\\n        </ul>\\n    </div>\\n\\n    <p>Terima kasih banyak sudah menggunakan sistem ini. Semoga update kali ini bikin kerjaan kalian makin lancar ya! \\ud83d\\ude0a</p>\\n    \\n    <p><strong>Hormat kami,</strong><br><strong>Team Pengembang</strong></p>\\n</div>\\n\\n</body>\\n</html>\", \"tipe\": \"Pembaruan\", \"versi\": \"2.5.1\", \"id\": 8, \"created_at\": \"2025-09-07T19:47:07\"}'),(126,1,'2025-09-13 23:45:00.035623','PATCH /api/sk/9','{\"judul\": \"Laporan Pembaruan Aplikasi V2.5.2\", \"konten\": \"<!DOCTYPE html>\\n<html lang=\\\"id\\\">\\n<head>\\n\\u00a0 \\u00a0 <meta charset=\\\"UTF-8\\\">\\n\\u00a0 \\u00a0 <meta name=\\\"viewport\\\" content=\\\"width=device-width, initial-scale=1.0\\\">\\n\\u00a0 \\u00a0 <title>Laporan Update Aplikasi</title>\\n\\u00a0 \\u00a0 <style>\\n\\u00a0 \\u00a0 \\u00a0 \\u00a0 body {\\n\\u00a0 \\u00a0 \\u00a0 \\u00a0 \\u00a0 \\u00a0 font-family: Arial, sans-serif;\\n\\u00a0 \\u00a0 \\u00a0 \\u00a0 \\u00a0 \\u00a0 line-height: 1.6;\\n\\u00a0 \\u00a0 \\u00a0 \\u00a0 \\u00a0 \\u00a0 color: #333;\\n\\u00a0 \\u00a0 \\u00a0 \\u00a0 \\u00a0 \\u00a0 margin: 0;\\n\\u00a0 \\u00a0 \\u00a0 \\u00a0 \\u00a0 \\u00a0 padding: 20px;\\n\\u00a0 \\u00a0 \\u00a0 \\u00a0 \\u00a0 \\u00a0 background-color: #f4f4f4;\\n\\u00a0 \\u00a0 \\u00a0 \\u00a0 }\\n\\u00a0 \\u00a0 \\u00a0 \\u00a0 .container {\\n\\u00a0 \\u00a0 \\u00a0 \\u00a0 \\u00a0 \\u00a0 max-width: 800px;\\n\\u00a0 \\u00a0 \\u00a0 \\u00a0 \\u00a0 \\u00a0 margin: auto;\\n\\u00a0 \\u00a0 \\u00a0 \\u00a0 \\u00a0 \\u00a0 background: #fff;\\n\\u00a0 \\u00a0 \\u00a0 \\u00a0 \\u00a0 \\u00a0 padding: 20px 40px;\\n\\u00a0 \\u00a0 \\u00a0 \\u00a0 \\u00a0 \\u00a0 border-radius: 8px;\\n\\u00a0 \\u00a0 \\u00a0 \\u00a0 \\u00a0 \\u00a0 box-shadow: 0 0 10px rgba(0,0,0,0.1);\\n\\u00a0 \\u00a0 \\u00a0 \\u00a0 }\\n\\u00a0 \\u00a0 \\u00a0 \\u00a0 h1, h2 {\\n\\u00a0 \\u00a0 \\u00a0 \\u00a0 \\u00a0 \\u00a0 color: #2c3e50;\\n\\u00a0 \\u00a0 \\u00a0 \\u00a0 }\\n\\u00a0 \\u00a0 \\u00a0 \\u00a0 h2 {\\n\\u00a0 \\u00a0 \\u00a0 \\u00a0 \\u00a0 \\u00a0 border-bottom: 2px solid #3498db;\\n\\u00a0 \\u00a0 \\u00a0 \\u00a0 \\u00a0 \\u00a0 padding-bottom: 5px;\\n\\u00a0 \\u00a0 \\u00a0 \\u00a0 \\u00a0 \\u00a0 margin-top: 30px;\\n\\u00a0 \\u00a0 \\u00a0 \\u00a0 }\\n\\u00a0 \\u00a0 \\u00a0 \\u00a0 .new-feature, .bug-fix {\\n\\u00a0 \\u00a0 \\u00a0 \\u00a0 \\u00a0 \\u00a0 margin-bottom: 20px;\\n\\u00a0 \\u00a0 \\u00a0 \\u00a0 }\\n\\u00a0 \\u00a0 \\u00a0 \\u00a0 ul {\\n\\u00a0 \\u00a0 \\u00a0 \\u00a0 \\u00a0 \\u00a0 list-style-type: disc;\\n\\u00a0 \\u00a0 \\u00a0 \\u00a0 \\u00a0 \\u00a0 padding-left: 20px;\\n\\u00a0 \\u00a0 \\u00a0 \\u00a0 }\\n\\u00a0 \\u00a0 \\u00a0 \\u00a0 li {\\n\\u00a0 \\u00a0 \\u00a0 \\u00a0 \\u00a0 \\u00a0 margin-bottom: 10px;\\n\\u00a0 \\u00a0 \\u00a0 \\u00a0 }\\n\\u00a0 \\u00a0 \\u00a0 \\u00a0 .new-user-label {\\n\\u00a0 \\u00a0 \\u00a0 \\u00a0 \\u00a0 \\u00a0 display: inline-block;\\n\\u00a0 \\u00a0 \\u00a0 \\u00a0 \\u00a0 \\u00a0 background-color: #27ae60;\\n\\u00a0 \\u00a0 \\u00a0 \\u00a0 \\u00a0 \\u00a0 color: white;\\n\\u00a0 \\u00a0 \\u00a0 \\u00a0 \\u00a0 \\u00a0 padding: 2px 8px;\\n\\u00a0 \\u00a0 \\u00a0 \\u00a0 \\u00a0 \\u00a0 border-radius: 4px;\\n\\u00a0 \\u00a0 \\u00a0 \\u00a0 \\u00a0 \\u00a0 font-size: 0.8em;\\n\\u00a0 \\u00a0 \\u00a0 \\u00a0 \\u00a0 \\u00a0 font-weight: bold;\\n\\u00a0 \\u00a0 \\u00a0 \\u00a0 \\u00a0 \\u00a0 margin-left: 10px;\\n\\u00a0 \\u00a0 \\u00a0 \\u00a0 }\\n\\u00a0 \\u00a0 </style>\\n</head>\\n<body>\\n\\n<div class=\\\"container\\\">\\n\\u00a0 \\u00a0 <h1>Laporan Update Aplikasi</h1>\\n\\u00a0 \\u00a0 <p>Halo semuanya! \\ud83d\\udc4b</p>\\n\\u00a0 \\u00a0 <p>Ada kabar gembira nih. Tim pengembang baru saja menyelesaikan update besar untuk aplikasi kita. Fokus utama kita kali ini adalah membuat sistem lebih stabil, enggak gampang error, dan pastinya lebih gampang dipakai buat kalian semua.</p>\\n\\u00a0 \\u00a0\\u00a0\\n\\u00a0 \\u00a0 <h2>Perbaikan dan Peningkatan Bug \\ud83d\\udee0\\ufe0f</h2>\\n\\u00a0 \\u00a0 <div class=\\\"bug-fix\\\">\\n\\u00a0 \\u00a0 \\u00a0 \\u00a0 <ul>\\n\\u00a0 \\u00a0 \\u00a0 \\u00a0 \\u00a0 \\u00a0 <li>\\n\\u00a0 \\u00a0 \\u00a0 \\u00a0 \\u00a0 \\u00a0 \\u00a0 \\u00a0 <strong>Pemilihan Server Mikrotik Lebih Cerdas:</strong> Dulu, aplikasi suka salah pilih server Mikrotik dan selalu terhubung ke server pertama yang ada di daftar, misalnya \\\"Tambun\\\", meskipun alamat pelanggannya di \\\"Waringin\\\". Sekarang, aplikasi sudah pintar! Sistem akan mencocokkan alamat pelanggan dengan nama server yang sesuai secara otomatis. Jadi, enggak akan salah Mikrotik lagi.\\n\\u00a0 \\u00a0 \\u00a0 \\u00a0 \\u00a0 \\u00a0 </li>\\n\\u00a0 \\u00a0 \\u00a0 \\u00a0 \\u00a0 \\u00a0 <li>\\n\\u00a0 \\u00a0 \\u00a0 \\u00a0 \\u00a0 \\u00a0 \\u00a0 \\u00a0 <strong>Hubungan Database Diperbaiki:</strong> Pernah ada error aneh (`AttributeError` dan `InvalidRequestError`) saat sistem mau nyambungin data pelanggan ke server Mikrotik]. Nah, bug ini sudah kami perbaiki dengan menambahkan kolom `mikrotik_server_id` dan bikin hubungan dua arah yang benar di database> Query OK, 125 rows affected (0.643 sec)]. Sekarang semua data sudah nyambung dengan rapih.\\n\\u00a0 \\u00a0 \\u00a0 \\u00a0 \\u00a0 \\u00a0 </li>\\n\\u00a0 \\u00a0 \\u00a0 \\u00a0 \\u00a0 \\u00a0 <li>\\n\\u00a0 \\u00a0 \\u00a0 \\u00a0 \\u00a0 \\u00a0 \\u00a0 \\u00a0 <strong>Pilihan Profil PPPoE Makin Lengkap:</strong> Sebelumnya, daftar profil PPPoE yang tersedia untuk pelanggan baru kadang enggak muncul semua. Sekarang, logika di aplikasi sudah ditingkatkan. Semua profil yang relevan akan ditampilkan, dan filternya pun sudah bekerja dengan baik.\\n\\u00a0 \\u00a0 \\u00a0 \\u00a0 \\u00a0 \\u00a0 </li>\\n\\u00a0 \\u00a0 \\u00a0 \\u00a0 \\u00a0 \\u00a0 <li>\\n\\u00a0 \\u00a0 \\u00a0 \\u00a0 \\u00a0 \\u00a0 \\u00a0 \\u00a0 <strong>Tampilan Dropdown Pelanggan Beres:</strong> Di formulir \\\"Tambah Langganan\\\", nama pelanggan sering muncul dobel. Kami sudah bereskan masalah ini dengan memperbaiki struktur template dropdown-nya. Sekarang, setiap pelanggan cuma muncul sekali dan rapih.\\n\\u00a0 \\u00a0 \\u00a0 \\u00a0 \\u00a0 \\u00a0 </li>\\n\\u00a0 \\u00a0 \\u00a0 \\u00a0 \\u00a0 \\u00a0 <li>\\n\\u00a0 \\u00a0 \\u00a0 \\u00a0 \\u00a0 \\u00a0 \\u00a0 \\u00a0 <strong>Optimasi Suspended/Unsuspended Pelanggan:</strong> Kami telah mengoptimalkan fitur otomatisasi untuk **menangguhkan dan mengaktifkan kembali (suspend/unsuspend)** pelanggan. Sistem sekarang memastikan bahwa status pelanggan yang sudah atau belum membayar diperbarui secara akurat tanpa kesalahan.\\n\\u00a0 \\u00a0 \\u00a0 \\u00a0 \\u00a0 \\u00a0 </li>\\n\\u00a0 \\u00a0 \\u00a0 \\u00a0 \\u00a0 \\u00a0 <li>\\n\\u00a0 \\u00a0 \\u00a0 \\u00a0 \\u00a0 \\u00a0 \\u00a0 \\u00a0 <strong>Perbaikan Dashboard Jakinet:</strong> **Bug** yang menyebabkan dashboard Jakinet tidak menampilkan status dari area \\\"Jelantik\\\" dan \\\"Jelantik Nagrak\\\" telah diperbaiki. Kini, semua data pelanggan Jakinet akan terlihat di dashboard tanpa terkecuali.\\n\\u00a0 \\u00a0 \\u00a0 \\u00a0 \\u00a0 \\u00a0 </li>\\n\\u00a0 \\u00a0 \\u00a0 \\u00a0 </ul>\\n\\u00a0 \\u00a0 </div>\\n\\n\\u00a0 \\u00a0 <h2>Peningkatan Sistem \\ud83d\\ude80</h2>\\n\\u00a0 \\u00a0 <div class=\\\"new-feature\\\">\\n\\u00a0 \\u00a0 \\u00a0 \\u00a0 <ul>\\n\\u00a0 \\u00a0 \\u00a0 \\u00a0 \\u00a0 \\u00a0 <li>\\n\\u00a0 \\u00a0 \\u00a0 \\u00a0 \\u00a0 \\u00a0 \\u00a0 \\u00a0 <strong>Fitur Activity Log Baru:</strong> Sekarang, Anda bisa melihat semua aktivitas yang dilakukan oleh pengguna di Portal Billing FTTH. Fitur ini berfungsi sebagai **Activity Log** yang merekam setiap tindakan, seperti membuat invoice, mengubah data, dan lainnya, untuk memudahkan monitoring dan audit. <span class=\\\"new-user-label\\\">NEW</span>\\n\\u00a0 \\u00a0 \\u00a0 \\u00a0 \\u00a0 \\u00a0 </li>\\n\\u00a0 \\u00a0 \\u00a0 \\u00a0 \\u00a0 \\u00a0 <li>\\n\\u00a0 \\u00a0 \\u00a0 \\u00a0 \\u00a0 \\u00a0 \\u00a0 \\u00a0 <strong>Optimalisasi Database & Laporan Pendapatan:</strong> Kami telah melakukan **pembaruan model database** dan perbaikan pada laporan pendapatan. Masalah **N+1 Query** yang tidak efisien pada tabel `Pelanggan`, `Langganan`, `Data Teknis`, dan `Invoice` sudah diatasi, membuat aplikasi berjalan jauh lebih cepat.\\n\\u00a0 \\u00a0 \\u00a0 \\u00a0 \\u00a0 \\u00a0 </li>\\n\\u00a0 \\u00a0 \\u00a0 \\u00a0 \\u00a0 \\u00a0 <li>\\n\\u00a0 \\u00a0 \\u00a0 \\u00a0 \\u00a0 \\u00a0 \\u00a0 \\u00a0 <strong>Otomatisasi & Keandalan:</strong> Script utama `main.py` kini lebih **scalable** dan stabil. Kami sudah memastikan tidak ada lagi bug yang menyebabkan **pembuatan invoice ganda secara otomatis**, sehingga proses penagihan berjalan lancar dan akurat.\\n\\u00a0 \\u00a0 \\u00a0 \\u00a0 \\u00a0 \\u00a0 </li>\\n\\u00a0 \\u00a0 \\u00a0 \\u00a0 \\u00a0 \\u00a0 <li>\\n\\u00a0 \\u00a0 \\u00a0 \\u00a0 \\u00a0 \\u00a0 \\u00a0 \\u00a0 <strong>Perubahan Integrasi Data Teknis:</strong> Server untuk data teknis sekarang ditarik langsung dari **Mikrotik** alih-alih dari OLT. Perubahan ini dilakukan untuk menyederhanakan dan mengintegrasikan proses manajemen perangkat secara lebih efektif.\\n\\u00a0 \\u00a0 \\u00a0 \\u00a0 \\u00a0 \\u00a0 </li>\\n\\u00a0 \\u00a0 \\u00a0 \\u00a0 </ul>\\n\\u00a0 \\u00a0 </div>\\n\\n\\u00a0 \\u00a0 <h2>Fitur Baru \\u2728</h2>\\n\\u00a0 \\u00a0 <div class=\\\"new-feature\\\">\\n\\u00a0 \\u00a0 \\u00a0 \\u00a0 <ul>\\n\\u00a0 \\u00a0 \\u00a0 \\u00a0 \\u00a0 \\u00a0 <li>\\n\\u00a0 \\u00a0 \\u00a0 \\u00a0 \\u00a0 \\u00a0 \\u00a0 \\u00a0 <strong>Penanda Pelanggan Baru:</strong> Sekarang, di menu \\\"Tambah Langganan\\\", setiap pelanggan yang belum punya langganan akan otomatis ditandai dengan tulisan <span class=\\\"new-user-label\\\">NEW USER</span>. Ini bikin kalian lebih cepat tahu siapa saja pelanggan yang perlu dibuatkan langganan.\\n\\u00a0 \\u00a0 \\u00a0 \\u00a0 \\u00a0 \\u00a0 </li>\\n\\u00a0 \\u00a0 \\u00a0 \\u00a0 </ul>\\n\\u00a0 \\u00a0 </div>\\n\\n\\u00a0 \\u00a0 <p>Terima kasih banyak sudah menggunakan sistem ini. Semoga update kali ini bikin kerjaan kalian makin lancar ya! \\ud83d\\ude0a</p>\\n\\u00a0 \\u00a0\\u00a0\\n\\u00a0 \\u00a0 <p><strong>Hormat kami,</strong><br><strong>Team Pengembang</strong></p>\\n</div>\\n\\n</body>\\n</html>\", \"tipe\": \"Pembaruan\", \"versi\": \"2.5.2\", \"id\": 9, \"created_at\": \"2025-09-09T22:37:58\"}'),(127,1,'2025-09-13 23:48:22.211145','PATCH /api/sk/9','{\"judul\": \"Laporan Pembaruan Aplikasi V2.5.2\", \"konten\": \"<!DOCTYPE html>\\n<html lang=\\\"id\\\">\\n<head>\\n\\u00a0 \\u00a0 <meta charset=\\\"UTF-8\\\">\\n\\u00a0 \\u00a0 <meta name=\\\"viewport\\\" content=\\\"width=device-width, initial-scale=1.0\\\">\\n\\u00a0 \\u00a0 <title>Laporan Update Aplikasi</title>\\n\\u00a0 \\u00a0 <style>\\n\\u00a0 \\u00a0 \\u00a0 \\u00a0 body {\\n\\u00a0 \\u00a0 \\u00a0 \\u00a0 \\u00a0 \\u00a0 font-family: Arial, sans-serif;\\n\\u00a0 \\u00a0 \\u00a0 \\u00a0 \\u00a0 \\u00a0 line-height: 1.6;\\n\\u00a0 \\u00a0 \\u00a0 \\u00a0 \\u00a0 \\u00a0 color: #333;\\n\\u00a0 \\u00a0 \\u00a0 \\u00a0 \\u00a0 \\u00a0 margin: 0;\\n\\u00a0 \\u00a0 \\u00a0 \\u00a0 \\u00a0 \\u00a0 padding: 20px;\\n\\u00a0 \\u00a0 \\u00a0 \\u00a0 \\u00a0 \\u00a0 background-color: #f4f4f4;\\n\\u00a0 \\u00a0 \\u00a0 \\u00a0 }\\n\\u00a0 \\u00a0 \\u00a0 \\u00a0 .container {\\n\\u00a0 \\u00a0 \\u00a0 \\u00a0 \\u00a0 \\u00a0 max-width: 800px;\\n\\u00a0 \\u00a0 \\u00a0 \\u00a0 \\u00a0 \\u00a0 margin: auto;\\n\\u00a0 \\u00a0 \\u00a0 \\u00a0 \\u00a0 \\u00a0 background: #fff;\\n\\u00a0 \\u00a0 \\u00a0 \\u00a0 \\u00a0 \\u00a0 padding: 20px 40px;\\n\\u00a0 \\u00a0 \\u00a0 \\u00a0 \\u00a0 \\u00a0 border-radius: 8px;\\n\\u00a0 \\u00a0 \\u00a0 \\u00a0 \\u00a0 \\u00a0 box-shadow: 0 0 10px rgba(0,0,0,0.1);\\n\\u00a0 \\u00a0 \\u00a0 \\u00a0 }\\n\\u00a0 \\u00a0 \\u00a0 \\u00a0 h1, h2 {\\n\\u00a0 \\u00a0 \\u00a0 \\u00a0 \\u00a0 \\u00a0 color: #2c3e50;\\n\\u00a0 \\u00a0 \\u00a0 \\u00a0 }\\n\\u00a0 \\u00a0 \\u00a0 \\u00a0 h2 {\\n\\u00a0 \\u00a0 \\u00a0 \\u00a0 \\u00a0 \\u00a0 border-bottom: 2px solid #3498db;\\n\\u00a0 \\u00a0 \\u00a0 \\u00a0 \\u00a0 \\u00a0 padding-bottom: 5px;\\n\\u00a0 \\u00a0 \\u00a0 \\u00a0 \\u00a0 \\u00a0 margin-top: 30px;\\n\\u00a0 \\u00a0 \\u00a0 \\u00a0 }\\n\\u00a0 \\u00a0 \\u00a0 \\u00a0 .new-feature, .bug-fix {\\n\\u00a0 \\u00a0 \\u00a0 \\u00a0 \\u00a0 \\u00a0 margin-bottom: 20px;\\n\\u00a0 \\u00a0 \\u00a0 \\u00a0 }\\n\\u00a0 \\u00a0 \\u00a0 \\u00a0 ul {\\n\\u00a0 \\u00a0 \\u00a0 \\u00a0 \\u00a0 \\u00a0 list-style-type: disc;\\n\\u00a0 \\u00a0 \\u00a0 \\u00a0 \\u00a0 \\u00a0 padding-left: 20px;\\n\\u00a0 \\u00a0 \\u00a0 \\u00a0 }\\n\\u00a0 \\u00a0 \\u00a0 \\u00a0 li {\\n\\u00a0 \\u00a0 \\u00a0 \\u00a0 \\u00a0 \\u00a0 margin-bottom: 10px;\\n\\u00a0 \\u00a0 \\u00a0 \\u00a0 }\\n\\u00a0 \\u00a0 \\u00a0 \\u00a0 .new-user-label {\\n\\u00a0 \\u00a0 \\u00a0 \\u00a0 \\u00a0 \\u00a0 display: inline-block;\\n\\u00a0 \\u00a0 \\u00a0 \\u00a0 \\u00a0 \\u00a0 background-color: #27ae60;\\n\\u00a0 \\u00a0 \\u00a0 \\u00a0 \\u00a0 \\u00a0 color: white;\\n\\u00a0 \\u00a0 \\u00a0 \\u00a0 \\u00a0 \\u00a0 padding: 2px 8px;\\n\\u00a0 \\u00a0 \\u00a0 \\u00a0 \\u00a0 \\u00a0 border-radius: 4px;\\n\\u00a0 \\u00a0 \\u00a0 \\u00a0 \\u00a0 \\u00a0 font-size: 0.8em;\\n\\u00a0 \\u00a0 \\u00a0 \\u00a0 \\u00a0 \\u00a0 font-weight: bold;\\n\\u00a0 \\u00a0 \\u00a0 \\u00a0 \\u00a0 \\u00a0 margin-left: 10px;\\n\\u00a0 \\u00a0 \\u00a0 \\u00a0 }\\n\\u00a0 \\u00a0 </style>\\n</head>\\n<body>\\n\\n<div class=\\\"container\\\">\\n\\u00a0 \\u00a0 <h1>Laporan Update Aplikasi</h1>\\n\\u00a0 \\u00a0 <p>Ada kabar gembira nih. Tim pengembang baru saja menyelesaikan update besar untuk aplikasi kita. Fokus utama kita kali ini adalah membuat sistem lebih stabil, enggak gampang error, dan pastinya lebih gampang dipakai buat kalian semua.</p>\\n\\u00a0 \\u00a0\\u00a0\\n\\u00a0 \\u00a0 <h2>Perbaikan dan Peningkatan Bug \\ud83d\\udee0\\ufe0f</h2>\\n\\u00a0 \\u00a0 <div class=\\\"bug-fix\\\">\\n\\u00a0 \\u00a0 \\u00a0 \\u00a0 <ul>\\n\\u00a0 \\u00a0 \\u00a0 \\u00a0 \\u00a0 \\u00a0 <li>\\n\\u00a0 \\u00a0 \\u00a0 \\u00a0 \\u00a0 \\u00a0 \\u00a0 \\u00a0 <strong>Pemilihan Server Mikrotik Lebih Cerdas:</strong> Dulu, aplikasi suka salah pilih server Mikrotik dan selalu terhubung ke server pertama yang ada di daftar, misalnya \\\"Tambun\\\", meskipun alamat pelanggannya di \\\"Waringin\\\". Sekarang, aplikasi sudah pintar! Sistem akan mencocokkan alamat pelanggan dengan nama server yang sesuai secara otomatis. Jadi, enggak akan salah Mikrotik lagi.\\n\\u00a0 \\u00a0 \\u00a0 \\u00a0 \\u00a0 \\u00a0 </li>\\n\\u00a0 \\u00a0 \\u00a0 \\u00a0 \\u00a0 \\u00a0 <li>\\n\\u00a0 \\u00a0 \\u00a0 \\u00a0 \\u00a0 \\u00a0 \\u00a0 \\u00a0 <strong>Hubungan Database Diperbaiki:</strong> Pernah ada error aneh (`AttributeError` dan `InvalidRequestError`) saat sistem mau nyambungin data pelanggan ke server Mikrotik]. Nah, bug ini sudah kami perbaiki dengan menambahkan kolom `mikrotik_server_id` dan bikin hubungan dua arah yang benar di database> Query OK, 125 rows affected (0.643 sec)]. Sekarang semua data sudah nyambung dengan rapih.\\n\\u00a0 \\u00a0 \\u00a0 \\u00a0 \\u00a0 \\u00a0 </li>\\n\\u00a0 \\u00a0 \\u00a0 \\u00a0 \\u00a0 \\u00a0 <li>\\n\\u00a0 \\u00a0 \\u00a0 \\u00a0 \\u00a0 \\u00a0 \\u00a0 \\u00a0 <strong>Pilihan Profil PPPoE Makin Lengkap:</strong> Sebelumnya, daftar profil PPPoE yang tersedia untuk pelanggan baru kadang enggak muncul semua. Sekarang, logika di aplikasi sudah ditingkatkan. Semua profil yang relevan akan ditampilkan, dan filternya pun sudah bekerja dengan baik.\\n\\u00a0 \\u00a0 \\u00a0 \\u00a0 \\u00a0 \\u00a0 </li>\\n\\u00a0 \\u00a0 \\u00a0 \\u00a0 \\u00a0 \\u00a0 <li>\\n\\u00a0 \\u00a0 \\u00a0 \\u00a0 \\u00a0 \\u00a0 \\u00a0 \\u00a0 <strong>Tampilan Dropdown Pelanggan Beres:</strong> Di formulir \\\"Tambah Langganan\\\", nama pelanggan sering muncul dobel. Kami sudah bereskan masalah ini dengan memperbaiki struktur template dropdown-nya. Sekarang, setiap pelanggan cuma muncul sekali dan rapih.\\n\\u00a0 \\u00a0 \\u00a0 \\u00a0 \\u00a0 \\u00a0 </li>\\n\\u00a0 \\u00a0 \\u00a0 \\u00a0 \\u00a0 \\u00a0 <li>\\n\\u00a0 \\u00a0 \\u00a0 \\u00a0 \\u00a0 \\u00a0 \\u00a0 \\u00a0 <strong>Optimasi Suspended/Unsuspended Pelanggan:</strong> Kami telah mengoptimalkan fitur otomatisasi untuk **menangguhkan dan mengaktifkan kembali (suspend/unsuspend)** pelanggan. Sistem sekarang memastikan bahwa status pelanggan yang sudah atau belum membayar diperbarui secara akurat tanpa kesalahan.\\n\\u00a0 \\u00a0 \\u00a0 \\u00a0 \\u00a0 \\u00a0 </li>\\n\\u00a0 \\u00a0 \\u00a0 \\u00a0 \\u00a0 \\u00a0 <li>\\n\\u00a0 \\u00a0 \\u00a0 \\u00a0 \\u00a0 \\u00a0 \\u00a0 \\u00a0 <strong>Perbaikan Dashboard Jakinet:</strong> **Bug** yang menyebabkan dashboard Jakinet tidak menampilkan status dari area \\\"Jelantik\\\" dan \\\"Jelantik Nagrak\\\" telah diperbaiki. Kini, semua data pelanggan Jakinet akan terlihat di dashboard tanpa terkecuali.\\n\\u00a0 \\u00a0 \\u00a0 \\u00a0 \\u00a0 \\u00a0 </li>\\n\\u00a0 \\u00a0 \\u00a0 \\u00a0 </ul>\\n\\u00a0 \\u00a0 </div>\\n\\n\\u00a0 \\u00a0 <h2>Peningkatan Sistem \\ud83d\\ude80</h2>\\n\\u00a0 \\u00a0 <div class=\\\"new-feature\\\">\\n\\u00a0 \\u00a0 \\u00a0 \\u00a0 <ul>\\n\\u00a0 \\u00a0 \\u00a0 \\u00a0 \\u00a0 \\u00a0 <li>\\n\\u00a0 \\u00a0 \\u00a0 \\u00a0 \\u00a0 \\u00a0 \\u00a0 \\u00a0 <strong>Fitur Activity Log Baru:</strong> Sekarang, Anda bisa melihat semua aktivitas yang dilakukan oleh pengguna di Portal Billing FTTH. Fitur ini berfungsi sebagai **Activity Log** yang merekam setiap tindakan, seperti membuat invoice, mengubah data, dan lainnya, untuk memudahkan monitoring dan audit. <span class=\\\"new-user-label\\\">NEW</span>\\n\\u00a0 \\u00a0 \\u00a0 \\u00a0 \\u00a0 \\u00a0 </li>\\n\\u00a0 \\u00a0 \\u00a0 \\u00a0 \\u00a0 \\u00a0 <li>\\n\\u00a0 \\u00a0 \\u00a0 \\u00a0 \\u00a0 \\u00a0 \\u00a0 \\u00a0 <strong>Optimalisasi Database & Laporan Pendapatan:</strong> Kami telah melakukan **pembaruan model database** dan perbaikan pada laporan pendapatan. Masalah **N+1 Query** yang tidak efisien pada tabel `Pelanggan`, `Langganan`, `Data Teknis`, dan `Invoice` sudah diatasi, membuat aplikasi berjalan jauh lebih cepat.\\n\\u00a0 \\u00a0 \\u00a0 \\u00a0 \\u00a0 \\u00a0 </li>\\n\\u00a0 \\u00a0 \\u00a0 \\u00a0 \\u00a0 \\u00a0 <li>\\n\\u00a0 \\u00a0 \\u00a0 \\u00a0 \\u00a0 \\u00a0 \\u00a0 \\u00a0 <strong>Otomatisasi & Keandalan:</strong> Script utama `main.py` kini lebih **scalable** dan stabil. Kami sudah memastikan tidak ada lagi bug yang menyebabkan **pembuatan invoice ganda secara otomatis**, sehingga proses penagihan berjalan lancar dan akurat.\\n\\u00a0 \\u00a0 \\u00a0 \\u00a0 \\u00a0 \\u00a0 </li>\\n\\u00a0 \\u00a0 \\u00a0 \\u00a0 \\u00a0 \\u00a0 <li>\\n\\u00a0 \\u00a0 \\u00a0 \\u00a0 \\u00a0 \\u00a0 \\u00a0 \\u00a0 <strong>Perubahan Integrasi Data Teknis:</strong> Server untuk data teknis sekarang ditarik langsung dari **Mikrotik** alih-alih dari OLT. Perubahan ini dilakukan untuk menyederhanakan dan mengintegrasikan proses manajemen perangkat secara lebih efektif.\\n\\u00a0 \\u00a0 \\u00a0 \\u00a0 \\u00a0 \\u00a0 </li>\\n\\u00a0 \\u00a0 \\u00a0 \\u00a0 </ul>\\n\\u00a0 \\u00a0 </div>\\n\\n\\u00a0 \\u00a0 <h2>Fitur Baru \\u2728</h2>\\n\\u00a0 \\u00a0 <div class=\\\"new-feature\\\">\\n\\u00a0 \\u00a0 \\u00a0 \\u00a0 <ul>\\n\\u00a0 \\u00a0 \\u00a0 \\u00a0 \\u00a0 \\u00a0 <li>\\n\\u00a0 \\u00a0 \\u00a0 \\u00a0 \\u00a0 \\u00a0 \\u00a0 \\u00a0 <strong>Penanda Pelanggan Baru:</strong> Sekarang, di menu \\\"Tambah Langganan\\\", setiap pelanggan yang belum punya langganan akan otomatis ditandai dengan tulisan <span class=\\\"new-user-label\\\">NEW USER</span>. Ini bikin kalian lebih cepat tahu siapa saja pelanggan yang perlu dibuatkan langganan.\\n\\u00a0 \\u00a0 \\u00a0 \\u00a0 \\u00a0 \\u00a0 </li>\\n\\u00a0 \\u00a0 \\u00a0 \\u00a0 </ul>\\n\\u00a0 \\u00a0 </div>\\n\\n\\u00a0 \\u00a0 <p>Terima kasih banyak sudah menggunakan sistem ini. Semoga update kali ini bikin kerjaan kalian makin lancar ya! \\ud83d\\ude0a</p>\\n\\u00a0 \\u00a0\\u00a0\\n\\u00a0 \\u00a0 <p><strong>Hormat kami,</strong><br><strong>Team Pengembang</strong></p>\\n</div>\\n\\n</body>\\n</html>\", \"tipe\": \"Pembaruan\", \"versi\": \"2.5.2\", \"id\": 9, \"created_at\": \"2025-09-09T22:37:58\"}'),(128,1,'2025-09-13 23:50:00.287634','POST /api/sk/','{\"tipe\": \"Pembaruan\", \"konten\": \"<!DOCTYPE html>\\n<html lang=\\\"id\\\">\\n<head>\\n    <meta charset=\\\"UTF-8\\\">\\n    <meta name=\\\"viewport\\\" content=\\\"width=device-width, initial-scale=1.0\\\">\\n    <title>Changelog v2.5.3</title>\\n    <style>\\n        body {\\n            font-family: Arial, sans-serif;\\n            line-height: 1.6;\\n            color: #333;\\n            margin: 0;\\n            padding: 20px;\\n            background-color: #f4f4f4;\\n        }\\n        .container {\\n            max-width: 800px;\\n            margin: auto;\\n            background: #fff;\\n            padding: 20px 40px;\\n            border-radius: 8px;\\n            box-shadow: 0 0 10px rgba(0,0,0,0.1);\\n        }\\n        h1, h2 {\\n            color: #2c3e50;\\n        }\\n        h2 {\\n            border-bottom: 2px solid #3498db;\\n            padding-bottom: 5px;\\n            margin-top: 30px;\\n        }\\n        ul {\\n            list-style-type: disc;\\n            padding-left: 20px;\\n        }\\n        li {\\n            margin-bottom: 10px;\\n        }\\n        .new-user-label {\\n            display: inline-block;\\n            background-color: #27ae60;\\n            color: white;\\n            padding: 2px 8px;\\n            border-radius: 4px;\\n            font-size: 0.8em;\\n            font-weight: bold;\\n            margin-left: 10px;\\n        }\\n    </style>\\n</head>\\n<body>\\n\\n<div class=\\\"container\\\">\\n    <h1>Changelog v2.5.3</h1>\\n    <p>Berikut ini adalah ringkasan perubahan pada versi 2.5.3:</p>\\n\\n    <h2>Bug Fixes & Improvements \\ud83d\\udee0\\ufe0f</h2>\\n    <ul>\\n        <li>\\n            <strong>Responsive UI (Mobile):</strong> Perbaikan tampilan halaman <code>Invoice</code> dan <code>Data Teknis</code> agar lebih usable di perangkat mobile.\\n        </li>\\n        <li>\\n            <strong>Android Performance:</strong> Batasi jumlah data yang ditampilkan di beberapa halaman berat untuk mengurangi lag di device Android low-end.\\n        </li>\\n        <li>\\n            <strong>Role Management:</strong> Fix permission dan hak akses untuk role <code>NOC</code> dan <code>Teknisi</code>.\\n        </li>\\n        <li>\\n            <strong>Notifikasi:</strong> Arahkan notifikasi terkait pembayaran dari NOC langsung ke tim <code>Finance</code>.\\n        </li>\\n    </ul>\\n\\n    <h2>System Updates \\ud83d\\ude80</h2>\\n    <ul>\\n        <li>\\n            <strong>APK Rebuild:</strong> Build ulang versi Android (.apk) dengan semua perubahan di atas. Sudah bisa di-download untuk distribusi internal/testing.\\n        </li>\\n    </ul>\\n\\n    <h2>New Feature \\u2728</h2>\\n    <ul>\\n        <li>\\n            <strong>Auto Role & Notification Logic:</strong> Tambahkan logic tagging pengguna berdasarkan role dan optimasi alur notifikasi. <span class=\\\"new-user-label\\\">NEW</span>\\n        </li>\\n    </ul>\\n\\n    <p>Catatan: Disarankan untuk clear cache jika tampilan mobile belum berubah setelah update.</p>\\n\\n    <p><strong>\\u2014 Dev Team</strong></p>\\n</div>\\n\\n</body>\\n</html>\\n\", \"versi\": \"2.5.3\", \"judul\": \"Update v2.5.3 - Optimasi Tampilan Mobile & Role Fix\"}'),(129,1,'2025-09-13 23:51:01.270642','PATCH /api/sk/9','{\"judul\": \"Laporan Pembaruan Aplikasi V2.5.2\", \"konten\": \"<!DOCTYPE html>\\n<html lang=\\\"id\\\">\\n<head>\\n\\u00a0 \\u00a0 <meta charset=\\\"UTF-8\\\">\\n\\u00a0 \\u00a0 <meta name=\\\"viewport\\\" content=\\\"width=device-width, initial-scale=1.0\\\">\\n\\u00a0 \\u00a0 <title>Changelog v2.5.3</title>\\n\\u00a0 \\u00a0 <style>\\n\\u00a0 \\u00a0 \\u00a0 \\u00a0 body {\\n\\u00a0 \\u00a0 \\u00a0 \\u00a0 \\u00a0 \\u00a0 font-family: Arial, sans-serif;\\n\\u00a0 \\u00a0 \\u00a0 \\u00a0 \\u00a0 \\u00a0 line-height: 1.6;\\n\\u00a0 \\u00a0 \\u00a0 \\u00a0 \\u00a0 \\u00a0 color: #333;\\n\\u00a0 \\u00a0 \\u00a0 \\u00a0 \\u00a0 \\u00a0 margin: 0;\\n\\u00a0 \\u00a0 \\u00a0 \\u00a0 \\u00a0 \\u00a0 padding: 20px;\\n\\u00a0 \\u00a0 \\u00a0 \\u00a0 \\u00a0 \\u00a0 background-color: #f4f4f4;\\n\\u00a0 \\u00a0 \\u00a0 \\u00a0 }\\n\\u00a0 \\u00a0 \\u00a0 \\u00a0 .container {\\n\\u00a0 \\u00a0 \\u00a0 \\u00a0 \\u00a0 \\u00a0 max-width: 800px;\\n\\u00a0 \\u00a0 \\u00a0 \\u00a0 \\u00a0 \\u00a0 margin: auto;\\n\\u00a0 \\u00a0 \\u00a0 \\u00a0 \\u00a0 \\u00a0 background: #fff;\\n\\u00a0 \\u00a0 \\u00a0 \\u00a0 \\u00a0 \\u00a0 padding: 20px 40px;\\n\\u00a0 \\u00a0 \\u00a0 \\u00a0 \\u00a0 \\u00a0 border-radius: 8px;\\n\\u00a0 \\u00a0 \\u00a0 \\u00a0 \\u00a0 \\u00a0 box-shadow: 0 0 10px rgba(0,0,0,0.1);\\n\\u00a0 \\u00a0 \\u00a0 \\u00a0 }\\n\\u00a0 \\u00a0 \\u00a0 \\u00a0 h1, h2 {\\n\\u00a0 \\u00a0 \\u00a0 \\u00a0 \\u00a0 \\u00a0 color: #2c3e50;\\n\\u00a0 \\u00a0 \\u00a0 \\u00a0 }\\n\\u00a0 \\u00a0 \\u00a0 \\u00a0 h2 {\\n\\u00a0 \\u00a0 \\u00a0 \\u00a0 \\u00a0 \\u00a0 border-bottom: 2px solid #3498db;\\n\\u00a0 \\u00a0 \\u00a0 \\u00a0 \\u00a0 \\u00a0 padding-bottom: 5px;\\n\\u00a0 \\u00a0 \\u00a0 \\u00a0 \\u00a0 \\u00a0 margin-top: 30px;\\n\\u00a0 \\u00a0 \\u00a0 \\u00a0 }\\n\\u00a0 \\u00a0 \\u00a0 \\u00a0 ul {\\n\\u00a0 \\u00a0 \\u00a0 \\u00a0 \\u00a0 \\u00a0 list-style-type: disc;\\n\\u00a0 \\u00a0 \\u00a0 \\u00a0 \\u00a0 \\u00a0 padding-left: 20px;\\n\\u00a0 \\u00a0 \\u00a0 \\u00a0 }\\n\\u00a0 \\u00a0 \\u00a0 \\u00a0 li {\\n\\u00a0 \\u00a0 \\u00a0 \\u00a0 \\u00a0 \\u00a0 margin-bottom: 10px;\\n\\u00a0 \\u00a0 \\u00a0 \\u00a0 }\\n\\u00a0 \\u00a0 \\u00a0 \\u00a0 .new-user-label {\\n\\u00a0 \\u00a0 \\u00a0 \\u00a0 \\u00a0 \\u00a0 display: inline-block;\\n\\u00a0 \\u00a0 \\u00a0 \\u00a0 \\u00a0 \\u00a0 background-color: #27ae60;\\n\\u00a0 \\u00a0 \\u00a0 \\u00a0 \\u00a0 \\u00a0 color: white;\\n\\u00a0 \\u00a0 \\u00a0 \\u00a0 \\u00a0 \\u00a0 padding: 2px 8px;\\n\\u00a0 \\u00a0 \\u00a0 \\u00a0 \\u00a0 \\u00a0 border-radius: 4px;\\n\\u00a0 \\u00a0 \\u00a0 \\u00a0 \\u00a0 \\u00a0 font-size: 0.8em;\\n\\u00a0 \\u00a0 \\u00a0 \\u00a0 \\u00a0 \\u00a0 font-weight: bold;\\n\\u00a0 \\u00a0 \\u00a0 \\u00a0 \\u00a0 \\u00a0 margin-left: 10px;\\n\\u00a0 \\u00a0 \\u00a0 \\u00a0 }\\n\\u00a0 \\u00a0 </style>\\n</head>\\n<body>\\n\\n<div class=\\\"container\\\">\\n\\u00a0 \\u00a0 <h1>Changelog Aplikasi - Versi 2.5.3</h1>\\n\\u00a0 \\u00a0 <p>Berikut adalah ringkasan perubahan dan perbaikan yang diterapkan pada versi ini:</p>\\n\\n\\u00a0 \\u00a0 <h2>Bug Fixes & Improvement</h2>\\n\\u00a0 \\u00a0 <ul>\\n\\u00a0 \\u00a0 \\u00a0 \\u00a0 <li>\\n\\u00a0 \\u00a0 \\u00a0 \\u00a0 \\u00a0 \\u00a0 <strong>Logika Pemilihan Server Mikrotik:</strong> Sistem kini otomatis mencocokkan nama area pelanggan dengan server Mikrotik yang sesuai. Sebelumnya, sistem hanya memilih server pertama dalam daftar.\\n\\u00a0 \\u00a0 \\u00a0 \\u00a0 </li>\\n\\u00a0 \\u00a0 \\u00a0 \\u00a0 <li>\\n\\u00a0 \\u00a0 \\u00a0 \\u00a0 \\u00a0 \\u00a0 <strong>Relasi Data Mikrotik:</strong> Perbaikan pada relasi database yang sebelumnya menyebabkan <code>AttributeError</code> dan <code>InvalidRequestError</code>. Ditambahkan kolom <code>mikrotik_server_id</code> dan relasi dua arah antar model.\\n\\u00a0 \\u00a0 \\u00a0 \\u00a0 </li>\\n\\u00a0 \\u00a0 \\u00a0 \\u00a0 <li>\\n\\u00a0 \\u00a0 \\u00a0 \\u00a0 \\u00a0 \\u00a0 <strong>Daftar Profil PPPoE:</strong> Logic pemfilteran profil PPPoE diperbaiki agar seluruh profil yang aktif dapat muncul sesuai area/server.\\n\\u00a0 \\u00a0 \\u00a0 \\u00a0 </li>\\n\\u00a0 \\u00a0 \\u00a0 \\u00a0 <li>\\n\\u00a0 \\u00a0 \\u00a0 \\u00a0 \\u00a0 \\u00a0 <strong>Dropdown Pelanggan:</strong> Perbaikan pada struktur tampilan dropdown di form \\\"Tambah Langganan\\\". Nama pelanggan yang sebelumnya tampil ganda kini hanya muncul satu kali.\\n\\u00a0 \\u00a0 \\u00a0 \\u00a0 </li>\\n\\u00a0 \\u00a0 \\u00a0 \\u00a0 <li>\\n\\u00a0 \\u00a0 \\u00a0 \\u00a0 \\u00a0 \\u00a0 <strong>Suspended/Unsuspended:</strong> Perbaikan pada fitur otomatisasi status suspend/unsuspend berdasarkan status pembayaran. Status pelanggan kini diperbarui secara konsisten dan akurat.\\n\\u00a0 \\u00a0 \\u00a0 \\u00a0 </li>\\n\\u00a0 \\u00a0 \\u00a0 \\u00a0 <li>\\n\\u00a0 \\u00a0 \\u00a0 \\u00a0 \\u00a0 \\u00a0 <strong>Dashboard Jakinet:</strong> Bug yang menyebabkan area \\\"Jelantik\\\" dan \\\"Jelantik Nagrak\\\" tidak muncul di dashboard telah diperbaiki.\\n\\u00a0 \\u00a0 \\u00a0 \\u00a0 </li>\\n\\u00a0 \\u00a0 </ul>\\n\\n\\u00a0 \\u00a0 <h2>System Improvements</h2>\\n\\u00a0 \\u00a0 <ul>\\n\\u00a0 \\u00a0 \\u00a0 \\u00a0 <li>\\n\\u00a0 \\u00a0 \\u00a0 \\u00a0 \\u00a0 \\u00a0 <strong>Activity Log:</strong> Penambahan fitur log aktivitas untuk mencatat semua tindakan penting seperti pembuatan invoice, update data, dan lainnya. <span class=\\\"new-user-label\\\">NEW</span>\\n\\u00a0 \\u00a0 \\u00a0 \\u00a0 </li>\\n\\u00a0 \\u00a0 \\u00a0 \\u00a0 <li>\\n\\u00a0 \\u00a0 \\u00a0 \\u00a0 \\u00a0 \\u00a0 <strong>Database Optimization:</strong> Refactor model dan optimasi query untuk menghindari masalah N+1 di entitas <code>Pelanggan</code>, <code>Langganan</code>, <code>Data Teknis</code>, dan <code>Invoice</code>.\\n\\u00a0 \\u00a0 \\u00a0 \\u00a0 </li>\\n\\u00a0 \\u00a0 \\u00a0 \\u00a0 <li>\\n\\u00a0 \\u00a0 \\u00a0 \\u00a0 \\u00a0 \\u00a0 <strong>Stabilitas Script Main:</strong> Perbaikan pada script <code>main.py</code> untuk menghindari pembuatan invoice ganda. Sekarang proses berjalan lebih stabil dan terkontrol.\\n\\u00a0 \\u00a0 \\u00a0 \\u00a0 </li>\\n\\u00a0 \\u00a0 \\u00a0 \\u00a0 <li>\\n\\u00a0 \\u00a0 \\u00a0 \\u00a0 \\u00a0 \\u00a0 <strong>Integrasi Mikrotik:</strong> Data teknis sekarang diambil langsung dari Mikrotik, bukan lagi dari OLT, untuk penyederhanaan manajemen perangkat.\\n\\u00a0 \\u00a0 \\u00a0 \\u00a0 </li>\\n\\u00a0 \\u00a0 </ul>\\n\\n\\u00a0 \\u00a0 <h2>New Feature</h2>\\n\\u00a0 \\u00a0 <ul>\\n\\u00a0 \\u00a0 \\u00a0 \\u00a0 <li>\\n\\u00a0 \\u00a0 \\u00a0 \\u00a0 \\u00a0 \\u00a0 <strong>Penanda \\\"NEW USER\\\":</strong> Pelanggan yang belum memiliki langganan akan otomatis ditandai dengan label <span class=\\\"new-user-label\\\">NEW USER</span> di form \\\"Tambah Langganan\\\".\\n\\u00a0 \\u00a0 \\u00a0 \\u00a0 </li>\\n\\u00a0 \\u00a0 </ul>\\n\\n\\u00a0 \\u00a0 <p>Silakan update ke versi ini untuk mendapatkan semua perubahan di atas.</p>\\n\\n\\u00a0 \\u00a0 <p><strong>\\u2014 Dev Team</strong></p>\\n</div>\\n\\n</body>\\n</html>\\n\", \"tipe\": \"Pembaruan\", \"versi\": \"2.5.2\", \"id\": 9, \"created_at\": \"2025-09-09T22:37:58\"}'),(130,1,'2025-09-13 23:51:49.483709','PATCH /api/sk/9','{\"judul\": \"Laporan Pembaruan Aplikasi V2.5.2\", \"konten\": \"<!DOCTYPE html>\\n<html lang=\\\"id\\\">\\n<head>\\n\\u00a0 \\u00a0 <meta charset=\\\"UTF-8\\\">\\n\\u00a0 \\u00a0 <meta name=\\\"viewport\\\" content=\\\"width=device-width, initial-scale=1.0\\\">\\n\\u00a0 \\u00a0 <title>Changelog v2.5.3</title>\\n\\u00a0 \\u00a0 <style>\\n\\u00a0 \\u00a0 \\u00a0 \\u00a0 body {\\n\\u00a0 \\u00a0 \\u00a0 \\u00a0 \\u00a0 \\u00a0 font-family: Arial, sans-serif;\\n\\u00a0 \\u00a0 \\u00a0 \\u00a0 \\u00a0 \\u00a0 line-height: 1.6;\\n\\u00a0 \\u00a0 \\u00a0 \\u00a0 \\u00a0 \\u00a0 color: #333;\\n\\u00a0 \\u00a0 \\u00a0 \\u00a0 \\u00a0 \\u00a0 margin: 0;\\n\\u00a0 \\u00a0 \\u00a0 \\u00a0 \\u00a0 \\u00a0 padding: 20px;\\n\\u00a0 \\u00a0 \\u00a0 \\u00a0 \\u00a0 \\u00a0 background-color: #f4f4f4;\\n\\u00a0 \\u00a0 \\u00a0 \\u00a0 }\\n\\u00a0 \\u00a0 \\u00a0 \\u00a0 .container {\\n\\u00a0 \\u00a0 \\u00a0 \\u00a0 \\u00a0 \\u00a0 max-width: 800px;\\n\\u00a0 \\u00a0 \\u00a0 \\u00a0 \\u00a0 \\u00a0 margin: auto;\\n\\u00a0 \\u00a0 \\u00a0 \\u00a0 \\u00a0 \\u00a0 background: #fff;\\n\\u00a0 \\u00a0 \\u00a0 \\u00a0 \\u00a0 \\u00a0 padding: 20px 40px;\\n\\u00a0 \\u00a0 \\u00a0 \\u00a0 \\u00a0 \\u00a0 border-radius: 8px;\\n\\u00a0 \\u00a0 \\u00a0 \\u00a0 \\u00a0 \\u00a0 box-shadow: 0 0 10px rgba(0,0,0,0.1);\\n\\u00a0 \\u00a0 \\u00a0 \\u00a0 }\\n\\u00a0 \\u00a0 \\u00a0 \\u00a0 h1, h2 {\\n\\u00a0 \\u00a0 \\u00a0 \\u00a0 \\u00a0 \\u00a0 color: #2c3e50;\\n\\u00a0 \\u00a0 \\u00a0 \\u00a0 }\\n\\u00a0 \\u00a0 \\u00a0 \\u00a0 h2 {\\n\\u00a0 \\u00a0 \\u00a0 \\u00a0 \\u00a0 \\u00a0 border-bottom: 2px solid #3498db;\\n\\u00a0 \\u00a0 \\u00a0 \\u00a0 \\u00a0 \\u00a0 padding-bottom: 5px;\\n\\u00a0 \\u00a0 \\u00a0 \\u00a0 \\u00a0 \\u00a0 margin-top: 30px;\\n\\u00a0 \\u00a0 \\u00a0 \\u00a0 }\\n\\u00a0 \\u00a0 \\u00a0 \\u00a0 ul {\\n\\u00a0 \\u00a0 \\u00a0 \\u00a0 \\u00a0 \\u00a0 list-style-type: disc;\\n\\u00a0 \\u00a0 \\u00a0 \\u00a0 \\u00a0 \\u00a0 padding-left: 20px;\\n\\u00a0 \\u00a0 \\u00a0 \\u00a0 }\\n\\u00a0 \\u00a0 \\u00a0 \\u00a0 li {\\n\\u00a0 \\u00a0 \\u00a0 \\u00a0 \\u00a0 \\u00a0 margin-bottom: 10px;\\n\\u00a0 \\u00a0 \\u00a0 \\u00a0 }\\n\\u00a0 \\u00a0 \\u00a0 \\u00a0 .new-user-label {\\n\\u00a0 \\u00a0 \\u00a0 \\u00a0 \\u00a0 \\u00a0 display: inline-block;\\n\\u00a0 \\u00a0 \\u00a0 \\u00a0 \\u00a0 \\u00a0 background-color: #27ae60;\\n\\u00a0 \\u00a0 \\u00a0 \\u00a0 \\u00a0 \\u00a0 color: white;\\n\\u00a0 \\u00a0 \\u00a0 \\u00a0 \\u00a0 \\u00a0 padding: 2px 8px;\\n\\u00a0 \\u00a0 \\u00a0 \\u00a0 \\u00a0 \\u00a0 border-radius: 4px;\\n\\u00a0 \\u00a0 \\u00a0 \\u00a0 \\u00a0 \\u00a0 font-size: 0.8em;\\n\\u00a0 \\u00a0 \\u00a0 \\u00a0 \\u00a0 \\u00a0 font-weight: bold;\\n\\u00a0 \\u00a0 \\u00a0 \\u00a0 \\u00a0 \\u00a0 margin-left: 10px;\\n\\u00a0 \\u00a0 \\u00a0 \\u00a0 }\\n\\u00a0 \\u00a0 </style>\\n</head>\\n<body>\\n\\n<div class=\\\"container\\\">\\n\\u00a0 \\u00a0 <h1>Changelog Aplikasi - Versi 2.5.2>\\n\\u00a0 \\u00a0 <p>Berikut adalah ringkasan perubahan dan perbaikan yang diterapkan pada versi ini:</p>\\n\\n\\u00a0 \\u00a0 <h2>Bug Fixes & Improvement</h2>\\n\\u00a0 \\u00a0 <ul>\\n\\u00a0 \\u00a0 \\u00a0 \\u00a0 <li>\\n\\u00a0 \\u00a0 \\u00a0 \\u00a0 \\u00a0 \\u00a0 <strong>Logika Pemilihan Server Mikrotik:</strong> Sistem kini otomatis mencocokkan nama area pelanggan dengan server Mikrotik yang sesuai. Sebelumnya, sistem hanya memilih server pertama dalam daftar.\\n\\u00a0 \\u00a0 \\u00a0 \\u00a0 </li>\\n\\u00a0 \\u00a0 \\u00a0 \\u00a0 <li>\\n\\u00a0 \\u00a0 \\u00a0 \\u00a0 \\u00a0 \\u00a0 <strong>Relasi Data Mikrotik:</strong> Perbaikan pada relasi database yang sebelumnya menyebabkan <code>AttributeError</code> dan <code>InvalidRequestError</code>. Ditambahkan kolom <code>mikrotik_server_id</code> dan relasi dua arah antar model.\\n\\u00a0 \\u00a0 \\u00a0 \\u00a0 </li>\\n\\u00a0 \\u00a0 \\u00a0 \\u00a0 <li>\\n\\u00a0 \\u00a0 \\u00a0 \\u00a0 \\u00a0 \\u00a0 <strong>Daftar Profil PPPoE:</strong> Logic pemfilteran profil PPPoE diperbaiki agar seluruh profil yang aktif dapat muncul sesuai area/server.\\n\\u00a0 \\u00a0 \\u00a0 \\u00a0 </li>\\n\\u00a0 \\u00a0 \\u00a0 \\u00a0 <li>\\n\\u00a0 \\u00a0 \\u00a0 \\u00a0 \\u00a0 \\u00a0 <strong>Dropdown Pelanggan:</strong> Perbaikan pada struktur tampilan dropdown di form \\\"Tambah Langganan\\\". Nama pelanggan yang sebelumnya tampil ganda kini hanya muncul satu kali.\\n\\u00a0 \\u00a0 \\u00a0 \\u00a0 </li>\\n\\u00a0 \\u00a0 \\u00a0 \\u00a0 <li>\\n\\u00a0 \\u00a0 \\u00a0 \\u00a0 \\u00a0 \\u00a0 <strong>Suspended/Unsuspended:</strong> Perbaikan pada fitur otomatisasi status suspend/unsuspend berdasarkan status pembayaran. Status pelanggan kini diperbarui secara konsisten dan akurat.\\n\\u00a0 \\u00a0 \\u00a0 \\u00a0 </li>\\n\\u00a0 \\u00a0 \\u00a0 \\u00a0 <li>\\n\\u00a0 \\u00a0 \\u00a0 \\u00a0 \\u00a0 \\u00a0 <strong>Dashboard Jakinet:</strong> Bug yang menyebabkan area \\\"Jelantik\\\" dan \\\"Jelantik Nagrak\\\" tidak muncul di dashboard telah diperbaiki.\\n\\u00a0 \\u00a0 \\u00a0 \\u00a0 </li>\\n\\u00a0 \\u00a0 </ul>\\n\\n\\u00a0 \\u00a0 <h2>System Improvements</h2>\\n\\u00a0 \\u00a0 <ul>\\n\\u00a0 \\u00a0 \\u00a0 \\u00a0 <li>\\n\\u00a0 \\u00a0 \\u00a0 \\u00a0 \\u00a0 \\u00a0 <strong>Activity Log:</strong> Penambahan fitur log aktivitas untuk mencatat semua tindakan penting seperti pembuatan invoice, update data, dan lainnya. <span class=\\\"new-user-label\\\">NEW</span>\\n\\u00a0 \\u00a0 \\u00a0 \\u00a0 </li>\\n\\u00a0 \\u00a0 \\u00a0 \\u00a0 <li>\\n\\u00a0 \\u00a0 \\u00a0 \\u00a0 \\u00a0 \\u00a0 <strong>Database Optimization:</strong> Refactor model dan optimasi query untuk menghindari masalah N+1 di entitas <code>Pelanggan</code>, <code>Langganan</code>, <code>Data Teknis</code>, dan <code>Invoice</code>.\\n\\u00a0 \\u00a0 \\u00a0 \\u00a0 </li>\\n\\u00a0 \\u00a0 \\u00a0 \\u00a0 <li>\\n\\u00a0 \\u00a0 \\u00a0 \\u00a0 \\u00a0 \\u00a0 <strong>Stabilitas Script Main:</strong> Perbaikan pada script <code>main.py</code> untuk menghindari pembuatan invoice ganda. Sekarang proses berjalan lebih stabil dan terkontrol.\\n\\u00a0 \\u00a0 \\u00a0 \\u00a0 </li>\\n\\u00a0 \\u00a0 \\u00a0 \\u00a0 <li>\\n\\u00a0 \\u00a0 \\u00a0 \\u00a0 \\u00a0 \\u00a0 <strong>Integrasi Mikrotik:</strong> Data teknis sekarang diambil langsung dari Mikrotik, bukan lagi dari OLT, untuk penyederhanaan manajemen perangkat.\\n\\u00a0 \\u00a0 \\u00a0 \\u00a0 </li>\\n\\u00a0 \\u00a0 </ul>\\n\\n\\u00a0 \\u00a0 <h2>New Feature</h2>\\n\\u00a0 \\u00a0 <ul>\\n\\u00a0 \\u00a0 \\u00a0 \\u00a0 <li>\\n\\u00a0 \\u00a0 \\u00a0 \\u00a0 \\u00a0 \\u00a0 <strong>Penanda \\\"NEW USER\\\":</strong> Pelanggan yang belum memiliki langganan akan otomatis ditandai dengan label <span class=\\\"new-user-label\\\">NEW USER</span> di form \\\"Tambah Langganan\\\".\\n\\u00a0 \\u00a0 \\u00a0 \\u00a0 </li>\\n\\u00a0 \\u00a0 </ul>\\n\\n\\u00a0 \\u00a0 <p>Silakan update ke versi ini untuk mendapatkan semua perubahan di atas.</p>\\n\\n\\u00a0 \\u00a0 <p><strong>\\u2014 Dev Team</strong></p>\\n</div>\\n\\n</body>\\n</html>\\n\", \"tipe\": \"Pembaruan\", \"versi\": \"2.5.2\", \"id\": 9, \"created_at\": \"2025-09-09T22:37:58\"}'),(131,6,'2025-09-14 09:47:39.486880','POST /api/calculator/prorate','{\"id_brand\": \"ajn-03\", \"paket_layanan_id\": 9, \"tgl_mulai\": \"2025-09-14\"}'),(132,6,'2025-09-14 09:52:28.466490','POST /api/pelanggan/','{\"nama\": \"Neneng Sri Mulyati \", \"no_ktp\": \"3172054903740002\", \"email\": \"sneneng071@gmail.com\", \"no_telp\": \"087874087567\", \"layanan\": \"Internet 10 Mbps\", \"alamat\": \"Rusun Nagrak\", \"blok\": \"Tower 3\", \"unit\": \"508\", \"tgl_instalasi\": \"2025-09-14\", \"alamat_2\": \"rusun nagrak tower 3 lantai 5 unit 8\", \"id_brand\": \"ajn-03\"}'),(133,6,'2025-09-14 14:56:58.435494','POST /api/pelanggan/','{\"nama\": \"Fitriyanih\", \"no_ktp\": \"3172057009841001\", \"email\": \"raseljulianmorenorasel@gmail.com\", \"no_telp\": \"088293848961\", \"layanan\": \"Internet 10 Mbps\", \"alamat\": \"Rusun Nagrak\", \"blok\": \"Tower 3\", \"unit\": \"905\", \"tgl_instalasi\": \"2025-09-14\", \"alamat_2\": \"Nagrak tower 3 905\", \"id_brand\": \"ajn-03\"}'),(134,1,'2025-09-14 19:03:14.665050','POST /api/pelanggan/','{\"nama\": \"Customer Service\", \"no_ktp\": \"3423434545455434\", \"email\": \"csqontak@ajnusa.com\", \"no_telp\": \"08784397554044\", \"layanan\": \"Internet 10 Mbps\", \"alamat\": \"Tambun\", \"blok\": \"AA\", \"unit\": \"22\", \"tgl_instalasi\": \"2025-09-14\", \"alamat_2\": \"Jl. Bintara jaya\", \"id_brand\": \"ajn-02\"}'),(135,1,'2025-09-14 19:04:26.169389','DELETE /api/pelanggan/179',NULL),(136,1,'2025-09-15 09:57:12.511550','POST /api/users/','{\"id\": null, \"name\": \"NOC-Baihaqi\", \"email\": \"baihaqi@noc.com\", \"password\": \"NOC@aj8118\", \"role_id\": 2}'),(137,1,'2025-09-15 09:57:44.140633','POST /api/users/','{\"id\": null, \"name\": \"NOC-Dani\", \"email\": \"dani@noc.com\", \"password\": \"NOC@aj8118\", \"role_id\": 2}'),(138,1,'2025-09-15 09:58:19.855867','POST /api/users/','{\"id\": null, \"name\": \"NOC-Irsyad\", \"email\": \"irsyad@noc.com\", \"password\": \"NOC@aj8118\", \"role_id\": 2}'),(139,1,'2025-09-15 09:58:26.951780','DELETE /api/users/5',NULL),(140,1,'2025-09-15 09:59:06.048555','POST /api/users/','{\"id\": null, \"name\": \"NOC-Rizki\", \"email\": \"rizki@noc.com\", \"password\": \"NOC@aj8118\", \"role_id\": 2}'),(141,1,'2025-09-15 09:59:40.747253','POST /api/users/','{\"id\": null, \"name\": \"NOC-Koko\", \"email\": \"koko@noc.com\", \"password\": \"NOC@aj8118\", \"role_id\": 2}'),(142,1,'2025-09-15 10:00:15.903205','POST /api/users/','{\"id\": null, \"name\": \"NOC-Rayhan\", \"email\": \"rayhan@noc.com\", \"password\": \"NOC@aj8118\", \"role_id\": 2}'),(143,1,'2025-09-15 11:06:28.437868','PATCH /api/data_teknis/1','{\"pelanggan_id\": 1, \"mikrotik_server_id\": 1, \"odp_id\": 3, \"otb\": 0, \"odc\": 0, \"port_odp\": null, \"id_vlan\": \"100\", \"id_pelanggan\": \"TMB-MGG-109-Yusuf\", \"password_pppoe\": \"support123.!!\", \"ip_pelanggan\": \"192.168.30.6\", \"olt\": \"Tambun\", \"olt_custom\": \"\", \"pon\": 1, \"onu_power\": -15, \"sn\": null, \"speedtest_proof\": null, \"id\": 1}'),(144,1,'2025-09-15 11:35:06.992487','POST /api/users/','{\"id\": null, \"name\": \"CS\", \"email\": \"cs@ajnusa.com\", \"password\": \"satlink2020\", \"role_id\": 5}'),(145,6,'2025-09-15 11:52:31.718769','POST /api/calculator/prorate','{\"id_brand\": \"ajn-02\", \"paket_layanan_id\": 6, \"tgl_mulai\": \"2025-09-15\"}'),(146,6,'2025-09-15 11:52:37.773624','POST /api/calculator/prorate','{\"id_brand\": \"ajn-02\", \"paket_layanan_id\": 6, \"tgl_mulai\": \"2025-09-16\"}'),(147,6,'2025-09-15 11:57:53.272804','POST /api/calculator/prorate','{\"id_brand\": \"ajn-02\", \"paket_layanan_id\": 6, \"tgl_mulai\": \"2025-09-30\"}'),(148,6,'2025-09-15 11:58:07.128161','POST /api/calculator/prorate','{\"id_brand\": \"ajn-02\", \"paket_layanan_id\": 6, \"tgl_mulai\": \"2025-09-15\"}'),(149,6,'2025-09-15 11:58:14.823425','POST /api/calculator/prorate','{\"id_brand\": \"ajn-02\", \"paket_layanan_id\": 6, \"tgl_mulai\": \"2025-09-16\"}'),(150,6,'2025-09-15 11:58:21.693475','POST /api/calculator/prorate','{\"id_brand\": \"ajn-02\", \"paket_layanan_id\": 6, \"tgl_mulai\": \"2025-10-01\"}'),(151,1,'2025-09-15 13:13:51.453099','PATCH /api/roles/7','{\"name\": \"Bos Gudang\", \"permission_ids\": [81, 64, 84, 67, 83, 66, 46, 65, 38, 78, 80, 55, 82]}'),(152,1,'2025-09-15 13:14:17.936443','PATCH /api/roles/7','{\"name\": \"Bos Gudang\", \"permission_ids\": [93, 13, 81, 68, 85, 9, 17, 49, 45, 5, 60, 64, 21, 1, 33, 89, 29, 37, 41, 25, 96, 16, 84, 71, 88, 12, 20, 52, 48, 8, 63, 67, 24, 4, 36, 92, 32, 40, 44, 28, 95, 15, 83, 70, 87, 11, 19, 51, 47, 7, 62, 66, 23, 3, 35, 91, 31, 39, 43, 27, 94, 14, 82, 69, 86, 10, 18, 50, 46, 6, 61, 65, 22, 2, 34, 90, 30, 38, 42, 26, 73, 59, 76, 79, 75, 56, 57, 77, 74, 78, 80, 53, 54, 55, 72, 58]}'),(153,1,'2025-09-15 13:14:49.656395','PATCH /api/roles/7','{\"name\": \"Bos Gudang\", \"permission_ids\": [5, 6, 7, 8, 17, 18, 19, 20, 21, 22, 23, 24, 25, 26, 27, 28, 29, 30, 31, 32, 33, 34, 35, 36, 37, 38, 39, 40, 41, 42, 43, 44, 45, 46, 47, 48, 49, 50, 51, 52, 53, 55, 56, 58, 59, 60, 61, 62, 63, 64, 65, 66, 67, 72, 73, 74, 76, 77, 78, 79, 80, 81, 82, 83, 84, 89, 90, 91, 92]}'),(154,1,'2025-09-15 13:15:13.966627','PATCH /api/roles/7','{\"name\": \"Bos Gudang\", \"permission_ids\": [21, 22, 23, 24, 25, 26, 27, 28, 29, 30, 31, 32, 33, 34, 35, 36, 37, 38, 39, 40, 41, 42, 43, 44, 45, 46, 47, 48, 53, 55, 56, 58, 59, 60, 61, 62, 63, 64, 65, 66, 67, 73, 74, 76, 77, 78, 79, 80, 81, 82, 83, 84, 89, 90, 91, 92]}'),(155,1,'2025-09-15 13:15:58.783818','PATCH /api/roles/7','{\"name\": \"Bos Gudang\", \"permission_ids\": [21, 22, 23, 24, 33, 34, 35, 36, 37, 38, 39, 40, 45, 46, 47, 48, 60, 61, 62, 63, 64, 65, 66, 67, 76, 77, 78, 80, 81, 82, 83, 84, 89, 90, 91, 92, 10, 75, 55, 72]}'),(156,1,'2025-09-15 13:16:28.875537','PATCH /api/roles/7','{\"name\": \"Bos Gudang\", \"permission_ids\": [10, 21, 22, 23, 24, 33, 34, 35, 36, 37, 38, 39, 40, 45, 46, 47, 48, 55, 60, 61, 62, 63, 64, 65, 66, 67, 72, 75, 80, 81, 82, 83, 84, 89, 90, 91, 92, 54, 2]}'),(157,1,'2025-09-15 13:16:42.601048','POST /api/permissions/generate',NULL),(158,1,'2025-09-15 13:16:53.526480','PATCH /api/roles/7','{\"name\": \"Bos Gudang\", \"permission_ids\": [93, 13, 81, 68, 85, 9, 17, 49, 45, 5, 60, 64, 21, 1, 33, 89, 29, 37, 41, 25, 96, 16, 84, 71, 88, 12, 20, 52, 48, 8, 63, 67, 24, 4, 36, 92, 32, 40, 44, 28, 95, 15, 83, 70, 87, 11, 19, 51, 47, 7, 62, 66, 23, 3, 35, 91, 31, 39, 43, 27, 94, 14, 82, 69, 86, 10, 18, 50, 46, 6, 61, 65, 22, 2, 34, 90, 30, 38, 42, 26, 73, 59, 76, 79, 75, 56, 57, 77, 74, 78, 80, 53, 54, 55, 72, 58]}'),(159,1,'2025-09-15 13:19:24.194929','POST /api/permissions/generate',NULL),(160,1,'2025-09-15 13:20:24.406107','PATCH /api/roles/7','{\"name\": \"Bos Gudang\", \"permission_ids\": [38, 64, 65, 66, 67, 76, 77, 78, 80, 82, 83, 84, 81, 97, 100, 98, 99, 55]}'),(161,6,'2025-09-15 13:42:04.938761','POST /api/pelanggan/','{\"nama\": \"Dadan Nuryaman\", \"no_ktp\": \"3215131810890001\", \"email\": \"dadan.krw.dn@gmail.com\", \"no_telp\": \"085773311909\", \"layanan\": \"Internet 20 Mbps\", \"alamat\": \"Waringin\", \"blok\": \"B6\", \"unit\": \"9\", \"tgl_instalasi\": \"2025-09-16\", \"alamat_2\": \"Puri Sava Blok B6 No.9\", \"id_brand\": \"ajn-02\"}'),(162,19,'2025-09-15 13:50:21.311195','POST /api/data_teknis/check-ip','{\"ip_address\": \"192\", \"current_id\": null}'),(163,19,'2025-09-15 13:50:23.293946','POST /api/data_teknis/check-ip','{\"ip_address\": \"192.168\", \"current_id\": null}'),(164,19,'2025-09-15 13:50:25.971782','POST /api/data_teknis/check-ip','{\"ip_address\": \"192.1\", \"current_id\": null}'),(165,19,'2025-09-15 13:50:28.662046','POST /api/data_teknis/check-ip','{\"ip_address\": \"192.16\", \"current_id\": null}'),(166,19,'2025-09-15 13:50:29.596778','POST /api/data_teknis/check-ip','{\"ip_address\": \"192.168\", \"current_id\": null}'),(167,19,'2025-09-15 13:50:30.335763','POST /api/data_teknis/check-ip','{\"ip_address\": \"192.168.\", \"current_id\": null}'),(168,19,'2025-09-15 13:50:33.319483','POST /api/data_teknis/check-ip','{\"ip_address\": \"192.168.40\", \"current_id\": null}'),(169,19,'2025-09-15 13:50:33.811461','POST /api/data_teknis/check-ip','{\"ip_address\": \"192.168.40.\", \"current_id\": null}'),(170,19,'2025-09-15 13:50:41.598080','POST /api/data_teknis/check-ip','{\"ip_address\": \"192.168.40.10\", \"current_id\": null}'),(171,19,'2025-09-15 13:50:42.398183','POST /api/data_teknis/check-ip','{\"ip_address\": \"192.168.40.105\", \"current_id\": null}'),(172,19,'2025-09-15 13:50:46.471031','POST /api/data_teknis/check-ip','{\"ip_address\": \"192.168.40.1\", \"current_id\": null}'),(173,19,'2025-09-15 13:50:48.770958','POST /api/data_teknis/check-ip','{\"ip_address\": \"192.168.40.107\", \"current_id\": null}'),(174,19,'2025-09-15 13:50:53.091026','POST /api/data_teknis/check-ip','{\"ip_address\": \"192.168.40.1\", \"current_id\": null}'),(175,19,'2025-09-15 13:50:54.036336','POST /api/data_teknis/check-ip','{\"ip_address\": \"192.168.40.100\", \"current_id\": null}'),(176,19,'2025-09-15 13:50:58.316544','POST /api/data_teknis/check-ip','{\"ip_address\": \"192.168.40.1\", \"current_id\": null}'),(177,19,'2025-09-15 13:51:00.050843','POST /api/data_teknis/check-ip','{\"ip_address\": \"192.168.40.10\", \"current_id\": null}'),(178,19,'2025-09-15 13:51:01.463084','POST /api/data_teknis/check-ip','{\"ip_address\": \"192.168.40.101\", \"current_id\": null}'),(179,19,'2025-09-15 13:51:02.984732','POST /api/data_teknis/check-ip','{\"ip_address\": \"192.168.40.10\", \"current_id\": null}'),(180,19,'2025-09-15 13:51:05.978530','POST /api/data_teknis/check-ip','{\"ip_address\": \"192.168.40.111\", \"current_id\": null}'),(181,19,'2025-09-15 13:51:08.932533','POST /api/data_teknis/check-ip','{\"ip_address\": \"192.168.40.110\", \"current_id\": null}'),(182,19,'2025-09-15 13:51:12.202730','POST /api/data_teknis/check-ip','{\"ip_address\": \"192.168.40.111\", \"current_id\": null}'),(183,19,'2025-09-15 13:51:39.981719','POST /api/data_teknis/','{\"pon\": 0, \"otb\": 0, \"odc\": 0, \"odp\": 0, \"onu_power\": 0, \"profile_pppoe\": \"20Mbps-a\\n\", \"pelanggan_id\": 180, \"mikrotik_server_id\": 3, \"olt\": \"Waringin\", \"id_pelanggan\": \"WRG-B6-9-Dadan\", \"password_pppoe\": \"SUPPORT123.!!\", \"ip_pelanggan\": \"192.168.40.111\", \"id_vlan\": \"10\"}'),(184,19,'2025-09-15 13:53:04.237179','PATCH /api/data_teknis/178','{\"pelanggan_id\": 180, \"mikrotik_server_id\": 3, \"odp_id\": null, \"otb\": 0, \"odc\": 0, \"port_odp\": null, \"id_vlan\": \"10\", \"id_pelanggan\": \"WRG-B6-9-Dadan\", \"password_pppoe\": \"support123.!!\", \"ip_pelanggan\": \"192.168.40.111\", \"olt\": \"Waringin\", \"olt_custom\": null, \"pon\": 0, \"onu_power\": 0, \"sn\": null, \"speedtest_proof\": null, \"id\": 178}'),(185,19,'2025-09-15 13:54:13.541383','PATCH /api/data_teknis/178','{\"pelanggan_id\": 180, \"mikrotik_server_id\": 3, \"odp_id\": null, \"otb\": 0, \"odc\": 0, \"port_odp\": null, \"id_vlan\": \"10\", \"id_pelanggan\": \"WRG-B6-9-Dadan\", \"password_pppoe\": \"support123.!!\", \"ip_pelanggan\": \"192.168.40.111\", \"profile_pppoe\": \"20Mbps-a\\n\", \"olt\": \"Waringin\", \"olt_custom\": null, \"pon\": 0, \"onu_power\": 0, \"sn\": null, \"speedtest_proof\": null, \"id\": 178}'),(186,3,'2025-09-15 13:59:45.038451','POST /api/langganan/calculate-price','{\"paket_layanan_id\": 6, \"metode_pembayaran\": \"Otomatis\", \"pelanggan_id\": 180}'),(187,3,'2025-09-15 13:59:50.631718','POST /api/langganan/calculate-price','{\"paket_layanan_id\": 6, \"metode_pembayaran\": \"Prorate\", \"pelanggan_id\": 180, \"tgl_mulai\": \"2025-09-16\"}'),(188,3,'2025-09-15 14:00:41.096286','POST /api/langganan/','{\"pelanggan_id\": 180, \"paket_layanan_id\": 6, \"status\": \"Aktif\", \"metode_pembayaran\": \"Prorate\", \"tgl_mulai_langganan\": \"2025-09-16\", \"sertakan_bulan_depan\": false}'),(189,3,'2025-09-15 14:00:57.177723','POST /api/invoices/generate','{\"langganan_id\": 172}'),(190,1,'2025-09-15 14:03:18.168794','POST /api/permissions/generate',NULL),(191,1,'2025-09-15 14:03:50.515858','POST /api/permissions/generate',NULL),(192,1,'2025-09-15 17:45:11.319697','POST /api/pelanggan/','{\"nama\": \"VIBA COBA\", \"no_ktp\": \"3736362726364655\", \"email\": \"riski@gmail.com\", \"no_telp\": \"08674662553\", \"layanan\": \"Internet 10 Mbps\", \"alamat\": \"Tambun\", \"blok\": \"A\", \"unit\": \"22\", \"tgl_instalasi\": \"2025-09-15\", \"alamat_2\": \"Pinjs\", \"id_brand\": \"ajn-02\"}'),(193,1,'2025-09-15 17:50:25.391146','DELETE /api/pelanggan/176',NULL),(194,1,'2025-09-15 17:50:35.366160','PATCH /api/pelanggan/181','{\"no_ktp\": \"3736362726364655\", \"nama\": \"VIBA COBA\", \"alamat\": \"Waringin\", \"alamat_2\": \"Pinjs\", \"tgl_instalasi\": \"2025-09-15\", \"blok\": \"A\", \"unit\": \"22\", \"no_telp\": \"08674662553\", \"email\": \"riski@gmail.com\", \"id_brand\": \"ajn-02\", \"layanan\": \"Internet 10 Mbps\", \"id\": 181, \"harga_layanan\": {\"id_brand\": \"ajn-02\", \"brand\": \"JELANTIK\", \"pajak\": 11, \"xendit_key_name\": \"JELANTIK\"}}'),(195,1,'2025-09-15 17:53:24.163594','DELETE /api/pelanggan/181',NULL),(196,1,'2025-09-15 17:56:04.928047','POST /api/pelanggan/','{\"nama\": \"Coba Coba\", \"no_ktp\": \"6365252737474882\", \"email\": \"coba@coba.com\", \"no_telp\": \"098766726637\", \"layanan\": \"Internet 10 Mbps\", \"alamat\": \"Waringin\", \"blok\": \"A\", \"unit\": \"2\", \"tgl_instalasi\": \"2025-09-15\", \"alamat_2\": \"Test\", \"id_brand\": \"ajn-02\"}'),(197,10,'2025-09-15 17:56:56.661123','POST /api/data_teknis/check-ip','{\"ip_address\": \"192.168.\", \"current_id\": null}'),(198,10,'2025-09-15 17:56:57.843948','POST /api/data_teknis/check-ip','{\"ip_address\": \"192.168.40.111\", \"current_id\": null}'),(199,10,'2025-09-15 17:57:04.818829','POST /api/data_teknis/check-ip','{\"ip_address\": \"192.168.40.112\", \"current_id\": null}'),(200,10,'2025-09-15 17:57:27.090376','POST /api/data_teknis/','{\"pon\": 0, \"otb\": 0, \"odc\": 0, \"odp\": 0, \"onu_power\": 0, \"profile_pppoe\": \"10Mbps-m\", \"pelanggan_id\": 182, \"mikrotik_server_id\": 3, \"olt\": \"Waringin\", \"id_pelanggan\": \"cobaaaa2222\", \"password_pppoe\": \"PASSWORDDDSASF\", \"ip_pelanggan\": \"192.168.40.112\", \"id_vlan\": \"10\"}'),(201,10,'2025-09-15 17:58:25.388617','PATCH /api/data_teknis/179','{\"pelanggan_id\": 182, \"mikrotik_server_id\": 3, \"odp_id\": null, \"otb\": 0, \"odc\": 0, \"port_odp\": null, \"id_vlan\": \"10\", \"id_pelanggan\": \"cobaaaa2222\", \"password_pppoe\": \"PASSWORDDDSASF\", \"ip_pelanggan\": \"192.168.40.112\", \"profile_pppoe\": \"10Mbps-b\", \"olt\": \"Waringin\", \"olt_custom\": null, \"pon\": 0, \"onu_power\": 0, \"sn\": null, \"speedtest_proof\": null, \"id\": 179}'),(202,10,'2025-09-15 17:58:56.129862','DELETE /api/data_teknis/179',NULL),(203,1,'2025-09-15 17:59:09.315032','DELETE /api/pelanggan/182',NULL),(204,3,'2025-09-16 11:30:52.646814','POST /api/calculator/prorate','{\"id_brand\": \"ajn-01\", \"paket_layanan_id\": 1, \"tgl_mulai\": \"2025-09-16\"}'),(205,6,'2025-09-16 12:37:44.118611','POST /api/pelanggan/','{\"nama\": \"Rossita\", \"no_ktp\": \"3175026106950001\", \"email\": \"aalmira295@gmail.com\", \"no_telp\": \"0881025375869\", \"layanan\": \"Internet 10 Mbps\", \"alamat\": \"Rusun Pinus Elok\", \"blok\": \"A5\", \"unit\": \"518\", \"tgl_instalasi\": \"2025-09-16\", \"alamat_2\": \"rusun Pinus elok blok A5 518\", \"id_brand\": \"ajn-01\"}'),(206,6,'2025-09-16 12:42:09.306393','POST /api/pelanggan/','{\"nama\": \"Hera\", \"no_ktp\": \"3171084910040007\", \"email\": \"agnesmall87@gmail.com\", \"no_telp\": \"088289336676\", \"layanan\": \"Internet 10 Mbps\", \"alamat\": \"Rusun Pinus Elok\", \"blok\": \"A5\", \"unit\": \"517\", \"tgl_instalasi\": \"2025-09-16\", \"alamat_2\": \"rusun Pinus elok blok A5 517\", \"id_brand\": \"ajn-01\"}'),(207,19,'2025-09-16 13:42:39.668187','POST /api/data_teknis/check-ip','{\"ip_address\": \"192.1687\", \"current_id\": null}'),(208,19,'2025-09-16 13:42:46.715669','POST /api/data_teknis/check-ip','{\"ip_address\": \"192.168.\", \"current_id\": null}'),(209,19,'2025-09-16 13:43:01.263034','POST /api/data_teknis/check-ip','{\"ip_address\": \"192.168.40\", \"current_id\": null}'),(210,19,'2025-09-16 13:43:01.263892','POST /api/data_teknis/check-ip','{\"ip_address\": \"192.168.4\", \"current_id\": null}'),(211,19,'2025-09-16 13:43:31.546114','POST /api/data_teknis/check-ip','{\"ip_address\": \"192.168.40.\", \"current_id\": null}'),(212,19,'2025-09-16 13:43:31.549346','POST /api/data_teknis/check-ip','{\"ip_address\": \"192.168.40.39\", \"current_id\": null}'),(213,19,'2025-09-16 13:43:38.379698','POST /api/data_teknis/check-ip','{\"ip_address\": \"192.168.40.\", \"current_id\": null}'),(214,19,'2025-09-16 13:43:38.383088','POST /api/data_teknis/check-ip','{\"ip_address\": \"192.168.40.40\", \"current_id\": null}'),(215,19,'2025-09-16 13:46:00.624608','POST /api/data_teknis/check-ip','{\"ip_address\": \"192.168.40.\", \"current_id\": null}'),(216,3,'2025-09-16 16:30:16.465694','POST /api/langganan/calculate-price','{\"paket_layanan_id\": 5, \"metode_pembayaran\": \"Otomatis\", \"pelanggan_id\": 1}'),(217,6,'2025-09-17 10:06:26.578006','POST /api/calculator/prorate','{\"id_brand\": \"ajn-02\", \"paket_layanan_id\": 5, \"tgl_mulai\": \"2025-09-17\"}'),(218,6,'2025-09-17 11:37:26.322795','POST /api/calculator/prorate','{\"id_brand\": \"ajn-01\", \"paket_layanan_id\": 1, \"tgl_mulai\": \"2025-09-17\"}'),(219,3,'2025-09-18 09:14:13.828754','POST /api/langganan/calculate-price','{\"paket_layanan_id\": 5, \"metode_pembayaran\": \"Otomatis\", \"pelanggan_id\": 169}'),(220,3,'2025-09-18 09:16:40.331099','POST /api/langganan/calculate-price','{\"paket_layanan_id\": 5, \"metode_pembayaran\": \"Prorate\", \"pelanggan_id\": 169, \"tgl_mulai\": \"2025-09-18\"}'),(221,3,'2025-09-18 09:16:44.143639','PATCH /api/langganan/166','{\"paket_layanan_id\": 5, \"status\": \"Suspended\", \"metode_pembayaran\": \"Prorate\", \"tgl_jatuh_tempo\": \"2025-09-30\", \"harga_awal\": 72150}'),(222,3,'2025-09-18 09:18:10.742787','POST /api/invoices/generate','{\"langganan_id\": 166}'),(223,1,'2025-09-18 09:28:47.360793','POST /api/mikrotik_servers/6/test_connection',NULL),(224,6,'2025-09-19 07:32:04.968092','POST /api/calculator/prorate','{\"id_brand\": \"ajn-02\", \"paket_layanan_id\": 5, \"tgl_mulai\": \"2025-09-19\"}'),(225,6,'2025-09-19 07:32:21.360863','POST /api/calculator/prorate','{\"id_brand\": \"ajn-02\", \"paket_layanan_id\": 5, \"tgl_mulai\": \"2025-09-20\"}'),(226,6,'2025-09-19 07:32:32.753530','POST /api/calculator/prorate','{\"id_brand\": \"ajn-02\", \"paket_layanan_id\": 5, \"tgl_mulai\": \"2025-09-19\"}'),(227,6,'2025-09-19 07:59:42.750249','POST /api/pelanggan/','{\"nama\": \"Suhendar\", \"no_ktp\": \"3673020912920001\", \"email\": \"muslihahanakhendar@gmail.com\", \"no_telp\": \"087844090638\", \"layanan\": \"Internet 10 Mbps\", \"alamat\": \"Waringin\", \"blok\": \"B5\", \"unit\": \"23\", \"tgl_instalasi\": \"2025-09-19\", \"alamat_2\": \"Puri sava  Blok B 5 no 23\", \"id_brand\": \"ajn-02\"}'),(228,19,'2025-09-19 08:59:50.919685','POST /api/data_teknis/check-ip','{\"ip_address\": \"1\", \"current_id\": null}'),(229,19,'2025-09-19 08:59:52.410134','POST /api/data_teknis/check-ip','{\"ip_address\": \"192\", \"current_id\": null}'),(230,19,'2025-09-19 08:59:54.999679','POST /api/data_teknis/check-ip','{\"ip_address\": \"192.168.\", \"current_id\": null}'),(231,19,'2025-09-19 08:59:56.764925','POST /api/data_teknis/check-ip','{\"ip_address\": \"192.168.40.\", \"current_id\": null}'),(232,19,'2025-09-19 09:00:39.260351','POST /api/data_teknis/check-ip','{\"ip_address\": \"192.168.40.113\", \"current_id\": null}'),(233,19,'2025-09-19 09:01:28.951108','POST /api/data_teknis/','{\"pon\": 0, \"otb\": 0, \"odc\": 0, \"odp\": 0, \"onu_power\": 0, \"profile_pppoe\": \"10Mbps-a\\n\", \"pelanggan_id\": 186, \"mikrotik_server_id\": 3, \"olt\": \"Waringin\", \"id_pelanggan\": \"WRG-B5-23-Suhendar\", \"password_pppoe\": \" support123.!!\", \"ip_pelanggan\": \"192.168.40.113\", \"id_vlan\": \"10\"}'),(234,1,'2025-09-19 09:20:00.816806','POST /api/data_teknis/check-ip','{\"ip_address\": \"192.168.40.112\", \"current_id\": 180}'),(235,1,'2025-09-19 09:20:03.758030','PATCH /api/data_teknis/180','{\"pelanggan_id\": 186, \"mikrotik_server_id\": 3, \"odp_id\": null, \"otb\": 0, \"odc\": 0, \"port_odp\": null, \"id_vlan\": \"10\", \"id_pelanggan\": \"WRG-B5-23-Suhendar\", \"password_pppoe\": \" support123.!!\", \"ip_pelanggan\": \"192.168.40.112\", \"olt\": \"Waringin\", \"olt_custom\": null, \"pon\": 0, \"onu_power\": 0, \"sn\": null, \"speedtest_proof\": null, \"id\": 180}'),(236,1,'2025-09-19 09:20:41.535330','PATCH /api/data_teknis/180','{\"pelanggan_id\": 186, \"mikrotik_server_id\": 3, \"odp_id\": null, \"otb\": 0, \"odc\": 0, \"port_odp\": null, \"id_vlan\": \"10\", \"id_pelanggan\": \"WRG-B5-23-Suhendar\", \"password_pppoe\": \" support123.!!\", \"ip_pelanggan\": \"192.168.40.112\", \"profile_pppoe\": \"10Mbps-c\", \"olt\": \"Waringin\", \"olt_custom\": null, \"pon\": 0, \"onu_power\": 0, \"sn\": null, \"speedtest_proof\": null, \"id\": 180}'),(237,19,'2025-09-19 09:21:55.057539','POST /api/data_teknis/check-ip','{\"ip_address\": \"192.168.40.112\", \"current_id\": 180}'),(238,3,'2025-09-19 09:27:17.960445','POST /api/langganan/calculate-price','{\"paket_layanan_id\": 5, \"metode_pembayaran\": \"Otomatis\", \"pelanggan_id\": 186}'),(239,3,'2025-09-19 09:27:23.294349','POST /api/langganan/calculate-price','{\"paket_layanan_id\": 5, \"metode_pembayaran\": \"Prorate\", \"pelanggan_id\": 186, \"tgl_mulai\": \"2025-09-19\"}'),(240,3,'2025-09-19 09:27:34.915933','POST /api/langganan/','{\"pelanggan_id\": 186, \"paket_layanan_id\": 5, \"status\": \"Aktif\", \"metode_pembayaran\": \"Prorate\", \"tgl_mulai_langganan\": \"2025-09-19\", \"sertakan_bulan_depan\": false}'),(241,3,'2025-09-19 09:28:39.492303','POST /api/invoices/generate','{\"langganan_id\": 173}'),(242,6,'2025-09-20 09:41:49.185813','POST /api/calculator/prorate','{\"id_brand\": \"ajn-02\", \"paket_layanan_id\": 5, \"tgl_mulai\": \"2025-09-20\"}'),(243,6,'2025-09-20 09:41:53.327163','POST /api/calculator/prorate','{\"id_brand\": \"ajn-02\", \"paket_layanan_id\": 6, \"tgl_mulai\": \"2025-09-20\"}'),(244,3,'2025-09-20 14:40:21.844110','POST /api/calculator/prorate','{\"id_brand\": \"ajn-02\", \"paket_layanan_id\": 6, \"tgl_mulai\": \"2025-09-20\"}'),(245,6,'2025-09-24 13:16:49.226968','POST /api/calculator/prorate','{\"id_brand\": \"ajn-01\", \"paket_layanan_id\": 1, \"tgl_mulai\": \"2025-09-24\"}'),(246,6,'2025-09-24 13:16:55.302144','POST /api/calculator/prorate','{\"id_brand\": \"ajn-01\", \"paket_layanan_id\": 1, \"tgl_mulai\": \"2025-09-26\"}'),(247,6,'2025-09-24 16:19:09.552634','POST /api/calculator/prorate','{\"id_brand\": \"ajn-02\", \"paket_layanan_id\": 6, \"tgl_mulai\": \"2025-09-24\"}'),(248,6,'2025-09-24 16:48:35.634272','POST /api/pelanggan/','{\"nama\": \"Denok yuly\", \"no_ktp\": \"3604056707919011\", \"email\": \"defann28@gmail.com\", \"no_telp\": \"083870791901\", \"layanan\": \"Internet 20 Mbps\", \"alamat\": \"Waringin\", \"blok\": \"A1\", \"unit\": \"4\", \"tgl_instalasi\": \"2025-09-24\", \"alamat_2\": \"Puri Sava Waringinkurung A1/4 Ds. Sambilawang Kec. Waringinkurung Kab. Serang\", \"id_brand\": \"ajn-02\"}'),(249,3,'2025-09-24 16:59:10.940327','POST /api/langganan/calculate-price','{\"paket_layanan_id\": 6, \"metode_pembayaran\": \"Otomatis\", \"pelanggan_id\": 187}'),(250,3,'2025-09-24 16:59:30.278411','POST /api/langganan/calculate-prorate-plus-full','{\"paket_layanan_id\": 6, \"metode_pembayaran\": \"Prorate\", \"pelanggan_id\": 187, \"tgl_mulai\": \"2025-09-24\"}'),(251,3,'2025-09-24 16:59:40.256575','POST /api/langganan/','{\"pelanggan_id\": 187, \"paket_layanan_id\": 6, \"status\": \"Aktif\", \"metode_pembayaran\": \"Prorate\", \"tgl_mulai_langganan\": \"2025-09-24\", \"sertakan_bulan_depan\": true}'),(252,13,'2025-09-24 17:01:04.173325','POST /api/data_teknis/check-ip','{\"ip_address\": \"192\", \"current_id\": null}'),(253,13,'2025-09-24 17:01:04.177599','POST /api/data_teknis/check-ip','{\"ip_address\": \"1921\", \"current_id\": null}'),(254,13,'2025-09-24 17:01:07.713136','POST /api/data_teknis/check-ip','{\"ip_address\": \"192.16\", \"current_id\": null}'),(255,13,'2025-09-24 17:01:07.717282','POST /api/data_teknis/check-ip','{\"ip_address\": \"192.168.\", \"current_id\": null}'),(256,13,'2025-09-24 17:01:10.626515','POST /api/data_teknis/check-ip','{\"ip_address\": \"192.168.40.\", \"current_id\": null}'),(257,13,'2025-09-24 17:01:17.330814','POST /api/data_teknis/check-ip','{\"ip_address\": \"192.168.40.110\", \"current_id\": null}'),(258,13,'2025-09-24 17:01:23.082070','POST /api/data_teknis/check-ip','{\"ip_address\": \"192.168.40.1\", \"current_id\": null}'),(259,13,'2025-09-24 17:01:23.351548','POST /api/data_teknis/check-ip','{\"ip_address\": \"192.168.40.112\", \"current_id\": null}'),(260,13,'2025-09-24 17:01:29.023514','POST /api/data_teknis/check-ip','{\"ip_address\": \"192.168.40.1\", \"current_id\": null}'),(261,13,'2025-09-24 17:01:29.030141','POST /api/data_teknis/check-ip','{\"ip_address\": \"192.168.40.115\", \"current_id\": null}'),(262,13,'2025-09-24 17:02:48.905557','POST /api/data_teknis/','{\"pon\": 0, \"otb\": 0, \"odc\": 0, \"odp\": 0, \"onu_power\": 0, \"profile_pppoe\": \"20Mbps-q\", \"pelanggan_id\": 187, \"mikrotik_server_id\": 3, \"olt\": \"Waringin\", \"id_pelanggan\": \"WRG-A1-4-Denok\", \"password_pppoe\": \"support123.!!\", \"ip_pelanggan\": \"192.168.40.115\", \"id_vlan\": \"10\"}'),(263,3,'2025-09-24 17:04:46.291313','POST /api/invoices/generate','{\"langganan_id\": 174}'),(264,13,'2025-09-24 17:21:46.968412','POST /api/data_teknis/check-ip','{\"ip_address\": \"192.168.40.113\", \"current_id\": 181}'),(265,13,'2025-09-24 17:21:53.492827','PATCH /api/data_teknis/181','{\"pelanggan_id\": 187, \"mikrotik_server_id\": 3, \"odp_id\": null, \"otb\": 0, \"odc\": 0, \"port_odp\": null, \"id_vlan\": \"10\", \"id_pelanggan\": \"WRG-A1-4-Denok\", \"password_pppoe\": \"support123.!!\", \"ip_pelanggan\": \"192.168.40.113\", \"profile_pppoe\": \"20Mbps-d\", \"olt\": \"Waringin\", \"olt_custom\": null, \"pon\": 0, \"onu_power\": 0, \"sn\": null, \"speedtest_proof\": null, \"id\": 181}'),(266,6,'2025-09-25 08:51:04.100118','POST /api/calculator/prorate','{\"id_brand\": \"ajn-01\", \"paket_layanan_id\": 1, \"tgl_mulai\": \"2025-09-25\"}'),(267,6,'2025-09-26 09:07:11.513583','POST /api/pelanggan/','{\"nama\": \"Ahmad fauzy\", \"no_ktp\": \"3175060201841001\", \"email\": \"fauzya262@gmail.com\", \"no_telp\": \"082261922920 \", \"layanan\": \"Internet 10 Mbps\", \"alamat\": \"Rusun Pulogebang\", \"blok\": \"B\", \"unit\": \"216\", \"tgl_instalasi\": \"2025-09-26\", \"alamat_2\": \"rusun pulo gebang blok B lantai 2 no 216 rt 08 rw 11 pulo gebang cakung jakarta timur 13950\", \"id_brand\": \"ajn-01\"}'),(268,1,'2025-09-26 15:15:12.759052','DELETE /api/pelanggan/177',NULL),(269,1,'2025-09-26 15:15:13.005740','DELETE /api/pelanggan/178',NULL),(270,1,'2025-09-26 15:19:41.064524','POST /api/mikrotik_servers/4/test_connection',NULL),(271,1,'2025-09-26 16:52:19.492135','POST /api/pelanggan/import','[Data non-JSON, Content-Type: multipart/form-data; boundary=----WebKitFormBoundaryqDcuSQlU3KTTJ5QQ]'),(272,1,'2025-09-26 16:52:37.841484','POST /api/data_teknis/import/csv','[Data non-JSON, Content-Type: multipart/form-data; boundary=----WebKitFormBoundaryKtFYpLR3YOLKhYNZ]'),(273,1,'2025-09-26 16:59:18.466580','POST /api/langganan/import/csv','[Data non-JSON, Content-Type: multipart/form-data; boundary=----WebKitFormBoundaryG2Bd9NB5rKkRPBFQ]'),(274,3,'2025-09-26 17:06:39.912528','POST /api/langganan/calculate-price','{\"paket_layanan_id\": 9, \"metode_pembayaran\": \"Otomatis\", \"pelanggan_id\": 189}'),(275,3,'2025-09-26 17:06:44.413683','PATCH /api/langganan/175','{\"paket_layanan_id\": 9, \"status\": \"Suspended\", \"metode_pembayaran\": \"Otomatis\", \"tgl_jatuh_tempo\": \"2025-10-01\", \"harga_awal\": 150000}'),(276,3,'2025-09-26 17:06:55.873943','POST /api/langganan/calculate-price','{\"paket_layanan_id\": 9, \"metode_pembayaran\": \"Otomatis\", \"pelanggan_id\": 190}'),(277,3,'2025-09-26 17:06:59.185495','PATCH /api/langganan/176','{\"paket_layanan_id\": 9, \"status\": \"Suspended\", \"metode_pembayaran\": \"Otomatis\", \"tgl_jatuh_tempo\": \"2025-10-01\", \"harga_awal\": 150000}'),(278,3,'2025-09-26 17:07:06.894121','POST /api/langganan/calculate-price','{\"paket_layanan_id\": 9, \"metode_pembayaran\": \"Otomatis\", \"pelanggan_id\": 195}'),(279,3,'2025-09-26 17:07:10.302800','PATCH /api/langganan/181','{\"paket_layanan_id\": 9, \"status\": \"Suspended\", \"metode_pembayaran\": \"Otomatis\", \"tgl_jatuh_tempo\": \"2025-10-01\", \"harga_awal\": 150000}'),(280,3,'2025-09-26 17:07:31.503799','POST /api/langganan/calculate-price','{\"paket_layanan_id\": 11, \"metode_pembayaran\": \"Otomatis\", \"pelanggan_id\": 202}'),(281,3,'2025-09-26 17:07:36.249224','PATCH /api/langganan/188','{\"paket_layanan_id\": 11, \"status\": \"Suspended\", \"metode_pembayaran\": \"Otomatis\", \"tgl_jatuh_tempo\": \"2025-10-01\", \"harga_awal\": 248640}'),(282,3,'2025-09-26 17:07:55.348879','POST /api/langganan/calculate-price','{\"paket_layanan_id\": 9, \"metode_pembayaran\": \"Otomatis\", \"pelanggan_id\": 203}'),(283,3,'2025-09-26 17:07:58.617239','PATCH /api/langganan/189','{\"paket_layanan_id\": 9, \"status\": \"Suspended\", \"metode_pembayaran\": \"Otomatis\", \"tgl_jatuh_tempo\": \"2025-10-01\", \"harga_awal\": 150000}'),(284,3,'2025-09-26 17:08:09.692777','POST /api/langganan/calculate-price','{\"paket_layanan_id\": 9, \"metode_pembayaran\": \"Otomatis\", \"pelanggan_id\": 205}'),(285,3,'2025-09-26 17:08:12.644688','PATCH /api/langganan/191','{\"paket_layanan_id\": 9, \"status\": \"Suspended\", \"metode_pembayaran\": \"Otomatis\", \"tgl_jatuh_tempo\": \"2025-10-01\", \"harga_awal\": 150000}'),(286,3,'2025-09-26 17:08:20.593384','POST /api/langganan/calculate-price','{\"paket_layanan_id\": 9, \"metode_pembayaran\": \"Otomatis\", \"pelanggan_id\": 213}'),(287,3,'2025-09-26 17:08:23.373909','PATCH /api/langganan/199','{\"paket_layanan_id\": 9, \"status\": \"Suspended\", \"metode_pembayaran\": \"Otomatis\", \"tgl_jatuh_tempo\": \"2025-10-01\", \"harga_awal\": 150000}'),(288,3,'2025-09-26 17:08:31.634565','POST /api/langganan/calculate-price','{\"paket_layanan_id\": 9, \"metode_pembayaran\": \"Otomatis\", \"pelanggan_id\": 219}'),(289,3,'2025-09-26 17:08:34.814900','PATCH /api/langganan/205','{\"paket_layanan_id\": 9, \"status\": \"Suspended\", \"metode_pembayaran\": \"Otomatis\", \"tgl_jatuh_tempo\": \"2025-10-01\", \"harga_awal\": 150000}'),(290,3,'2025-09-26 17:09:00.009482','POST /api/langganan/calculate-price','{\"paket_layanan_id\": 9, \"metode_pembayaran\": \"Otomatis\", \"pelanggan_id\": 231}'),(291,3,'2025-09-26 17:09:04.726520','POST /api/langganan/calculate-price','{\"paket_layanan_id\": 9, \"metode_pembayaran\": \"Otomatis\", \"pelanggan_id\": 231}'),(292,3,'2025-09-26 17:09:07.924442','PATCH /api/langganan/217','{\"paket_layanan_id\": 9, \"status\": \"Suspended\", \"metode_pembayaran\": \"Otomatis\", \"tgl_jatuh_tempo\": \"2025-10-01\", \"harga_awal\": 150000}'),(293,3,'2025-09-26 17:09:16.522576','POST /api/langganan/calculate-price','{\"paket_layanan_id\": 9, \"metode_pembayaran\": \"Otomatis\", \"pelanggan_id\": 232}'),(294,3,'2025-09-26 17:09:19.583186','PATCH /api/langganan/218','{\"paket_layanan_id\": 9, \"status\": \"Suspended\", \"metode_pembayaran\": \"Otomatis\", \"tgl_jatuh_tempo\": \"2025-10-01\", \"harga_awal\": 150000}'),(295,3,'2025-09-26 17:09:26.835158','POST /api/langganan/calculate-price','{\"paket_layanan_id\": 11, \"metode_pembayaran\": \"Otomatis\", \"pelanggan_id\": 233}'),(296,3,'2025-09-26 17:09:29.266202','PATCH /api/langganan/219','{\"paket_layanan_id\": 11, \"status\": \"Suspended\", \"metode_pembayaran\": \"Otomatis\", \"tgl_jatuh_tempo\": \"2025-10-01\", \"harga_awal\": 248640}'),(297,3,'2025-09-26 17:09:35.651773','POST /api/langganan/calculate-price','{\"paket_layanan_id\": 9, \"metode_pembayaran\": \"Otomatis\", \"pelanggan_id\": 234}'),(298,3,'2025-09-26 17:09:38.177978','PATCH /api/langganan/220','{\"paket_layanan_id\": 9, \"status\": \"Suspended\", \"metode_pembayaran\": \"Otomatis\", \"tgl_jatuh_tempo\": \"2025-10-01\", \"harga_awal\": 150000}'),(299,3,'2025-09-26 17:09:45.032742','POST /api/langganan/calculate-price','{\"paket_layanan_id\": 9, \"metode_pembayaran\": \"Otomatis\", \"pelanggan_id\": 237}'),(300,3,'2025-09-26 17:09:47.503150','PATCH /api/langganan/223','{\"paket_layanan_id\": 9, \"status\": \"Suspended\", \"metode_pembayaran\": \"Otomatis\", \"tgl_jatuh_tempo\": \"2025-10-01\", \"harga_awal\": 150000}'),(301,1,'2025-09-26 18:11:22.150402','POST /api/mikrotik_servers/','{\"id\": null, \"name\": \"Tipar Cakung\", \"host_ip\": \"12.12.12.6\", \"port\": 9729, \"username\": \"userapi\", \"password\": \"masukapi123!\", \"is_active\": true}'),(302,1,'2025-09-26 18:11:25.247010','POST /api/mikrotik_servers/7/test_connection',NULL),(303,1,'2025-09-26 18:14:31.667313','DELETE /api/pelanggan/184',NULL),(304,1,'2025-09-26 18:14:31.667322','DELETE /api/pelanggan/129',NULL),(305,1,'2025-09-26 18:14:31.683051','DELETE /api/pelanggan/185',NULL),(306,1,'2025-09-26 18:14:31.697781','DELETE /api/pelanggan/183',NULL),(307,1,'2025-09-26 18:20:26.983574','DELETE /api/pelanggan/188',NULL),(308,1,'2025-09-26 18:22:44.985048','DELETE /api/invoices/121',NULL),(309,1,'2025-09-26 18:22:58.044225','DELETE /api/pelanggan/122',NULL),(310,1,'2025-09-26 18:23:25.440487','DELETE /api/invoices/101',NULL),(311,1,'2025-09-26 18:23:44.677681','DELETE /api/invoices/103',NULL),(312,1,'2025-09-26 18:24:04.114136','DELETE /api/invoices/104',NULL),(313,1,'2025-09-26 18:24:45.254927','DELETE /api/invoices/122',NULL),(314,1,'2025-09-26 18:25:40.508574','DELETE /api/pelanggan/111',NULL),(315,1,'2025-09-26 18:25:40.522701','DELETE /api/pelanggan/123',NULL),(316,1,'2025-09-26 18:25:40.522728','DELETE /api/pelanggan/112',NULL),(317,1,'2025-09-26 18:25:40.524132','DELETE /api/pelanggan/109',NULL),(318,1,'2025-09-26 19:44:37.820405','POST /api/pelanggan/import','[Data non-JSON, Content-Type: multipart/form-data; boundary=----WebKitFormBoundaryoviugAddLR9mi7uN]'),(319,1,'2025-09-26 19:46:06.910681','POST /api/data_teknis/import/csv','[Data non-JSON, Content-Type: multipart/form-data; boundary=----WebKitFormBoundarywqtO9ewgHARPFMuK]'),(320,1,'2025-09-26 19:50:12.635215','POST /api/langganan/import/csv','[Data non-JSON, Content-Type: multipart/form-data; boundary=----WebKitFormBoundaryeeEnyPRLxiZE7bQk]'),(321,6,'2025-09-27 08:13:02.534830','POST /api/calculator/prorate','{\"id_brand\": \"ajn-02\", \"paket_layanan_id\": 5, \"tgl_mulai\": \"2025-09-27\"}'),(322,6,'2025-09-27 08:27:10.052663','POST /api/pelanggan/','{\"nama\": \"Humaidi syafri\", \"no_ktp\": \"3672081306000004\", \"email\": \"humaidisyafri110@gmail.com\", \"no_telp\": \"081945403934\", \"layanan\": \"Internet 10 Mbps\", \"alamat\": \"Parama\", \"blok\": \"B4\", \"unit\": \"11\", \"tgl_instalasi\": \"2025-09-27\", \"alamat_2\": \"perum.parama by safa, blok b4 no11 serang\", \"id_brand\": \"ajn-02\"}'),(323,3,'2025-09-27 09:45:54.589639','POST /api/langganan/calculate-price','{\"paket_layanan_id\": 5, \"metode_pembayaran\": \"Otomatis\", \"pelanggan_id\": 263}'),(324,3,'2025-09-27 09:46:10.885446','POST /api/langganan/calculate-price','{\"paket_layanan_id\": 5, \"metode_pembayaran\": \"Prorate\", \"pelanggan_id\": 263, \"tgl_mulai\": \"2025-09-27\"}'),(325,3,'2025-09-27 09:46:12.661475','POST /api/langganan/calculate-prorate-plus-full','{\"paket_layanan_id\": 5, \"metode_pembayaran\": \"Prorate\", \"pelanggan_id\": 263, \"tgl_mulai\": \"2025-09-27\"}'),(326,3,'2025-09-27 09:46:19.231121','POST /api/langganan/','{\"pelanggan_id\": 263, \"paket_layanan_id\": 5, \"status\": \"Aktif\", \"metode_pembayaran\": \"Prorate\", \"tgl_mulai_langganan\": \"2025-09-27\", \"sertakan_bulan_depan\": true}'),(327,1,'2025-09-27 10:14:10.811174','POST /api/data_teknis/check-ip','{\"ip_address\": \"192.168\", \"current_id\": null}'),(328,1,'2025-09-27 10:14:11.441377','POST /api/data_teknis/check-ip','{\"ip_address\": \"192.168.\", \"current_id\": null}'),(329,1,'2025-09-27 10:14:12.581987','POST /api/data_teknis/check-ip','{\"ip_address\": \"192.168.40\", \"current_id\": null}'),(330,1,'2025-09-27 10:14:13.711743','POST /api/data_teknis/check-ip','{\"ip_address\": \"192.168.40.\", \"current_id\": null}'),(331,1,'2025-09-27 10:14:14.532480','POST /api/data_teknis/check-ip','{\"ip_address\": \"192.168.40.30\", \"current_id\": null}'),(332,1,'2025-09-27 10:14:19.379537','POST /api/data_teknis/check-ip','{\"ip_address\": \"192.168.\", \"current_id\": null}'),(333,1,'2025-09-27 10:14:23.398268','POST /api/data_teknis/check-ip','{\"ip_address\": \"192.168.50\", \"current_id\": null}'),(334,1,'2025-09-27 10:14:24.138932','POST /api/data_teknis/check-ip','{\"ip_address\": \"192.168.50.\", \"current_id\": null}'),(335,1,'2025-09-27 10:14:24.589638','POST /api/data_teknis/check-ip','{\"ip_address\": \"192.168.50.10\", \"current_id\": null}'),(336,1,'2025-09-27 10:14:29.360235','POST /api/data_teknis/check-ip','{\"ip_address\": \"192.168.\", \"current_id\": null}'),(337,1,'2025-09-27 10:14:30.761724','POST /api/data_teknis/check-ip','{\"ip_address\": \"192.168.20\", \"current_id\": null}'),(338,1,'2025-09-27 10:14:32.661549','POST /api/data_teknis/check-ip','{\"ip_address\": \"192.168.20.2\", \"current_id\": null}'),(339,1,'2025-09-27 10:14:33.761931','POST /api/data_teknis/check-ip','{\"ip_address\": \"192.168.20.22\", \"current_id\": null}'),(340,1,'2025-09-27 10:15:07.281156','POST /api/data_teknis/check-ip','{\"ip_address\": \"192.168.\", \"current_id\": null}'),(341,1,'2025-09-27 10:15:08.548742','POST /api/data_teknis/check-ip','{\"ip_address\": \"192.168.60.30\", \"current_id\": null}'),(342,1,'2025-09-27 10:15:11.591349','POST /api/data_teknis/check-ip','{\"ip_address\": \"192.168.60.\", \"current_id\": null}'),(343,1,'2025-09-27 10:15:12.415712','POST /api/data_teknis/check-ip','{\"ip_address\": \"192.168.60.50\", \"current_id\": null}'),(344,1,'2025-09-27 10:15:17.241547','POST /api/data_teknis/check-ip','{\"ip_address\": \"192.168.60.55\", \"current_id\": null}'),(345,1,'2025-09-27 10:15:19.388029','POST /api/data_teknis/check-ip','{\"ip_address\": \"192.168.60.5\", \"current_id\": null}'),(346,1,'2025-09-27 10:15:20.741830','POST /api/data_teknis/check-ip','{\"ip_address\": \"192.168.60.56\", \"current_id\": null}'),(347,1,'2025-09-27 10:15:22.731530','POST /api/data_teknis/check-ip','{\"ip_address\": \"192.168.60.57\", \"current_id\": null}'),(348,1,'2025-09-27 10:15:37.102459','POST /api/data_teknis/check-ip','{\"ip_address\": \"192.168.60.56\", \"current_id\": null}'),(349,1,'2025-09-27 10:16:16.471976','POST /api/data_teknis/','{\"pon\": 0, \"otb\": 0, \"odc\": 0, \"odp\": 0, \"onu_power\": 0, \"profile_pppoe\": \"10Mbps-g\", \"id_pelanggan\": \"PRM-B4-11-Humaidi\", \"password_pppoe\": \"support123.!!\", \"pelanggan_id\": 263, \"mikrotik_server_id\": 6, \"olt\": \"Parama\", \"ip_pelanggan\": \"192.168.60.56\", \"id_vlan\": \"10\"}'),(350,3,'2025-09-27 10:19:30.755191','POST /api/invoices/generate','{\"langganan_id\": 249}'),(351,3,'2025-09-27 10:25:24.305125','POST /api/langganan/calculate-price','{\"paket_layanan_id\": 1, \"metode_pembayaran\": \"Otomatis\", \"pelanggan_id\": 248}'),(352,3,'2025-09-27 10:25:28.307537','PATCH /api/langganan/234','{\"paket_layanan_id\": 1, \"status\": \"Suspended\", \"metode_pembayaran\": \"Otomatis\", \"tgl_jatuh_tempo\": \"2025-10-01\", \"harga_awal\": 150000}'),(353,3,'2025-09-27 10:25:43.889416','POST /api/langganan/calculate-price','{\"paket_layanan_id\": 4, \"metode_pembayaran\": \"Otomatis\", \"pelanggan_id\": 256}'),(354,3,'2025-09-27 10:25:48.394395','PATCH /api/langganan/242','{\"paket_layanan_id\": 4, \"status\": \"Suspended\", \"metode_pembayaran\": \"Otomatis\", \"tgl_jatuh_tempo\": \"2025-10-01\", \"harga_awal\": 281940}'),(355,3,'2025-09-27 10:26:15.322929','POST /api/langganan/calculate-price','{\"paket_layanan_id\": 1, \"metode_pembayaran\": \"Otomatis\", \"pelanggan_id\": 260}'),(356,3,'2025-09-27 10:26:19.313818','PATCH /api/langganan/246','{\"paket_layanan_id\": 1, \"status\": \"Suspended\", \"metode_pembayaran\": \"Otomatis\", \"tgl_jatuh_tempo\": \"2025-10-01\", \"harga_awal\": 150000}'),(357,3,'2025-09-27 10:26:35.350237','POST /api/langganan/calculate-price','{\"paket_layanan_id\": 1, \"metode_pembayaran\": \"Otomatis\", \"pelanggan_id\": 261}'),(358,3,'2025-09-27 10:26:38.593554','PATCH /api/langganan/247','{\"paket_layanan_id\": 1, \"status\": \"Suspended\", \"metode_pembayaran\": \"Otomatis\", \"tgl_jatuh_tempo\": \"2025-10-01\", \"harga_awal\": 150000}'),(359,19,'2025-09-29 09:48:03.702880','POST /api/calculator/prorate','{\"id_brand\": \"ajn-01\", \"paket_layanan_id\": 1, \"tgl_mulai\": \"2025-09-29\"}'),(360,6,'2025-09-29 10:02:52.231642','POST /api/calculator/prorate','{\"id_brand\": \"ajn-01\", \"paket_layanan_id\": 1, \"tgl_mulai\": \"2025-09-29\"}'),(361,6,'2025-09-29 10:03:03.710461','POST /api/calculator/prorate','{\"id_brand\": \"ajn-01\", \"paket_layanan_id\": 1, \"tgl_mulai\": \"2025-10-01\"}'),(362,19,'2025-09-29 11:47:53.759581','POST /api/data_teknis/check-ip','{\"ip_address\": \"192.168.\", \"current_id\": null}'),(363,19,'2025-09-29 11:47:53.766593','POST /api/data_teknis/check-ip','{\"ip_address\": \"192.168.40\", \"current_id\": null}'),(364,19,'2025-09-29 11:47:54.243412','POST /api/data_teknis/check-ip','{\"ip_address\": \"192.168.40.1.\", \"current_id\": null}'),(365,19,'2025-09-29 11:47:54.545957','POST /api/data_teknis/check-ip','{\"ip_address\": \"192.168.40.11\", \"current_id\": null}'),(366,19,'2025-09-29 11:48:03.222387','POST /api/data_teknis/check-ip','{\"ip_address\": \"192.168.40.114\", \"current_id\": null}'),(367,19,'2025-09-29 11:48:12.301986','POST /api/data_teknis/check-ip','{\"ip_address\": \"192.168.40.114 s\", \"current_id\": null}'),(368,19,'2025-09-29 11:48:12.306051','POST /api/data_teknis/check-ip','{\"ip_address\": \"192.168.40.114 supp\", \"current_id\": null}'),(369,19,'2025-09-29 11:48:13.414166','POST /api/data_teknis/check-ip','{\"ip_address\": \"192.168.40.114 suppo\", \"current_id\": null}'),(370,19,'2025-09-29 11:48:14.504532','POST /api/data_teknis/check-ip','{\"ip_address\": \"192.168.40.114 support\", \"current_id\": null}'),(371,19,'2025-09-29 11:48:16.663738','POST /api/data_teknis/check-ip','{\"ip_address\": \"192.168.40.114 support123\", \"current_id\": null}'),(372,19,'2025-09-29 11:48:18.255436','POST /api/data_teknis/check-ip','{\"ip_address\": \"192.168.40.114 support123.\", \"current_id\": null}'),(373,19,'2025-09-29 11:48:20.064623','POST /api/data_teknis/check-ip','{\"ip_address\": \"192.168.40.114 support123.!!\", \"current_id\": null}'),(374,19,'2025-09-29 11:48:34.342535','POST /api/data_teknis/check-ip','{\"ip_address\": \"192.168.40.114\", \"current_id\": null}'),(375,6,'2025-09-29 12:18:42.945940','POST /api/pelanggan/','{\"nama\": \"Afsohul Fashihin \", \"no_ktp\": \"3604060708880004\", \"email\": \"Afsohul@gmail.com\", \"no_telp\": \"08568360223\", \"layanan\": \"Internet 30 Mbps\", \"alamat\": \"Waringin\", \"blok\": \"B1\", \"unit\": \"6\", \"tgl_instalasi\": \"2025-09-29\", \"alamat_2\": \"Puri sava , blok B1 no 6\", \"id_brand\": \"ajn-02\"}'),(376,6,'2025-09-29 12:20:52.678064','POST /api/pelanggan/','{\"nama\": \"YASINTA ERLIANTI\", \"no_ktp\": \"1605207009930003\", \"email\": \"erlianti0930@gmail.com\", \"no_telp\": \"088291901284\", \"layanan\": \"Internet 10 Mbps\", \"alamat\": \"Waringin\", \"blok\": \"D7\", \"unit\": \"15\", \"tgl_instalasi\": \"2025-09-29\", \"alamat_2\": \"puri sava Waringin blok. D7 No.15\", \"id_brand\": \"ajn-02\"}'),(377,3,'2025-09-29 12:20:56.600256','POST /api/invoices/generate','{\"langganan_id\": 250}'),(378,3,'2025-09-29 13:22:35.182994','POST /api/langganan/calculate-price','{\"paket_layanan_id\": 7, \"metode_pembayaran\": \"Otomatis\", \"pelanggan_id\": 265}'),(379,3,'2025-09-29 13:22:40.681810','POST /api/langganan/','{\"pelanggan_id\": 265, \"paket_layanan_id\": 7, \"status\": \"Aktif\", \"metode_pembayaran\": \"Otomatis\", \"tgl_mulai_langganan\": null, \"sertakan_bulan_depan\": false}'),(380,3,'2025-09-29 13:22:48.375643','POST /api/langganan/calculate-price','{\"paket_layanan_id\": 5, \"metode_pembayaran\": \"Otomatis\", \"pelanggan_id\": 266}'),(381,3,'2025-09-29 13:22:50.503550','POST /api/langganan/','{\"pelanggan_id\": 266, \"paket_layanan_id\": 5, \"status\": \"Aktif\", \"metode_pembayaran\": \"Otomatis\", \"tgl_mulai_langganan\": null, \"sertakan_bulan_depan\": false}'),(382,19,'2025-09-29 13:48:24.822939','POST /api/data_teknis/check-ip','{\"ip_address\": \"10\", \"current_id\": null}'),(383,19,'2025-09-29 13:48:29.445918','POST /api/data_teknis/check-ip','{\"ip_address\": \"1\", \"current_id\": null}'),(384,19,'2025-09-29 13:48:29.450679','POST /api/data_teknis/check-ip','{\"ip_address\": \"19\", \"current_id\": null}'),(385,19,'2025-09-29 13:48:31.037812','POST /api/data_teknis/check-ip','{\"ip_address\": \"192.1\", \"current_id\": null}'),(386,19,'2025-09-29 13:48:32.125683','POST /api/data_teknis/check-ip','{\"ip_address\": \"192.168\", \"current_id\": null}'),(387,19,'2025-09-29 13:48:35.202681','POST /api/data_teknis/check-ip','{\"ip_address\": \"192.168.40.115\", \"current_id\": null}'),(388,19,'2025-09-29 13:48:41.312792','POST /api/data_teknis/check-ip','{\"ip_address\": \"192.168.40.115 support\", \"current_id\": null}'),(389,19,'2025-09-29 13:48:41.320168','POST /api/data_teknis/check-ip','{\"ip_address\": \"192.168.40.115 support123\", \"current_id\": null}'),(390,19,'2025-09-29 13:48:43.095872','POST /api/data_teknis/check-ip','{\"ip_address\": \"192.168.40.115 support123.\", \"current_id\": null}'),(391,19,'2025-09-29 13:48:44.558558','POST /api/data_teknis/check-ip','{\"ip_address\": \"192.168.40.115 support123.!!\", \"current_id\": null}'),(392,19,'2025-09-29 13:49:01.262817','POST /api/data_teknis/check-ip','{\"ip_address\": \"192.168.40.115\", \"current_id\": null}'),(393,19,'2025-09-29 13:49:38.170695','POST /api/data_teknis/','{\"pon\": 0, \"otb\": 0, \"odc\": 0, \"odp\": 0, \"onu_power\": 0, \"profile_pppoe\": \"30Mbps-b\", \"id_pelanggan\": \"WRG-B1-6-Fashihin\", \"password_pppoe\": \"support123.!!\", \"pelanggan_id\": 265, \"ip_pelanggan\": \"192.168.40.115\", \"mikrotik_server_id\": 3, \"olt\": \"Waringin\", \"id_vlan\": \"10\"}'),(394,19,'2025-09-29 13:54:04.910234','POST /api/data_teknis/check-ip','{\"ip_address\": \"192\", \"current_id\": null}'),(395,19,'2025-09-29 13:54:04.917370','POST /api/data_teknis/check-ip','{\"ip_address\": \"192.168.\", \"current_id\": null}'),(396,19,'2025-09-29 13:54:06.368237','POST /api/data_teknis/check-ip','{\"ip_address\": \"192.168.40.116\", \"current_id\": null}'),(397,3,'2025-09-29 13:54:06.769398','POST /api/invoices/generate','{\"langganan_id\": 251}'),(398,19,'2025-09-29 13:54:37.811449','POST /api/data_teknis/','{\"pon\": 0, \"otb\": 0, \"odc\": 0, \"odp\": 0, \"onu_power\": 0, \"profile_pppoe\": \"10Mbps-d\", \"pelanggan_id\": 266, \"mikrotik_server_id\": 3, \"olt\": \"Waringin\", \"id_pelanggan\": \"WRG-D7-15-YASINTA\", \"ip_pelanggan\": \"192.168.40.116\", \"password_pppoe\": \" support123.!!\", \"id_vlan\": \"10\"}'),(399,3,'2025-09-29 13:55:19.588825','POST /api/invoices/generate','{\"langganan_id\": 252}'),(400,3,'2025-09-30 09:44:28.483273','DELETE /api/invoices/355',NULL),(401,3,'2025-09-30 09:49:29.431362','PATCH /api/pelanggan/264','{\"no_ktp\": \"3672014705990001\", \"nama\": \"Mei Lisda\", \"alamat\": \"Waringin\", \"alamat_2\": \"puri Sava waringinkurung blok D9 no 25\", \"tgl_instalasi\": \"2025-09-29\", \"blok\": \"D9\", \"unit\": \"25\", \"no_telp\": \"087776772766\", \"email\": \"meilisdarinyana0@gmail.com\", \"id_brand\": \"ajn-02\", \"layanan\": \"Internet 20 Mbps\", \"id\": 264, \"harga_layanan\": {\"id_brand\": \"ajn-02\", \"brand\": \"JELANTIK\", \"pajak\": 11, \"xendit_key_name\": \"JELANTIK\"}}'),(402,3,'2025-09-30 09:49:58.332586','POST /api/langganan/calculate-price','{\"paket_layanan_id\": 6, \"metode_pembayaran\": \"Otomatis\", \"pelanggan_id\": 264}'),(403,3,'2025-09-30 09:52:34.823314','PATCH /api/langganan/250','{\"paket_layanan_id\": 6, \"status\": \"Aktif\", \"metode_pembayaran\": \"Otomatis\", \"tgl_jatuh_tempo\": \"2025-10-01\", \"harga_awal\": 231990}'),(404,3,'2025-09-30 09:52:58.297841','POST /api/invoices/generate','{\"langganan_id\": 250}'),(405,1,'2025-09-30 21:47:23.063054','POST /api/mikrotik_servers/2/test_connection',NULL),(406,1,'2025-09-30 21:47:24.747899','POST /api/mikrotik_servers/3/test_connection',NULL),(407,1,'2025-09-30 21:47:25.859547','POST /api/mikrotik_servers/4/test_connection',NULL),(408,1,'2025-09-30 21:47:26.556759','POST /api/mikrotik_servers/5/test_connection',NULL),(409,1,'2025-09-30 21:47:29.235834','POST /api/mikrotik_servers/6/test_connection',NULL),(410,1,'2025-09-30 21:47:30.335119','POST /api/mikrotik_servers/7/test_connection',NULL),(411,3,'2025-09-30 22:12:49.183024','POST /api/calculator/prorate','{\"id_brand\": \"ajn-01\", \"paket_layanan_id\": 2, \"tgl_mulai\": \"2025-09-30\"}'),(412,3,'2025-09-30 22:12:57.922583','POST /api/calculator/prorate','{\"id_brand\": \"ajn-01\", \"paket_layanan_id\": 2, \"tgl_mulai\": \"2025-10-28\"}'),(413,3,'2025-10-01 07:33:11.224645','POST /api/langganan/calculate-price','{\"paket_layanan_id\": 5, \"metode_pembayaran\": \"Otomatis\", \"pelanggan_id\": 135}'),(414,3,'2025-10-01 07:33:34.920226','PATCH /api/langganan/132','{\"paket_layanan_id\": 5, \"status\": \"Suspended\", \"metode_pembayaran\": \"Otomatis\", \"tgl_jatuh_tempo\": \"2025-10-01\", \"harga_awal\": 166500}'),(415,3,'2025-10-01 07:34:03.704084','POST /api/invoices/generate','{\"langganan_id\": 132}'),(416,6,'2025-10-01 10:06:26.815258','POST /api/pelanggan/','{\"nama\": \"Jaenuri\", \"no_ktp\": \"3672051005830002\", \"email\": \"rayhannuriseptian2309@gmail.com\", \"no_telp\": \"081227065677\", \"layanan\": \"Internet 10 Mbps\", \"alamat\": \"Waringin\", \"blok\": \"A2\", \"unit\": \"15\", \"tgl_instalasi\": \"2025-10-01\", \"alamat_2\": \"purisava Waringin kurung, RT 1/RW 1 Blok A2 no 15\", \"id_brand\": \"ajn-02\"}'),(417,3,'2025-10-01 10:07:43.289408','POST /api/langganan/calculate-price','{\"paket_layanan_id\": 5, \"metode_pembayaran\": \"Otomatis\", \"pelanggan_id\": 267}'),(418,3,'2025-10-01 10:08:06.190900','POST /api/langganan/','{\"pelanggan_id\": 267, \"paket_layanan_id\": 5, \"status\": \"Aktif\", \"metode_pembayaran\": \"Otomatis\", \"tgl_mulai_langganan\": null, \"sertakan_bulan_depan\": false}'),(419,3,'2025-10-01 10:08:49.436266','POST /api/langganan/calculate-price','{\"paket_layanan_id\": 5, \"metode_pembayaran\": \"Otomatis\", \"pelanggan_id\": 267}'),(420,3,'2025-10-01 10:08:56.296833','PATCH /api/langganan/253','{\"paket_layanan_id\": 5, \"status\": \"Aktif\", \"metode_pembayaran\": \"Otomatis\", \"tgl_jatuh_tempo\": \"2025-10-01\", \"harga_awal\": 166500}'),(421,19,'2025-10-01 10:09:29.188202','POST /api/data_teknis/check-ip','{\"ip_address\": \"192\", \"current_id\": null}'),(422,19,'2025-10-01 10:09:41.277527','POST /api/data_teknis/check-ip','{\"ip_address\": \"192.\", \"current_id\": null}'),(423,19,'2025-10-01 10:09:46.064498','POST /api/data_teknis/check-ip','{\"ip_address\": \"192.168.40.117\", \"current_id\": null}'),(424,19,'2025-10-01 10:09:47.974996','POST /api/data_teknis/check-ip','{\"ip_address\": \"192.168.40.116\", \"current_id\": null}'),(425,19,'2025-10-01 10:09:50.765151','POST /api/data_teknis/check-ip','{\"ip_address\": \"192.168.40.11\", \"current_id\": null}'),(426,19,'2025-10-01 10:09:52.071844','POST /api/data_teknis/check-ip','{\"ip_address\": \"192.168.40.117\", \"current_id\": null}'),(427,19,'2025-10-01 10:10:00.879630','POST /api/data_teknis/check-ip','{\"ip_address\": \"192.168.40.117 s\", \"current_id\": null}'),(428,19,'2025-10-01 10:10:02.959169','POST /api/data_teknis/check-ip','{\"ip_address\": \"192.168.40.117 support\", \"current_id\": null}'),(429,19,'2025-10-01 10:10:07.846898','POST /api/data_teknis/check-ip','{\"ip_address\": \"192.168.40.117 support123\", \"current_id\": null}'),(430,19,'2025-10-01 10:10:07.851700','POST /api/data_teknis/check-ip','{\"ip_address\": \"192.168.40.117 support123.\", \"current_id\": null}'),(431,19,'2025-10-01 10:10:08.828878','POST /api/data_teknis/check-ip','{\"ip_address\": \"192.168.40.117 support123.!!\", \"current_id\": null}'),(432,19,'2025-10-01 10:10:17.818524','POST /api/data_teknis/check-ip','{\"ip_address\": \"192.168.40.117 !!\", \"current_id\": null}'),(433,19,'2025-10-01 10:10:20.768891','POST /api/data_teknis/check-ip','{\"ip_address\": \"192.168.40.117 \", \"current_id\": null}'),(434,19,'2025-10-01 10:10:39.679566','POST /api/data_teknis/check-ip','{\"ip_address\": \"192.168.40.117 su\", \"current_id\": null}'),(435,19,'2025-10-01 10:11:09.949016','POST /api/data_teknis/check-ip','{\"ip_address\": \"192.168.40.117\", \"current_id\": null}'),(436,19,'2025-10-01 10:11:37.813095','POST /api/data_teknis/','{\"pon\": 0, \"otb\": 0, \"odc\": 0, \"odp\": 0, \"onu_power\": 0, \"profile_pppoe\": \"10Mbps-e\", \"id_pelanggan\": \"WRG-A2-15-Jaenuri\", \"password_pppoe\": \"support123.!!\", \"pelanggan_id\": 267, \"mikrotik_server_id\": 3, \"olt\": \"Waringin\", \"ip_pelanggan\": \"192.168.40.117\", \"id_vlan\": \"10\"}'),(437,3,'2025-10-01 10:15:16.174465','POST /api/invoices/generate','{\"langganan_id\": 253}'),(438,19,'2025-10-01 14:08:49.581365','PATCH /api/data_teknis/260','{\"pelanggan_id\": 267, \"mikrotik_server_id\": 3, \"odp_id\": null, \"otb\": 0, \"odc\": 0, \"port_odp\": null, \"id_vlan\": \"10\", \"id_pelanggan\": \"WRG-A2-18-Jaenuri\", \"password_pppoe\": \"support123.!!\", \"ip_pelanggan\": \"192.168.40.117\", \"olt\": \"Waringin\", \"olt_custom\": null, \"pon\": 0, \"onu_power\": 0, \"sn\": null, \"speedtest_proof\": null, \"id\": 260}'),(439,3,'2025-10-01 16:15:47.524181','POST /api/langganan/calculate-price','{\"paket_layanan_id\": 6, \"metode_pembayaran\": \"Otomatis\", \"pelanggan_id\": 72}'),(440,3,'2025-10-01 16:15:58.574299','PATCH /api/langganan/72','{\"paket_layanan_id\": 6, \"status\": \"Suspended\", \"metode_pembayaran\": \"Otomatis\", \"tgl_jatuh_tempo\": \"2025-10-01\", \"harga_awal\": 231990}'),(441,3,'2025-10-01 16:16:30.726319','POST /api/invoices/generate','{\"langganan_id\": 72}'),(442,6,'2025-10-02 09:40:04.170323','POST /api/pelanggan/','{\"nama\": \"Abdul Muis\", \"no_ktp\": \"3604110703900001\", \"email\": \"sofianazilah1@gmail.com\", \"no_telp\": \"0895402492149\", \"layanan\": \"Internet 10 Mbps\", \"alamat\": \"Waringin\", \"blok\": \"C1\", \"unit\": \"3\", \"tgl_instalasi\": \"2025-10-01\", \"alamat_2\": \"Waringin\", \"id_brand\": \"ajn-02\"}'),(443,1,'2025-10-02 09:42:18.273751','POST /api/data_teknis/check-ip','{\"ip_address\": \"192.168.40.93\", \"current_id\": null}'),(444,1,'2025-10-02 09:42:34.532562','POST /api/data_teknis/','{\"pon\": 0, \"otb\": 0, \"odc\": 0, \"odp\": 0, \"onu_power\": 0, \"profile_pppoe\": \"10Mbps-k\", \"id_pelanggan\": \"WRG-C1-3-Muis\", \"password_pppoe\": \"support123.!!\", \"pelanggan_id\": 268, \"mikrotik_server_id\": 3, \"olt\": \"Waringin\", \"ip_pelanggan\": \"192.168.40.93\", \"id_vlan\": \"10\"}'),(445,7,'2025-10-02 09:46:22.076947','POST /api/calculator/prorate','{\"id_brand\": \"ajn-01\", \"paket_layanan_id\": 2, \"tgl_mulai\": \"2025-10-02\"}'),(446,3,'2025-10-02 09:47:15.964205','POST /api/langganan/calculate-price','{\"paket_layanan_id\": 5, \"metode_pembayaran\": \"Otomatis\", \"pelanggan_id\": 268}'),(447,3,'2025-10-02 09:47:27.378104','POST /api/langganan/','{\"pelanggan_id\": 268, \"paket_layanan_id\": 5, \"status\": \"Aktif\", \"metode_pembayaran\": \"Otomatis\", \"tgl_mulai_langganan\": null, \"sertakan_bulan_depan\": false}'),(448,3,'2025-10-02 09:47:42.785559','POST /api/langganan/calculate-price','{\"paket_layanan_id\": 5, \"metode_pembayaran\": \"Otomatis\", \"pelanggan_id\": 268}'),(449,3,'2025-10-02 09:47:52.717648','PATCH /api/langganan/254','{\"paket_layanan_id\": 5, \"status\": \"Aktif\", \"metode_pembayaran\": \"Otomatis\", \"tgl_jatuh_tempo\": \"2025-10-01\", \"harga_awal\": 166500}'),(450,3,'2025-10-02 09:48:11.803930','POST /api/invoices/generate','{\"langganan_id\": 254}'),(451,6,'2025-10-02 10:02:56.518501','POST /api/langganan/calculate-price','{\"paket_layanan_id\": 5, \"metode_pembayaran\": \"Otomatis\", \"pelanggan_id\": 267}'),(452,6,'2025-10-02 10:03:52.492523','PATCH /api/pelanggan/267','{\"no_ktp\": \"3672051005830002\", \"nama\": \"Jaenuri\", \"alamat\": \"Waringin\", \"alamat_2\": \"purisava Waringin kurung, RT 1/RW 1 Blok A2 no 18\", \"tgl_instalasi\": \"2025-10-01\", \"blok\": \"A2\", \"unit\": \"18\", \"no_telp\": \"081227065677\", \"email\": \"rayhannuriseptian2309@gmail.com\", \"id_brand\": \"ajn-02\", \"layanan\": \"Internet 10 Mbps\", \"id\": 267, \"harga_layanan\": {\"id_brand\": \"ajn-02\", \"brand\": \"JELANTIK\", \"pajak\": 11, \"xendit_key_name\": \"JELANTIK\"}}'),(453,19,'2025-10-02 15:23:17.007556','POST /api/data_teknis/check-ip','{\"ip_address\": \"1\", \"current_id\": null}'),(454,19,'2025-10-02 15:23:35.768263','POST /api/data_teknis/check-ip','{\"ip_address\": \"19\", \"current_id\": null}'),(455,19,'2025-10-02 15:24:00.415525','POST /api/data_teknis/check-ip','{\"ip_address\": \"192.168\", \"current_id\": null}'),(456,19,'2025-10-02 15:24:03.178849','POST /api/data_teknis/check-ip','{\"ip_address\": \"192.168.4.\", \"current_id\": null}'),(457,19,'2025-10-02 15:24:04.656736','POST /api/data_teknis/check-ip','{\"ip_address\": \"192.168.40/118\", \"current_id\": null}'),(458,19,'2025-10-02 15:24:10.044781','POST /api/data_teknis/check-ip','{\"ip_address\": \"192.168.40118\", \"current_id\": null}'),(459,19,'2025-10-02 15:24:10.052251','POST /api/data_teknis/check-ip','{\"ip_address\": \"192.168.40.118\", \"current_id\": null}'),(460,19,'2025-10-02 15:24:33.401067','POST /api/data_teknis/','{\"pon\": 0, \"otb\": 0, \"odc\": 0, \"odp\": 0, \"onu_power\": 0, \"profile_pppoe\": \"10Mbps-b\", \"id_pelanggan\": \"WRG-D4-15-Rojudin\", \"password_pppoe\": \"support123.!!\", \"pelanggan_id\": 269, \"mikrotik_server_id\": 3, \"olt\": \"Waringin\", \"ip_pelanggan\": \"192.168.40.118\", \"id_vlan\": \"10\"}'),(461,3,'2025-10-02 15:29:23.323058','POST /api/invoices/generate','{\"langganan_id\": 255}'),(462,3,'2025-10-02 16:58:07.803610','DELETE /api/langganan/256',NULL),(463,3,'2025-10-03 15:53:08.542403','POST /api/calculator/prorate','{\"id_brand\": \"ajn-01\", \"paket_layanan_id\": 2, \"tgl_mulai\": \"2025-10-03\"}'),(464,3,'2025-10-03 15:53:20.213840','POST /api/calculator/prorate','{\"id_brand\": \"ajn-01\", \"paket_layanan_id\": 2, \"tgl_mulai\": \"2025-10-08\"}'),(465,3,'2025-10-03 15:53:23.642686','POST /api/calculator/prorate','{\"id_brand\": \"ajn-01\", \"paket_layanan_id\": 2, \"tgl_mulai\": \"2025-10-09\"}'),(466,3,'2025-10-03 16:10:57.384279','POST /api/calculator/prorate','{\"id_brand\": \"ajn-01\", \"paket_layanan_id\": 2, \"tgl_mulai\": \"2025-10-03\"}'),(467,3,'2025-10-03 16:11:01.212396','POST /api/calculator/prorate','{\"id_brand\": \"ajn-01\", \"paket_layanan_id\": 2, \"tgl_mulai\": \"2025-10-09\"}'),(468,3,'2025-10-03 16:15:17.356111','POST /api/calculator/prorate','{\"id_brand\": \"ajn-01\", \"paket_layanan_id\": 1, \"tgl_mulai\": \"2025-10-09\"}'),(469,3,'2025-10-03 16:15:19.921382','POST /api/calculator/prorate','{\"id_brand\": \"ajn-01\", \"paket_layanan_id\": 1, \"tgl_mulai\": \"2025-10-10\"}'),(470,3,'2025-10-03 18:04:49.547364','POST /api/calculator/prorate','{\"id_brand\": \"ajn-01\", \"paket_layanan_id\": 1, \"tgl_mulai\": \"2025-10-03\"}'),(471,3,'2025-10-03 19:54:40.296525','POST /api/langganan/calculate-price','{\"paket_layanan_id\": 6, \"metode_pembayaran\": \"Prorate\", \"pelanggan_id\": 172, \"tgl_mulai\": \"2025-10-03\"}'),(472,3,'2025-10-03 19:54:42.586350','PATCH /api/langganan/169','{\"paket_layanan_id\": 6, \"status\": \"Suspended\", \"metode_pembayaran\": \"Prorate\", \"tgl_jatuh_tempo\": \"2025-10-31\", \"harga_awal\": 217023}'),(473,3,'2025-10-03 19:56:05.755605','POST /api/invoices/generate','{\"langganan_id\": 169}'),(474,6,'2025-10-04 08:57:16.985502','POST /api/calculator/prorate','{\"id_brand\": \"ajn-02\", \"paket_layanan_id\": 5, \"tgl_mulai\": \"2025-10-04\"}'),(475,3,'2025-10-04 12:27:59.848084','POST /api/calculator/prorate','{\"id_brand\": \"ajn-01\", \"paket_layanan_id\": 1, \"tgl_mulai\": \"2025-10-04\"}'),(476,3,'2025-10-04 13:40:43.149660','POST /api/calculator/prorate','{\"id_brand\": \"ajn-01\", \"paket_layanan_id\": 1, \"tgl_mulai\": \"2025-10-04\"}'),(477,3,'2025-10-04 13:53:47.890565','POST /api/langganan/calculate-price','{\"paket_layanan_id\": 5, \"metode_pembayaran\": \"Otomatis\", \"pelanggan_id\": 271}'),(478,3,'2025-10-04 13:53:53.712649','POST /api/langganan/calculate-price','{\"paket_layanan_id\": 5, \"metode_pembayaran\": \"Prorate\", \"pelanggan_id\": 271, \"tgl_mulai\": \"2025-10-04\"}'),(479,3,'2025-10-04 13:53:55.788338','POST /api/langganan/','{\"pelanggan_id\": 271, \"paket_layanan_id\": 5, \"status\": \"Aktif\", \"metode_pembayaran\": \"Prorate\", \"tgl_mulai_langganan\": \"2025-10-04\", \"sertakan_bulan_depan\": false}'),(480,3,'2025-10-04 14:00:54.346109','POST /api/invoices/generate','{\"langganan_id\": 257}'),(481,3,'2025-10-04 14:02:15.384726','POST /api/calculator/prorate','{\"id_brand\": \"ajn-02\", \"paket_layanan_id\": 5, \"tgl_mulai\": \"2025-10-04\"}'),(482,3,'2025-10-04 16:41:47.230704','POST /api/calculator/prorate','{\"id_brand\": \"ajn-01\", \"paket_layanan_id\": 4, \"tgl_mulai\": \"2025-10-04\"}'),(483,3,'2025-10-04 16:51:07.348993','POST /api/calculator/prorate','{\"id_brand\": \"ajn-01\", \"paket_layanan_id\": 2, \"tgl_mulai\": \"2025-10-04\"}'),(484,3,'2025-10-04 16:51:10.881216','POST /api/calculator/prorate','{\"id_brand\": \"ajn-01\", \"paket_layanan_id\": 2, \"tgl_mulai\": \"2025-10-03\"}'),(485,3,'2025-10-04 16:51:16.376667','POST /api/calculator/prorate','{\"id_brand\": \"ajn-01\", \"paket_layanan_id\": 2, \"tgl_mulai\": \"2025-10-04\"}'),(486,1,'2025-10-05 00:30:24.190859','POST /api/mikrotik_servers/6/test_connection',NULL),(487,1,'2025-10-05 00:30:26.090339','POST /api/mikrotik_servers/7/test_connection',NULL),(488,1,'2025-10-05 00:30:27.590886','POST /api/mikrotik_servers/5/test_connection',NULL),(489,1,'2025-10-05 00:30:29.068089','POST /api/mikrotik_servers/4/test_connection',NULL),(490,1,'2025-10-05 00:30:30.423890','POST /api/mikrotik_servers/3/test_connection',NULL),(491,1,'2025-10-05 00:30:32.237238','POST /api/mikrotik_servers/2/test_connection',NULL),(492,1,'2025-10-05 00:30:34.068716','POST /api/mikrotik_servers/1/test_connection',NULL),(493,6,'2025-10-05 17:21:20.971363','POST /api/calculator/prorate','{\"id_brand\": \"ajn-02\", \"paket_layanan_id\": 5, \"tgl_mulai\": \"2025-10-05\"}'),(494,6,'2025-10-05 17:21:24.935724','POST /api/calculator/prorate','{\"id_brand\": \"ajn-02\", \"paket_layanan_id\": 5, \"tgl_mulai\": \"2025-10-06\"}'),(495,6,'2025-10-06 09:30:42.273603','POST /api/pelanggan/','{\"nama\": \"Aisyah Aziszah Amantri\", \"no_ktp\": \"3175026812040008\", \"email\": \"aisyahamntri@gmail.com\", \"no_telp\": \"088809789058\", \"layanan\": \"Internet 10 Mbps\", \"alamat\": \"Rusun Pinus Elok\", \"blok\": \"A6\", \"unit\": \"420\", \"tgl_instalasi\": \"2025-10-06\", \"alamat_2\": \"Rusun Pinus Elok Blok A6-420\", \"id_brand\": \"ajn-01\"}'),(496,6,'2025-10-06 09:32:40.959970','POST /api/calculator/prorate','{\"id_brand\": \"ajn-02\", \"paket_layanan_id\": 6, \"tgl_mulai\": \"2025-10-06\"}'),(497,6,'2025-10-06 09:33:20.685828','POST /api/calculator/prorate','{\"id_brand\": \"ajn-02\", \"paket_layanan_id\": 6, \"tgl_mulai\": \"2025-10-01\"}'),(498,6,'2025-10-06 09:42:16.462460','POST /api/pelanggan/','{\"nama\": \"Muhamad Idris\", \"no_ktp\": \"3603080203880007\", \"email\": \"hanzlouw@gmail.com\", \"no_telp\": \"082110806269\", \"layanan\": \"Internet 10 Mbps\", \"alamat\": \"Parama\", \"blok\": \"A5\", \"unit\": \"9\", \"tgl_instalasi\": \"2025-10-06\", \"alamat_2\": \"Parama by Sava blok A5/9\", \"id_brand\": \"ajn-02\"}'),(499,3,'2025-10-06 09:50:12.783674','POST /api/langganan/calculate-price','{\"paket_layanan_id\": 1, \"metode_pembayaran\": \"Otomatis\", \"pelanggan_id\": 272}'),(500,3,'2025-10-06 09:50:19.594910','POST /api/langganan/calculate-price','{\"paket_layanan_id\": 1, \"metode_pembayaran\": \"Prorate\", \"pelanggan_id\": 272, \"tgl_mulai\": \"2025-10-06\"}'),(501,3,'2025-10-06 09:50:23.456886','POST /api/langganan/','{\"pelanggan_id\": 272, \"paket_layanan_id\": 1, \"status\": \"Aktif\", \"metode_pembayaran\": \"Prorate\", \"tgl_mulai_langganan\": \"2025-10-06\", \"sertakan_bulan_depan\": false}'),(502,3,'2025-10-06 09:50:30.355182','POST /api/langganan/calculate-price','{\"paket_layanan_id\": 5, \"metode_pembayaran\": \"Otomatis\", \"pelanggan_id\": 273}'),(503,3,'2025-10-06 09:50:35.661628','POST /api/langganan/calculate-price','{\"paket_layanan_id\": 5, \"metode_pembayaran\": \"Prorate\", \"pelanggan_id\": 273, \"tgl_mulai\": \"2025-10-06\"}'),(504,3,'2025-10-06 09:51:11.512300','POST /api/langganan/','{\"pelanggan_id\": 273, \"paket_layanan_id\": 5, \"status\": \"Aktif\", \"metode_pembayaran\": \"Prorate\", \"tgl_mulai_langganan\": \"2025-10-06\", \"sertakan_bulan_depan\": false}'),(505,3,'2025-10-06 09:52:28.408388','POST /api/invoices/generate','{\"langganan_id\": 259}'),(506,6,'2025-10-06 10:08:05.339144','DELETE /api/langganan/147',NULL),(507,6,'2025-10-06 10:08:28.600441','DELETE /api/data_teknis/158',NULL),(508,6,'2025-10-06 10:08:39.436415','DELETE /api/pelanggan/150',NULL),(509,19,'2025-10-06 10:42:29.468838','POST /api/data_teknis/check-ip','{\"ip_address\": \"192.168\", \"current_id\": null}'),(510,19,'2025-10-06 10:42:32.750730','POST /api/data_teknis/check-ip','{\"ip_address\": \"192.168.60.\", \"current_id\": null}'),(511,19,'2025-10-06 10:42:32.758108','POST /api/data_teknis/check-ip','{\"ip_address\": \"192.168.60.58\", \"current_id\": null}'),(512,19,'2025-10-06 10:48:24.271079','POST /api/data_teknis/check-ip','{\"ip_address\": \"192\", \"current_id\": null}'),(513,19,'2025-10-06 10:48:27.090244','POST /api/data_teknis/check-ip','{\"ip_address\": \"192.168.\", \"current_id\": null}'),(514,19,'2025-10-06 10:48:27.090262','POST /api/data_teknis/check-ip','{\"ip_address\": \"192.168\", \"current_id\": null}'),(515,19,'2025-10-06 10:48:29.644700','POST /api/data_teknis/check-ip','{\"ip_address\": \"192.168.60.5\", \"current_id\": null}'),(516,19,'2025-10-06 10:48:29.647881','POST /api/data_teknis/check-ip','{\"ip_address\": \"192.168.60.58\", \"current_id\": null}'),(517,19,'2025-10-06 10:54:09.790774','POST /api/data_teknis/check-ip','{\"ip_address\": \"192.168\", \"current_id\": null}'),(518,19,'2025-10-06 10:54:11.433406','POST /api/data_teknis/check-ip','{\"ip_address\": \"192.168.60.3\", \"current_id\": null}'),(519,19,'2025-10-06 10:54:15.020405','POST /api/data_teknis/check-ip','{\"ip_address\": \"192.168.60.58\", \"current_id\": null}'),(520,19,'2025-10-06 10:54:35.423861','POST /api/data_teknis/','{\"pon\": 0, \"otb\": 0, \"odc\": 0, \"odp\": 0, \"onu_power\": 0, \"profile_pppoe\": \"20Mbps-b\", \"pelanggan_id\": 274, \"id_pelanggan\": \"PRM-B5-4-Asep\", \"mikrotik_server_id\": 6, \"olt\": \"Parama\", \"password_pppoe\": \"support123.!!\", \"ip_pelanggan\": \"192.168.60.58\", \"id_vlan\": \"10\"}'),(521,3,'2025-10-06 10:57:52.089636','POST /api/invoices/generate','{\"langganan_id\": 260}'),(522,3,'2025-10-06 13:22:30.904181','POST /api/calculator/prorate','{\"id_brand\": \"ajn-02\", \"paket_layanan_id\": 6, \"tgl_mulai\": \"2025-10-06\"}'),(523,3,'2025-10-06 13:23:08.642141','POST /api/invoices/generate','{\"langganan_id\": 35}'),(524,3,'2025-10-06 14:51:55.202885','POST /api/langganan/calculate-price','{\"paket_layanan_id\": 5, \"metode_pembayaran\": \"Otomatis\", \"pelanggan_id\": 71}'),(525,3,'2025-10-06 14:52:00.104929','POST /api/langganan/calculate-price','{\"paket_layanan_id\": 5, \"metode_pembayaran\": \"Prorate\", \"pelanggan_id\": 71, \"tgl_mulai\": \"2025-10-06\"}'),(526,3,'2025-10-06 14:52:03.472834','PATCH /api/langganan/71','{\"paket_layanan_id\": 5, \"status\": \"Suspended\", \"metode_pembayaran\": \"Prorate\", \"tgl_jatuh_tempo\": \"2025-10-31\", \"harga_awal\": 139645}'),(527,3,'2025-10-06 14:52:14.945914','POST /api/invoices/generate','{\"langganan_id\": 71}'),(528,3,'2025-10-06 19:11:57.149229','POST /api/langganan/calculate-price','{\"paket_layanan_id\": 5, \"metode_pembayaran\": \"Otomatis\", \"pelanggan_id\": 7}'),(529,3,'2025-10-06 19:12:03.642819','POST /api/langganan/calculate-price','{\"paket_layanan_id\": 5, \"metode_pembayaran\": \"Prorate\", \"pelanggan_id\": 7, \"tgl_mulai\": \"2025-10-06\"}'),(530,3,'2025-10-06 19:12:07.737431','PATCH /api/langganan/7','{\"paket_layanan_id\": 5, \"status\": \"Suspended\", \"metode_pembayaran\": \"Prorate\", \"tgl_jatuh_tempo\": \"2025-10-31\", \"harga_awal\": 139645}'),(531,3,'2025-10-06 19:12:45.225976','POST /api/invoices/generate','{\"langganan_id\": 7}'),(532,3,'2025-10-07 10:20:45.381399','POST /api/langganan/calculate-price','{\"paket_layanan_id\": 6, \"metode_pembayaran\": \"Otomatis\", \"pelanggan_id\": 131}'),(533,3,'2025-10-07 10:20:50.772720','POST /api/langganan/calculate-price','{\"paket_layanan_id\": 6, \"metode_pembayaran\": \"Prorate\", \"pelanggan_id\": 131, \"tgl_mulai\": \"2025-10-07\"}'),(534,3,'2025-10-07 10:20:52.683273','PATCH /api/langganan/128','{\"paket_layanan_id\": 6, \"status\": \"Suspended\", \"metode_pembayaran\": \"Prorate\", \"tgl_jatuh_tempo\": \"2025-10-31\", \"harga_awal\": 187089}'),(535,3,'2025-10-07 10:21:02.106729','POST /api/invoices/generate','{\"langganan_id\": 128}'),(536,3,'2025-10-07 10:22:00.768048','POST /api/langganan/calculate-price','{\"paket_layanan_id\": 5, \"metode_pembayaran\": \"Otomatis\", \"pelanggan_id\": 97}'),(537,3,'2025-10-07 10:22:05.519555','POST /api/langganan/calculate-price','{\"paket_layanan_id\": 5, \"metode_pembayaran\": \"Prorate\", \"pelanggan_id\": 97, \"tgl_mulai\": \"2025-10-07\"}'),(538,3,'2025-10-07 10:22:08.195550','PATCH /api/langganan/97','{\"paket_layanan_id\": 5, \"status\": \"Suspended\", \"metode_pembayaran\": \"Prorate\", \"tgl_jatuh_tempo\": \"2025-10-31\", \"harga_awal\": 134274}'),(539,3,'2025-10-07 10:22:34.757683','POST /api/langganan/calculate-price','{\"paket_layanan_id\": 5, \"metode_pembayaran\": \"Prorate\", \"pelanggan_id\": 97, \"tgl_mulai\": \"2025-10-07\"}'),(540,3,'2025-10-07 10:22:37.164695','PATCH /api/langganan/97','{\"paket_layanan_id\": 5, \"status\": \"Suspended\", \"metode_pembayaran\": \"Prorate\", \"tgl_jatuh_tempo\": \"2025-10-31\", \"harga_awal\": 134274}'),(541,3,'2025-10-07 10:22:49.396716','POST /api/invoices/generate','{\"langganan_id\": 97}'),(542,3,'2025-10-07 10:24:15.902016','POST /api/langganan/calculate-price','{\"paket_layanan_id\": 5, \"metode_pembayaran\": \"Otomatis\", \"pelanggan_id\": 164}'),(543,3,'2025-10-07 10:24:19.562127','POST /api/langganan/calculate-price','{\"paket_layanan_id\": 5, \"metode_pembayaran\": \"Prorate\", \"pelanggan_id\": 164, \"tgl_mulai\": \"2025-10-07\"}'),(544,3,'2025-10-07 10:24:23.125517','PATCH /api/langganan/161','{\"paket_layanan_id\": 5, \"status\": \"Suspended\", \"metode_pembayaran\": \"Prorate\", \"tgl_jatuh_tempo\": \"2025-10-31\", \"harga_awal\": 134274}'),(545,3,'2025-10-07 10:24:31.753330','POST /api/invoices/generate','{\"langganan_id\": 161}'),(546,3,'2025-10-07 10:26:29.319347','POST /api/langganan/calculate-price','{\"paket_layanan_id\": 3, \"metode_pembayaran\": \"Otomatis\", \"pelanggan_id\": 243}'),(547,3,'2025-10-07 10:26:37.045372','POST /api/langganan/calculate-price','{\"paket_layanan_id\": 3, \"metode_pembayaran\": \"Prorate\", \"pelanggan_id\": 243, \"tgl_mulai\": \"2025-10-07\"}'),(548,3,'2025-10-07 10:26:53.112771','PATCH /api/langganan/229','{\"paket_layanan_id\": 3, \"status\": \"Suspended\", \"metode_pembayaran\": \"Prorate\", \"tgl_jatuh_tempo\": \"2025-10-31\", \"harga_awal\": 200516}'),(549,3,'2025-10-07 10:27:16.959789','POST /api/invoices/generate','{\"langganan_id\": 229}'),(550,6,'2025-10-07 17:45:34.269565','POST /api/calculator/prorate','{\"id_brand\": \"ajn-03\", \"paket_layanan_id\": 9, \"tgl_mulai\": \"2025-10-07\"}'),(551,6,'2025-10-07 17:45:37.575610','POST /api/calculator/prorate','{\"id_brand\": \"ajn-03\", \"paket_layanan_id\": 9, \"tgl_mulai\": \"2025-10-08\"}'),(552,6,'2025-10-07 17:52:34.893708','POST /api/calculator/prorate','{\"id_brand\": \"ajn-01\", \"paket_layanan_id\": 4, \"tgl_mulai\": \"2025-10-08\"}'),(553,6,'2025-10-07 17:54:08.035908','POST /api/calculator/prorate','{\"id_brand\": \"ajn-01\", \"paket_layanan_id\": 4, \"tgl_mulai\": \"2025-10-01\"}'),(554,6,'2025-10-07 17:54:18.819349','POST /api/calculator/prorate','{\"id_brand\": \"ajn-01\", \"paket_layanan_id\": 4, \"tgl_mulai\": \"2025-10-07\"}'),(555,6,'2025-10-07 17:54:21.856814','POST /api/calculator/prorate','{\"id_brand\": \"ajn-01\", \"paket_layanan_id\": 4, \"tgl_mulai\": \"2025-10-01\"}'),(556,3,'2025-10-07 19:05:49.374443','POST /api/langganan/calculate-price','{\"paket_layanan_id\": 5, \"metode_pembayaran\": \"Otomatis\", \"pelanggan_id\": 41}'),(557,3,'2025-10-07 19:05:54.447470','POST /api/langganan/calculate-price','{\"paket_layanan_id\": 5, \"metode_pembayaran\": \"Prorate\", \"pelanggan_id\": 41, \"tgl_mulai\": \"2025-10-07\"}'),(558,3,'2025-10-07 19:05:58.312816','PATCH /api/langganan/41','{\"paket_layanan_id\": 5, \"status\": \"Suspended\", \"metode_pembayaran\": \"Prorate\", \"tgl_jatuh_tempo\": \"2025-10-31\", \"harga_awal\": 134274}'),(559,3,'2025-10-07 19:07:01.066529','POST /api/invoices/generate','{\"langganan_id\": 41}'),(560,3,'2025-10-07 19:08:15.484849','POST /api/langganan/calculate-price','{\"paket_layanan_id\": 5, \"metode_pembayaran\": \"Otomatis\", \"pelanggan_id\": 64}'),(561,6,'2025-10-07 19:08:18.937743','POST /api/pelanggan/','{\"nama\": \"Desy Avrianti\", \"no_ktp\": \"3172055604960002\", \"email\": \"desyavriyanti875@gmail.com\", \"no_telp\": \"083899534259\", \"layanan\": \"Internet 10 Mbps\", \"alamat\": \"Rusun Nagrak\", \"blok\": \"Tower 2\", \"unit\": \"1005\", \"tgl_instalasi\": \"2025-10-08\", \"alamat_2\": \"rusun nagrak tower 2 lt. 10.05\", \"id_brand\": \"ajn-03\"}'),(562,3,'2025-10-07 19:08:20.862580','POST /api/langganan/calculate-price','{\"paket_layanan_id\": 5, \"metode_pembayaran\": \"Prorate\", \"pelanggan_id\": 64, \"tgl_mulai\": \"2025-10-07\"}'),(563,3,'2025-10-07 19:08:23.701018','PATCH /api/langganan/64','{\"paket_layanan_id\": 5, \"status\": \"Suspended\", \"metode_pembayaran\": \"Prorate\", \"tgl_jatuh_tempo\": \"2025-10-31\", \"harga_awal\": 134274}'),(564,3,'2025-10-07 19:08:36.211152','POST /api/invoices/generate','{\"langganan_id\": 64}'),(565,6,'2025-10-07 19:11:34.443338','POST /api/pelanggan/','{\"nama\": \"IR. Martua Harianja \", \"no_ktp\": \"3175071505670012\", \"email\": \"martuah7@gmail.com\", \"no_telp\": \"085216268815\", \"layanan\": \"Internet 10 Mbps\", \"alamat\": \"Rusun Pulogebang\", \"blok\": \"E\", \"unit\": \"212\", \"tgl_instalasi\": \"2025-10-08\", \"alamat_2\": \"Rusun Pulogebang Blok E No 212 Rt 010 Rw 011 kel Pulo Gebang Kec Cakung\", \"id_brand\": \"ajn-01\"}'),(566,6,'2025-10-07 19:14:35.189783','POST /api/pelanggan/','{\"nama\": \"Sahat Natanail Nainggolan\", \"no_ktp\": \"3175061912840003\", \"email\": \"natanailnainggolan@yahoo.com\", \"no_telp\": \"08118441984\", \"layanan\": \"Internet 50 Mbps\", \"alamat\": \"Rusun Tipar Cakung\", \"blok\": \"Puspa  Indah\", \"unit\": \"Lt. Dasar no 10\", \"tgl_instalasi\": \"2025-10-08\", \"alamat_2\": \"Rusun RGTC Blok.Puspa Indah Lt.Dasar No.10. Cakung Barat Jakarta Timur\", \"id_brand\": \"ajn-01\"}'),(567,3,'2025-10-08 08:32:45.518952','POST /api/calculator/prorate','{\"id_brand\": \"ajn-01\", \"paket_layanan_id\": 2, \"tgl_mulai\": \"2025-10-08\"}'),(568,3,'2025-10-08 10:20:03.067257','POST /api/langganan/calculate-price','{\"paket_layanan_id\": 9, \"metode_pembayaran\": \"Otomatis\", \"pelanggan_id\": 275}'),(569,3,'2025-10-08 10:20:14.549071','POST /api/langganan/calculate-price','{\"paket_layanan_id\": 9, \"metode_pembayaran\": \"Prorate\", \"pelanggan_id\": 275, \"tgl_mulai\": \"2025-10-08\"}'),(570,3,'2025-10-08 10:20:16.461336','POST /api/langganan/','{\"pelanggan_id\": 275, \"paket_layanan_id\": 9, \"status\": \"Aktif\", \"metode_pembayaran\": \"Prorate\", \"tgl_mulai_langganan\": \"2025-10-08\", \"sertakan_bulan_depan\": false}'),(571,3,'2025-10-08 10:24:45.641531','POST /api/calculator/prorate','{\"id_brand\": \"ajn-01\", \"paket_layanan_id\": 1, \"tgl_mulai\": \"2025-10-08\"}'),(572,3,'2025-10-08 10:31:59.740587','POST /api/calculator/prorate','{\"id_brand\": \"ajn-01\", \"paket_layanan_id\": 4, \"tgl_mulai\": \"2025-10-08\"}'),(573,3,'2025-10-08 11:50:39.220687','POST /api/invoices/generate','{\"langganan_id\": 168}'),(574,6,'2025-10-08 13:06:45.855297','POST /api/calculator/prorate','{\"id_brand\": \"ajn-01\", \"paket_layanan_id\": 1, \"tgl_mulai\": \"2025-10-08\"}'),(575,6,'2025-10-08 13:06:49.654887','POST /api/calculator/prorate','{\"id_brand\": \"ajn-01\", \"paket_layanan_id\": 1, \"tgl_mulai\": \"2025-10-09\"}'),(576,19,'2025-10-08 14:11:57.593481','POST /api/data_teknis/check-ip','{\"ip_address\": \"192.168\", \"current_id\": null}'),(577,19,'2025-10-08 14:11:58.667924','POST /api/data_teknis/check-ip','{\"ip_address\": \"192.168.\", \"current_id\": null}'),(578,19,'2025-10-08 14:12:06.569453','POST /api/data_teknis/check-ip','{\"ip_address\": \"192.168.50.\", \"current_id\": null}'),(579,19,'2025-10-08 14:12:09.172504','POST /api/data_teknis/check-ip','{\"ip_address\": \"192.168.50.87\", \"current_id\": null}'),(580,14,'2025-10-08 14:14:44.399964','POST /api/data_teknis/check-ip','{\"ip_address\": \"192.168.50.87\", \"current_id\": null}'),(581,19,'2025-10-08 14:16:13.237214','POST /api/data_teknis/check-ip','{\"ip_address\": \"102.102.100.73\", \"current_id\": null}'),(582,14,'2025-10-08 14:16:22.041238','POST /api/data_teknis/check-ip','{\"ip_address\": \"192.168.50.87\", \"current_id\": null}'),(583,19,'2025-10-08 14:17:44.396913','POST /api/data_teknis/','{\"pon\": 0, \"otb\": 0, \"odc\": 0, \"odp\": 0, \"onu_power\": 0, \"profile_pppoe\": \"50Mbps-b\", \"pelanggan_id\": 277, \"mikrotik_server_id\": 7, \"olt\": \"Tipar Cakung\", \"ip_pelanggan\": \"102.102.100.73\", \"id_pelanggan\": \" CKG-TPR-10-Sahat\", \"password_pppoe\": \"support123.!!\", \"id_vlan\": \"10\"}'),(584,3,'2025-10-08 14:17:48.625387','POST /api/langganan/calculate-price','{\"paket_layanan_id\": 4, \"metode_pembayaran\": \"Otomatis\", \"pelanggan_id\": 277}'),(585,3,'2025-10-08 14:19:03.552460','POST /api/langganan/calculate-price','{\"paket_layanan_id\": 4, \"metode_pembayaran\": \"Otomatis\", \"pelanggan_id\": 277}'),(586,14,'2025-10-08 14:19:05.633769','POST /api/data_teknis/check-ip','{\"ip_address\": \"192.168.50.87\", \"current_id\": null}'),(587,14,'2025-10-08 14:19:15.500422','POST /api/data_teknis/','{\"pon\": 0, \"otb\": 0, \"odc\": 0, \"odp\": 0, \"onu_power\": 0, \"profile_pppoe\": \"10Mbps-f\", \"id_pelanggan\": \"NGR-TWR2-1005-Desy\", \"password_pppoe\": \"support123.!!\", \"pelanggan_id\": 275, \"mikrotik_server_id\": 4, \"olt\": \"Nagrak\", \"ip_pelanggan\": \"192.168.50.87\", \"id_vlan\": \"10\"}'),(588,3,'2025-10-08 14:19:15.976808','POST /api/langganan/calculate-price','{\"paket_layanan_id\": 4, \"metode_pembayaran\": \"Otomatis\", \"pelanggan_id\": 277}'),(589,3,'2025-10-08 14:19:17.090925','POST /api/langganan/calculate-price','{\"paket_layanan_id\": 9, \"metode_pembayaran\": \"Otomatis\", \"pelanggan_id\": 275}'),(590,6,'2025-10-08 14:38:12.431596','POST /api/calculator/prorate','{\"id_brand\": \"ajn-02\", \"paket_layanan_id\": 7, \"tgl_mulai\": \"2025-10-08\"}'),(591,6,'2025-10-08 14:38:16.396778','POST /api/calculator/prorate','{\"id_brand\": \"ajn-02\", \"paket_layanan_id\": 7, \"tgl_mulai\": \"2025-10-11\"}'),(592,3,'2025-10-08 16:41:14.163884','POST /api/invoices/generate','{\"langganan_id\": 183}'),(593,3,'2025-10-08 16:44:33.698567','POST /api/calculator/prorate','{\"id_brand\": \"ajn-01\", \"paket_layanan_id\": 1, \"tgl_mulai\": \"2025-10-08\"}'),(594,3,'2025-10-08 17:10:06.079280','POST /api/langganan/calculate-price','{\"paket_layanan_id\": 5, \"metode_pembayaran\": \"Otomatis\", \"pelanggan_id\": 1}'),(595,3,'2025-10-08 17:19:49.784758','POST /api/invoices/generate','{\"langganan_id\": 56}'),(596,3,'2025-10-08 19:08:28.134060','POST /api/langganan/calculate-price','{\"paket_layanan_id\": 5, \"metode_pembayaran\": \"Otomatis\", \"pelanggan_id\": 50}'),(597,3,'2025-10-08 19:08:33.715933','POST /api/langganan/calculate-price','{\"paket_layanan_id\": 5, \"metode_pembayaran\": \"Prorate\", \"pelanggan_id\": 50, \"tgl_mulai\": \"2025-10-08\"}'),(598,3,'2025-10-08 19:08:37.075446','PATCH /api/langganan/50','{\"paket_layanan_id\": 5, \"status\": \"Suspended\", \"metode_pembayaran\": \"Prorate\", \"tgl_jatuh_tempo\": \"2025-10-31\", \"harga_awal\": 128903}'),(599,3,'2025-10-08 19:08:51.383373','POST /api/invoices/generate','{\"langganan_id\": 50}'),(600,3,'2025-10-08 19:37:42.039308','POST /api/langganan/calculate-price','{\"paket_layanan_id\": 9, \"metode_pembayaran\": \"Otomatis\", \"pelanggan_id\": 236}'),(601,3,'2025-10-08 19:37:53.269449','POST /api/langganan/calculate-price','{\"paket_layanan_id\": 9, \"metode_pembayaran\": \"Prorate\", \"pelanggan_id\": 236, \"tgl_mulai\": \"2025-10-08\"}'),(602,3,'2025-10-08 19:38:12.709132','PATCH /api/langganan/222','{\"paket_layanan_id\": 9, \"status\": \"Suspended\", \"metode_pembayaran\": \"Prorate\", \"tgl_jatuh_tempo\": \"2025-10-31\", \"harga_awal\": 116129}'),(603,3,'2025-10-08 19:38:51.659231','POST /api/invoices/generate','{\"langganan_id\": 222}'),(604,3,'2025-10-09 09:05:18.742550','POST /api/calculator/prorate','{\"id_brand\": \"ajn-01\", \"paket_layanan_id\": 1, \"tgl_mulai\": \"2025-10-09\"}'),(605,6,'2025-10-09 10:47:05.829066','POST /api/pelanggan/','{\"nama\": \"Yulinar\", \"no_ktp\": \"3173025507620001\", \"email\": \"risna171091@gmail.com\", \"no_telp\": \"081221691841\", \"layanan\": \"Internet 30 Mbps\", \"alamat\": \"Waringin\", \"blok\": \"D7\", \"unit\": \"9\", \"tgl_instalasi\": \"2025-10-09\", \"alamat_2\": \"perumahan puri sava blok D7 no 9 \", \"id_brand\": \"ajn-02\"}'),(606,19,'2025-10-09 11:14:57.283061','POST /api/data_teknis/check-ip','{\"ip_address\": \"192.1\", \"current_id\": null}'),(607,19,'2025-10-09 11:14:57.817359','POST /api/data_teknis/check-ip','{\"ip_address\": \"192.168.40\", \"current_id\": null}'),(608,19,'2025-10-09 11:14:58.084481','POST /api/data_teknis/check-ip','{\"ip_address\": \"192.168.40.12\", \"current_id\": null}'),(609,19,'2025-10-09 11:15:00.351878','POST /api/data_teknis/check-ip','{\"ip_address\": \"192.168.40.11\", \"current_id\": null}'),(610,19,'2025-10-09 11:15:00.950788','POST /api/data_teknis/check-ip','{\"ip_address\": \"192.168.40.119\", \"current_id\": null}'),(611,19,'2025-10-09 11:15:03.945657','POST /api/data_teknis/check-ip','{\"ip_address\": \"192.168.40.11\", \"current_id\": null}'),(612,19,'2025-10-09 11:15:06.779613','POST /api/data_teknis/check-ip','{\"ip_address\": \"192.168.40.120\", \"current_id\": null}'),(613,19,'2025-10-09 11:18:08.626857','POST /api/data_teknis/check-ip','{\"ip_address\": \"192.168\", \"current_id\": null}'),(614,19,'2025-10-09 11:18:10.117237','POST /api/data_teknis/check-ip','{\"ip_address\": \"192.168.1\", \"current_id\": null}'),(615,19,'2025-10-09 11:18:12.246314','POST /api/data_teknis/check-ip','{\"ip_address\": \"192.168.40.\", \"current_id\": null}'),(616,19,'2025-10-09 11:18:14.496373','POST /api/data_teknis/check-ip','{\"ip_address\": \"192.168.40.120\", \"current_id\": null}'),(617,19,'2025-10-09 11:18:58.476048','POST /api/data_teknis/','{\"pon\": 0, \"otb\": 0, \"odc\": 0, \"odp\": 0, \"onu_power\": 0, \"profile_pppoe\": \"30Mbps-b\", \"pelanggan_id\": 278, \"mikrotik_server_id\": 3, \"olt\": \"Waringin\", \"id_pelanggan\": \"WRG-D7-9-Yulinar\", \"password_pppoe\": \"support123.!!\", \"ip_pelanggan\": \"192.168.40.120\", \"id_vlan\": \"10\"}'),(618,3,'2025-10-09 11:29:53.571787','POST /api/langganan/calculate-price','{\"paket_layanan_id\": 7, \"metode_pembayaran\": \"Otomatis\", \"pelanggan_id\": 278}'),(619,3,'2025-10-09 11:30:13.769060','POST /api/langganan/calculate-price','{\"paket_layanan_id\": 7, \"metode_pembayaran\": \"Prorate\", \"pelanggan_id\": 278, \"tgl_mulai\": \"2025-10-09\"}'),(620,3,'2025-10-09 11:30:15.901770','POST /api/langganan/','{\"pelanggan_id\": 278, \"paket_layanan_id\": 7, \"status\": \"Aktif\", \"metode_pembayaran\": \"Prorate\", \"tgl_mulai_langganan\": \"2025-10-09\", \"sertakan_bulan_depan\": false}'),(621,3,'2025-10-09 11:30:26.759507','POST /api/invoices/generate','{\"langganan_id\": 262}'),(622,6,'2025-10-09 16:10:14.547442','POST /api/pelanggan/','{\"nama\": \"Munisah\", \"no_ktp\": \"3213115711830003\", \"email\": \"maheyramaher77@gmail.com\", \"no_telp\": \"087872456263\", \"layanan\": \"Internet 10 Mbps\", \"alamat\": \"Rusun Nagrak\", \"blok\": \"Tower 1\", \"unit\": \"907\", \"tgl_instalasi\": \"2025-10-10\", \"alamat_2\": \"rusunawa Nagrak tower 1 lantai 9 no 07\", \"id_brand\": \"ajn-03\"}'),(623,14,'2025-10-09 16:16:26.181235','POST /api/data_teknis/check-ip','{\"ip_address\": \"192.168.50.87\", \"current_id\": null}'),(624,14,'2025-10-09 16:16:36.145196','POST /api/data_teknis/check-ip','{\"ip_address\": \"192.168.50.88\", \"current_id\": null}'),(625,14,'2025-10-09 16:17:53.926216','POST /api/data_teknis/check-ip','{\"ip_address\": \"NGR-TWR1-907-munisah\", \"current_id\": null}'),(626,14,'2025-10-09 16:18:00.270581','POST /api/data_teknis/check-ip','{\"ip_address\": \"1\", \"current_id\": null}'),(627,14,'2025-10-09 16:18:06.544898','POST /api/data_teknis/check-ip','{\"ip_address\": \"192.1\", \"current_id\": null}'),(628,14,'2025-10-09 16:18:07.501434','POST /api/data_teknis/check-ip','{\"ip_address\": \"192.168\", \"current_id\": null}'),(629,14,'2025-10-09 16:18:07.503359','POST /api/data_teknis/check-ip','{\"ip_address\": \"192.168.\", \"current_id\": null}'),(630,14,'2025-10-09 16:18:08.428792','POST /api/data_teknis/check-ip','{\"ip_address\": \"192.168.50.88\", \"current_id\": null}'),(631,14,'2025-10-09 16:19:38.879732','POST /api/data_teknis/','{\"pon\": 0, \"otb\": 0, \"odc\": 0, \"odp\": 0, \"onu_power\": 0, \"profile_pppoe\": \"10Mbps-a\", \"id_pelanggan\": \"NGR-TWR1-907-munisah\", \"password_pppoe\": \"support123.!!\", \"mikrotik_server_id\": 4, \"olt\": \"Nagrak\", \"ip_pelanggan\": \"192.168.50.88\", \"id_vlan\": \"10\", \"pelanggan_id\": 279}'),(632,3,'2025-10-09 16:28:14.107582','POST /api/langganan/calculate-price','{\"paket_layanan_id\": 9, \"metode_pembayaran\": \"Otomatis\", \"pelanggan_id\": 238}'),(633,3,'2025-10-09 16:28:20.787974','POST /api/langganan/calculate-price','{\"paket_layanan_id\": 9, \"metode_pembayaran\": \"Prorate\", \"pelanggan_id\": 238, \"tgl_mulai\": \"2025-10-09\"}'),(634,3,'2025-10-09 16:28:29.697004','PATCH /api/langganan/224','{\"paket_layanan_id\": 9, \"status\": \"Suspended\", \"metode_pembayaran\": \"Prorate\", \"tgl_jatuh_tempo\": \"2025-10-31\", \"harga_awal\": 111290}'),(635,3,'2025-10-09 16:28:43.822311','POST /api/invoices/generate','{\"langganan_id\": 224}'),(636,6,'2025-10-09 20:17:54.156910','POST /api/pelanggan/','{\"nama\": \"Tegar febrian \", \"no_ktp\": \"3201151802020009\", \"email\": \"tfebrian270@gmail.com\", \"no_telp\": \"085691845301\", \"layanan\": \"Internet 10 Mbps\", \"alamat\": \"Waringin\", \"blok\": \"B7\", \"unit\": \"3\", \"tgl_instalasi\": \"2025-10-10\", \"alamat_2\": \"perumuhan puri sava blok b7 no 3.\", \"id_brand\": \"ajn-02\"}'),(637,14,'2025-10-09 20:32:13.330784','POST /api/data_teknis/check-ip','{\"ip_address\": \"192.168.60.58\", \"current_id\": null}'),(638,14,'2025-10-09 20:32:15.398719','POST /api/data_teknis/check-ip','{\"ip_address\": \"192.168.60.59\", \"current_id\": null}'),(639,14,'2025-10-09 20:32:56.728267','POST /api/data_teknis/check-ip','{\"ip_address\": \"192.168.60.5\", \"current_id\": null}'),(640,14,'2025-10-09 20:33:01.246783','POST /api/data_teknis/check-ip','{\"ip_address\": \"192.168.60.59\", \"current_id\": null}'),(641,14,'2025-10-09 20:33:07.322366','POST /api/data_teknis/check-ip','{\"ip_address\": \"192.168.60.60\", \"current_id\": null}'),(642,14,'2025-10-09 20:33:09.288164','POST /api/data_teknis/check-ip','{\"ip_address\": \"192.168.60.661\", \"current_id\": null}'),(643,14,'2025-10-09 20:33:12.528922','POST /api/data_teknis/check-ip','{\"ip_address\": \"192.168.60.61\", \"current_id\": null}'),(644,14,'2025-10-09 20:33:49.210505','POST /api/data_teknis/','{\"pon\": 0, \"otb\": 0, \"odc\": 0, \"odp\": 0, \"onu_power\": 0, \"profile_pppoe\": \"10Mbps-f\", \"id_pelanggan\": \"PRM-B7-3-tegar\", \"password_pppoe\": \"support123.!!\", \"pelanggan_id\": 280, \"mikrotik_server_id\": 3, \"olt\": \"Waringin\", \"ip_pelanggan\": \"192.168.60.61\", \"id_vlan\": \"10\"}'),(645,14,'2025-10-09 20:38:15.103170','PATCH /api/data_teknis/270','{\"pelanggan_id\": 280, \"mikrotik_server_id\": 3, \"odp_id\": null, \"otb\": 0, \"odc\": 0, \"port_odp\": null, \"id_vlan\": \"10\", \"id_pelanggan\": \"WRG-B7-3-tegar\", \"password_pppoe\": \"support123.!!\", \"ip_pelanggan\": \"192.168.60.61\", \"olt\": \"Waringin\", \"olt_custom\": null, \"pon\": 0, \"onu_power\": 0, \"sn\": null, \"speedtest_proof\": null, \"id\": 270}'),(646,3,'2025-10-09 22:36:06.416492','POST /api/langganan/calculate-price','{\"paket_layanan_id\": 5, \"metode_pembayaran\": \"Otomatis\", \"pelanggan_id\": 34}'),(647,3,'2025-10-09 22:36:12.744033','POST /api/langganan/calculate-price','{\"paket_layanan_id\": 5, \"metode_pembayaran\": \"Prorate\", \"pelanggan_id\": 34, \"tgl_mulai\": \"2025-10-09\"}'),(648,3,'2025-10-09 22:36:15.879887','PATCH /api/langganan/34','{\"paket_layanan_id\": 5, \"status\": \"Suspended\", \"metode_pembayaran\": \"Prorate\", \"tgl_jatuh_tempo\": \"2025-10-31\", \"harga_awal\": 123532}'),(649,3,'2025-10-09 22:36:29.796975','POST /api/invoices/generate','{\"langganan_id\": 34}'),(650,3,'2025-10-10 09:08:54.679399','POST /api/calculator/prorate','{\"id_brand\": \"ajn-01\", \"paket_layanan_id\": 1, \"tgl_mulai\": \"2025-10-10\"}'),(651,19,'2025-10-10 09:52:31.991644','POST /api/data_teknis/check-ip','{\"ip_address\": \"1\", \"current_id\": null}'),(652,19,'2025-10-10 09:52:31.996190','POST /api/data_teknis/check-ip','{\"ip_address\": \"192.168\", \"current_id\": null}'),(653,19,'2025-10-10 09:52:33.908855','POST /api/data_teknis/check-ip','{\"ip_address\": \"192.168.40.121\", \"current_id\": null}'),(654,19,'2025-10-10 09:52:48.799389','POST /api/data_teknis/','{\"pon\": 0, \"otb\": 0, \"odc\": 0, \"odp\": 0, \"onu_power\": 0, \"profile_pppoe\": \"10Mbps-c\", \"pelanggan_id\": 281, \"mikrotik_server_id\": 3, \"olt\": \"Waringin\", \"id_pelanggan\": \"WRG-D1-10-Atika\", \"password_pppoe\": \"support123.!!\", \"ip_pelanggan\": \"192.168.40.121\", \"id_vlan\": \"10\"}'),(655,3,'2025-10-10 09:57:49.158130','POST /api/invoices/generate','{\"langganan_id\": 265}'),(656,3,'2025-10-10 09:59:05.518345','POST /api/invoices/generate','{\"langganan_id\": 264}'),(657,3,'2025-10-10 10:25:23.695448','POST /api/invoices/generate','{\"langganan_id\": 263}'),(658,3,'2025-10-10 10:30:44.890384','POST /api/calculator/prorate','{\"id_brand\": \"ajn-01\", \"paket_layanan_id\": 1, \"tgl_mulai\": \"2025-10-10\"}'),(659,3,'2025-10-10 10:34:30.056778','POST /api/calculator/prorate','{\"id_brand\": \"ajn-01\", \"paket_layanan_id\": 3, \"tgl_mulai\": \"2025-10-10\"}'),(660,3,'2025-10-10 13:53:03.364538','POST /api/calculator/prorate','{\"id_brand\": \"ajn-01\", \"paket_layanan_id\": 1, \"tgl_mulai\": \"2025-10-10\"}'),(661,3,'2025-10-10 14:06:59.536728','POST /api/calculator/prorate','{\"id_brand\": \"ajn-01\", \"paket_layanan_id\": 3, \"tgl_mulai\": \"2025-10-10\"}'),(662,3,'2025-10-10 14:07:01.054374','POST /api/calculator/prorate','{\"id_brand\": \"ajn-01\", \"paket_layanan_id\": 3, \"tgl_mulai\": \"2025-10-11\"}');
/*!40000 ALTER TABLE `activity_logs` ENABLE KEYS */;
UNLOCK TABLES;

--
-- Table structure for table `alembic_version`
--

DROP TABLE IF EXISTS `alembic_version`;
/*!40101 SET @saved_cs_client     = @@character_set_client */;
/*!40101 SET character_set_client = utf8mb4 */;
CREATE TABLE `alembic_version` (
  `version_num` varchar(32) NOT NULL,
  PRIMARY KEY (`version_num`)
) ENGINE=InnoDB DEFAULT CHARSET=utf8mb4 COLLATE=utf8mb4_unicode_ci;
/*!40101 SET character_set_client = @saved_cs_client */;

--
-- Dumping data for table `alembic_version`
--

LOCK TABLES `alembic_version` WRITE;
/*!40000 ALTER TABLE `alembic_version` DISABLE KEYS */;
INSERT INTO `alembic_version` VALUES ('f7cbc8fae992');
/*!40000 ALTER TABLE `alembic_version` ENABLE KEYS */;
UNLOCK TABLES;

--
-- Table structure for table `data_teknis`
--

DROP TABLE IF EXISTS `data_teknis`;
/*!40101 SET @saved_cs_client     = @@character_set_client */;
/*!40101 SET character_set_client = utf8mb4 */;
CREATE TABLE `data_teknis` (
  `id` bigint(20) NOT NULL AUTO_INCREMENT,
  `pelanggan_id` bigint(20) NOT NULL,
  `id_vlan` varchar(191) NOT NULL,
  `id_pelanggan` varchar(191) NOT NULL,
  `password_pppoe` varchar(191) NOT NULL,
  `ip_pelanggan` varchar(191) NOT NULL,
  `profile_pppoe` varchar(191) NOT NULL,
  `olt` varchar(191) NOT NULL,
  `olt_custom` varchar(191) DEFAULT NULL,
  `pon` int(11) DEFAULT NULL,
  `otb` int(11) DEFAULT NULL,
  `odc` int(11) DEFAULT NULL,
  `odp_id` int(11) DEFAULT NULL,
  `port_odp` int(11) DEFAULT NULL,
  `onu_power` int(11) DEFAULT NULL,
  `speedtest_proof` varchar(191) DEFAULT NULL,
  `mikrotik_server_id` bigint(20) DEFAULT NULL,
  `sn` varchar(191) DEFAULT NULL,
  `mikrotik_sync_pending` tinyint(1) NOT NULL DEFAULT 0,
  PRIMARY KEY (`id`),
  UNIQUE KEY `ix_data_teknis_pelanggan_id` (`pelanggan_id`),
  KEY `mikrotik_server_id` (`mikrotik_server_id`),
  KEY `ix_data_teknis_olt` (`olt`),
  KEY `ix_data_teknis_id` (`id`),
  KEY `ix_data_teknis_ip_pelanggan` (`ip_pelanggan`),
  KEY `ix_data_teknis_id_pelanggan` (`id_pelanggan`),
  KEY `ix_data_teknis_sn` (`sn`),
  CONSTRAINT `data_teknis_ibfk_1` FOREIGN KEY (`pelanggan_id`) REFERENCES `pelanggan` (`id`),
  CONSTRAINT `data_teknis_ibfk_2` FOREIGN KEY (`mikrotik_server_id`) REFERENCES `mikrotik_servers` (`id`)
) ENGINE=InnoDB AUTO_INCREMENT=272 DEFAULT CHARSET=utf8mb4 COLLATE=utf8mb4_unicode_ci;
/*!40101 SET character_set_client = @saved_cs_client */;

--
-- Dumping data for table `data_teknis`
--

LOCK TABLES `data_teknis` WRITE;
/*!40000 ALTER TABLE `data_teknis` DISABLE KEYS */;
INSERT INTO `data_teknis` VALUES (1,1,'100','TMB-MGG-109-Yusuf','support123.!!','192.168.30.6','10Mbps-d','Tambun','',1,0,0,3,NULL,-15,NULL,1,NULL,0),(2,2,'100','TMB-KBJ2-C20A-Fajar','support123.!!','192.168.30.5','10Mbps-b','Tambun','',1,1,1,4,NULL,-17,NULL,1,NULL,0),(3,3,'100','TMB-KHM-42-Delif','support123.!!','192.168.30.7','10Mbps-c','Tambun','',1,0,0,4,NULL,-16,NULL,1,NULL,0),(4,4,'100','TMB-KBJ-C148-Jaenudin','support123.!!','192.168.30.8','10Mbps-a','Tambun','',1,0,0,5,NULL,-12,NULL,1,NULL,0),(5,5,'100','TMB-TTS-3056-Mansur','support123.!!','192.168.30.9','10Mbps-b','Tambun','',1,0,0,5,NULL,-12,NULL,1,NULL,0),(6,6,'101','KMD-0705-Reno-2024','reno2024','101.101.100.246','10Mbps-b','Pinus','',0,0,0,0,NULL,-20,NULL,2,NULL,0),(7,7,'101','KMD-1205-Ayu-2024','support123.!!','101.101.100.249','10Mbps-o','Pinus','',0,0,0,0,NULL,-20,NULL,2,NULL,0),(8,8,'101','KMD-1205-Abu-2024','support123.!!','101.101.100.250','30Mbps-b','Pinus','',0,0,0,0,NULL,-20,NULL,2,NULL,0),(9,9,'101','KMD-1205-Dani-2024','support123.!!','101.101.100.236','10Mbps-i','Pinus','',0,0,0,0,NULL,-20,NULL,2,NULL,0),(10,10,'101','KMD-7533-Sutata-2024','support123.!!','101.101.100.51','10Mbps-s','Pinus','',0,0,0,0,NULL,-20,NULL,2,NULL,0),(11,11,'101','KMD-12512-Ika-2025','support123.!!','101.101.100.42','10Mbps-s','Pinus','',0,0,0,0,NULL,-20,NULL,2,NULL,0),(12,12,'101','KMD-51A-Muafi-2025','support123.!!','101.101.101.8','10Mbps-o','Pinus','',0,0,0,0,NULL,-20,NULL,2,NULL,0),(13,13,'101','KMD-0705-Slamet-2025','support123.!!','101.101.101.18','10Mbps-o','Pinus','',0,0,0,0,NULL,-20,NULL,2,NULL,0),(14,14,'101','KMD-12125-Thoharoh-2025','support123.!!','101.101.101.29','10Mbps-d','Pinus','',0,0,0,0,NULL,-20,NULL,2,NULL,0),(15,15,'10','WRG-B6-2-Maman','support123.!!','192.168.40.3','10Mbps-h','Waringin','',0,0,0,0,NULL,-20,NULL,3,NULL,0),(16,16,'10','WRG-B5-16-Slamet','support123.!!','192.168.40.4','10Mbps-d','Waringin','',0,0,0,0,NULL,-20,NULL,3,NULL,0),(17,17,'10','WRG-B5-22-Rita','support123.!!','192.168.40.5','20Mbps-a','Waringin','',0,0,0,0,NULL,-20,NULL,3,NULL,0),(18,18,'10','WRG-A3-1-Rian','support123.!!','192.168.40.7','10Mbps-c','Waringin','',0,0,0,0,NULL,-20,NULL,3,NULL,0),(19,19,'10','WRG-A3-10-Widayanti','support123.!!','192.168.40.8','20Mbps-b','Waringin','',0,0,0,0,NULL,-20,NULL,3,NULL,0),(20,20,'10','WRG-A3-9-Dewi','support123.!!','192.168.40.9','20Mbps-f','Waringin','',0,0,0,0,NULL,-20,NULL,3,NULL,0),(21,21,'10','WRG-A1-7-Adien','support123.!!','192.168.40.10','20Mbps-b','Waringin','',0,0,0,0,NULL,-20,NULL,3,NULL,0),(22,22,'10','WRG-A2-9-Yopan','support123.!!','192.168.40.11','10Mbps-b','Waringin','',0,0,0,0,NULL,-20,NULL,3,NULL,0),(23,23,'10','WRG-A4-2-Anton','support123.!!','192.168.40.12','20Mbps-b','Waringin','',0,0,0,0,NULL,-20,NULL,3,NULL,0),(24,24,'10','WRG-B3-8-Yoga','support123.!!','192.168.40.13','10Mbps-b','Waringin','',0,0,0,0,NULL,-20,NULL,3,NULL,0),(25,25,'10','WRG-A5-12-Sudira','support123.!!','192.168.40.14','10Mbps-k','Waringin','',0,0,0,0,NULL,-20,NULL,3,NULL,0),(26,26,'10','WRG-B5-20-Suproji','support123.!!','192.168.40.15','10Mbps-c','Waringin','',0,0,0,0,NULL,-20,NULL,3,NULL,0),(27,27,'10','WRG-B4-3-ELI','support123.!!','192.168.40.18','10Mbps-f','Waringin','',0,0,0,0,NULL,-20,NULL,3,NULL,0),(28,28,'10','WRG-B1-1-Lima','support123.!!','192.168.40.17','10Mbps-d','Waringin','',0,0,0,0,NULL,-20,NULL,3,NULL,0),(29,29,'10','WRG-A6-2-Vivian','support123.!!','192.168.40.19','50Mbps-a','Waringin','',0,0,0,0,NULL,-20,NULL,3,NULL,0),(30,30,'10','WRG-A4-11-Fitri','support123.!!','192.168.40.20','10Mbps-d','Waringin','',0,0,0,0,NULL,-20,NULL,3,NULL,0),(31,31,'10','WRG-A4-15-Cipto','support123.!!','192.168.40.16','10Mbps-k','Waringin','',0,0,0,0,NULL,-20,NULL,3,NULL,0),(32,32,'10','WRG-B1-11-Shelvi','support123.!!','192.168.40.21','20Mbps-b','Waringin','',0,0,0,0,NULL,-20,NULL,3,NULL,0),(33,33,'10','WRG-A6-11-Restu','support123.!!','192.168.40.22','10Mbps-l','Waringin','',0,0,0,0,NULL,-20,NULL,3,NULL,0),(34,34,'10','WRG-B3-9-Aldy','support123.!!','192.168.40.23','10Mbps-e','Waringin','',0,0,0,0,NULL,-20,NULL,3,NULL,0),(35,35,'10','WRG-A3-15-Raswa','support123.!!','192.168.40.24','20Mbps-b','Waringin','',0,0,0,0,NULL,-20,NULL,3,NULL,0),(36,36,'10','WRG-B5-5-Isnawati','support123.!!','192.168.40.25','10Mbps-n','Waringin','',0,0,0,0,NULL,-20,NULL,3,NULL,0),(37,37,'10','WRG-B4-7-Reza','support123.!!','192.168.40.26','10Mbps-l','Waringin','',0,0,0,0,NULL,-20,NULL,3,NULL,0),(38,38,'10','WRG-B3-06-Budianto','support123.!!','192.168.40.27','10Mbps-c','Waringin','',0,0,0,0,NULL,-20,NULL,3,NULL,0),(39,39,'10','WRG-A2-19-Najmudin','support123.!!','192.168.40.28','10Mbps-j','Waringin','',0,0,0,0,NULL,-20,NULL,3,NULL,0),(40,40,'10','WRG-A7-6-Nadia','support123.!!','192.168.40.29','10Mbps-d','Waringin','',0,0,0,0,NULL,-20,NULL,3,NULL,0),(41,41,'10','WRG-A7-11-Dila','support123.!!','192.168.40.30','10Mbps-e','Waringin','',0,0,0,0,NULL,-20,NULL,3,NULL,0),(42,42,'10','WRG-B6-26-Dinda','support123.!!','192.168.40.31','20Mbps-a','Waringin','',0,0,0,0,NULL,-20,NULL,3,NULL,0),(43,43,'10','WRG-A3-18-Yahya','support123.!!','192.168.40.32','10Mbps-i','Waringin','',0,0,0,0,NULL,-20,NULL,3,NULL,0),(44,44,'10','WRG-A2-7-Yudha','support123.!!','192.168.40.33','10Mbps-j','Waringin','',0,0,0,0,NULL,-20,NULL,3,NULL,0),(45,45,'10','WRG-A2-5-Tuty','support123.!!','192.168.40.34','10Mbps-l','Waringin','',0,0,0,0,NULL,-20,NULL,3,NULL,0),(46,46,'10','WRG-B7-8-Alicia','support123.!!','192.168.40.35','10Mbps-f','Waringin','',0,0,0,0,NULL,-20,NULL,3,NULL,0),(47,47,'10','WRG-B7-1-Faizal','support123.!!','192.168.40.36','20Mbps-a','Waringin','',0,0,0,0,NULL,-20,NULL,3,NULL,0),(48,48,'10','WRG-B6-4-Aji','support123.!!','192.168.40.37','20Mbps-b','Waringin','',0,0,0,0,NULL,-20,NULL,3,NULL,0),(49,49,'10','WRG-B5-15-Karsono','support123.!!','192.168.40.38','10Mbps-l','Waringin','',0,0,0,0,NULL,-20,NULL,3,NULL,0),(50,50,'10','WRG-D2-11-Sanuri','support123.!!','192.168.40.39','10Mbps-i','Waringin','',0,0,0,0,NULL,-20,NULL,3,NULL,0),(51,51,'10','WRG-B6-12-Iis','support123.!!','192.168.40.40','10Mbps-i','Waringin','',0,0,0,0,NULL,-20,NULL,3,NULL,0),(52,52,'10','WRG-A6-14-Ahmad','support123.!!','192.168.40.41','10Mbps-a','Waringin','',0,0,0,0,NULL,-20,NULL,3,NULL,0),(53,53,'10','WRG-A3-4-Adawiyah','support123.!!','192.168.40.42','10Mbps-a','Waringin','',0,0,0,0,NULL,-20,NULL,3,NULL,0),(54,54,'10','WRG-A4-5-Deni','support123.!!','192.168.40.43','10Mbps-a','Waringin','',0,0,0,0,NULL,-20,NULL,3,NULL,0),(55,55,'10','WRG-B2-7-Romansyah','support123.!!','192.168.40.44','10Mbps-a','Waringin','',0,0,0,0,NULL,-20,NULL,3,NULL,0),(56,56,'10','WRG-A2-15-Abu','support123.!!','192.168.40.45','10Mbps-k','Waringin','',0,0,0,0,NULL,-20,NULL,3,NULL,0),(57,57,'10','WRG-B9-4-Widia','support123.!!','192.168.60.44','10Mbps-h','Waringin','',0,0,0,0,NULL,-20,NULL,3,NULL,0),(58,58,'10','WRG-D2-4-Asiyah','support123.!!','192.168.40.48','20Mbps-a','Waringin','',0,0,0,0,NULL,-20,NULL,3,NULL,0),(59,59,'10','WRG-C1-2-Pujiansyah','support123.!!','192.168.40.49','30Mbps-a','Waringin','',0,0,0,0,NULL,-20,NULL,3,NULL,0),(60,60,'10','WRG-A6-19-Leo','support123.!!','192.168.40.50','10Mbps-l','Waringin','',0,0,0,0,NULL,-20,NULL,3,NULL,0),(61,61,'10','WRG-A1-9-Firdayani','support123.!!','192.168.40.47','10Mbps-b','Waringin','',0,0,0,0,NULL,-20,NULL,3,NULL,0),(62,62,'10','WRG-B3-11-Sanaji','support123.!!','192.168.40.51','10Mbps-g','Waringin','',0,0,0,0,NULL,-20,NULL,3,NULL,0),(63,63,'10','WRG-A5-3-adisti','support123.!!','192.168.40.52','10Mbps-h','Waringin','',0,0,0,0,NULL,-20,NULL,3,NULL,0),(64,64,'10','WRG-A4-22-Saidul','support123.!!','192.168.40.53','10Mbps-j','Waringin','',0,0,0,0,NULL,-20,NULL,3,NULL,0),(65,65,'10','WRG-A6-10-Yahyudi','support123.!!','192.168.40.54','10Mbps-j','Waringin','',0,0,0,0,NULL,-20,NULL,3,NULL,0),(66,66,'10','WRG-D2-12-Nabella','support123.!!','192.168.40.55','10Mbps-c','Waringin','',0,0,0,0,NULL,-20,NULL,3,NULL,0),(67,67,'10','WRG-B6-18-Melly','support123.!!','192.168.40.56','20Mbps-b','Waringin','',0,0,0,0,NULL,-20,NULL,3,NULL,0),(68,68,'10','WRG-B3-5-Nasrulloh','support123.!!','192.168.40.57','10Mbps-g','Waringin','',0,0,0,0,NULL,-20,NULL,3,NULL,0),(69,69,'10','WRG-B2-11-Krisna','support123.!!','192.168.40.58','10Mbps-j','Waringin','',0,0,0,0,NULL,-20,NULL,3,NULL,0),(70,70,'10','WRG-B7-04-Rico','support123.!!','192.168.40.59','10Mbps-k','Waringin','',0,0,0,0,NULL,-20,NULL,3,NULL,0),(71,71,'10','WRG-A5-9-Ernia','support123.!!','192.168.40.60','10Mbps-e','Waringin','',0,0,0,0,NULL,-20,NULL,3,NULL,0),(72,72,'10','WRG-C1-12-Nurul','support123.!!','192.168.40.61','20Mbps-b','Waringin','',0,0,0,0,NULL,-20,NULL,3,NULL,0),(73,73,'10','WRG-B6-20-Abdul','support123.!!','192.168.40.63','30Mbps-a','Waringin','',0,0,0,0,NULL,-20,NULL,3,NULL,0),(74,74,'10','WRG-A4-06-Rifki','support123.!!','192.168.40.62','10Mbps-k','Waringin','',0,0,0,0,NULL,-20,NULL,3,NULL,0),(75,75,'10','WRG-A5-14-Rafli','support123.!!','192.168.40.64','20Mbps-a','Waringin','',0,0,0,0,NULL,-20,NULL,3,NULL,0),(76,76,'10','WRG-B3-22-Sariyanti','support123.!!','192.168.40.65','10Mbps-h','Waringin','',0,0,0,0,NULL,-20,NULL,3,NULL,0),(77,77,'10','WRG-C1-6-Tika','support123.!!','192.168.40.66','20Mbps-a','Waringin','',0,0,0,0,NULL,-20,NULL,3,NULL,0),(78,78,'10','WRG-B6-11-Haris','support123.!!','192.168.40.67','10Mbps-d','Waringin','',0,0,0,0,NULL,-20,NULL,3,NULL,0),(79,79,'10','WRG-A6-18-Deva','support123.!!','192.168.40.68','10Mbps-a','Waringin','',0,0,0,0,NULL,-20,NULL,3,NULL,0),(80,80,'10','WRG-C1-7-Tias','support123.!!','192.168.40.69','10Mbps-f','Waringin','',0,0,0,0,NULL,-20,NULL,3,NULL,0),(81,81,'10','WRG-B8-1-Inez','support123.!!','192.168.40.70','20Mbps-b','Waringin','',0,0,0,0,NULL,-20,NULL,3,NULL,0),(82,82,'10','WRG-B2-3-Febi','support123.!!','192.168.40.71','10Mbps-e','Waringin','',0,0,0,0,NULL,-20,NULL,3,NULL,0),(83,83,'10','WRG-D1-11-Danang','support123.!!','192.168.40.72','10Mbps-d','Waringin','',0,0,0,0,NULL,-20,NULL,3,NULL,0),(84,84,'10','WRG-A1-8-Siti','support123.!!','192.168.40.73','10Mbps-g','Waringin','',0,0,0,0,NULL,-20,NULL,3,NULL,0),(85,85,'10','WRG-A4-18-Suardi','support123.!!','192.168.40.74','10Mbps-m','Waringin','',0,0,0,0,NULL,-20,NULL,3,NULL,0),(86,86,'10','WRG-B6-13-Romi','support123.!!','192.168.40.75','10Mbps-f','Waringin','',0,0,0,0,NULL,-20,NULL,3,NULL,0),(87,87,'10','WRG-B6-07-Ferrent','support123.!!','192.168.40.76','10Mbps-n','Waringin','',0,0,0,0,NULL,-20,NULL,3,NULL,0),(88,88,'10','WRG-B1-9-Anisa','support123.!!','92.168.40.77','10Mbps-f','Waringin','',0,0,0,0,NULL,-20,NULL,3,NULL,0),(89,89,'10','WRG-D1-8-Fani','support123.!!','192.168.40.78','10Mbps-m','Waringin','',0,0,0,0,NULL,-20,NULL,3,NULL,0),(90,90,'10','WRG-C1-08-Sidik','support123.!!','192.168.40.79','20Mbps-b','Waringin','',0,0,0,0,NULL,-20,NULL,3,NULL,0),(91,91,'10','WRG-D2-02-Wiwin','support123.!!','192.168.40.80','10Mbps-e','Waringin','',0,0,0,0,NULL,-20,NULL,3,NULL,0),(92,92,'10','WRG-A4-4-Maulani','support123.!!','192.168.40.81','10Mbps-g','Waringin','',0,0,0,0,NULL,-20,NULL,3,NULL,0),(93,93,'10','WRG-D6-18-Agus','support123.!!','192.168.40.82','10Mbps-h','Waringin','',0,0,0,0,NULL,-20,NULL,3,NULL,0),(94,94,'10','WRG-B5-10-Solihah','support123.!!','192.168.40.83','20Mbps-b','Waringin','',0,0,0,0,NULL,-20,NULL,3,NULL,0),(95,95,'10','WRG-C2-5-Yeni','support123.!!','192.168.40.84','10Mbps-i','Waringin','',0,0,0,0,NULL,-20,NULL,3,NULL,0),(96,96,'10','WRG-D5-13-Siti','support123.!!','192.168.40.85','20Mbps-b','Waringin','',0,0,0,0,NULL,-20,NULL,3,NULL,0),(97,97,'10','WRG-D7-3-Didi','support123.!!','192.168.40.86','10Mbps-a','Waringin','',0,0,0,0,NULL,-20,NULL,3,NULL,0),(98,100,'10','WRG-D4-10-Puput','support123.!!','192.168.40.90','10Mbps-b','Waringin','',0,0,0,0,NULL,-20,NULL,3,NULL,0),(99,101,'10','WRG-D1-13-Eri','support123.!!','192.168.40.6','10Mbps-c','Waringin','',0,0,0,0,NULL,-20,NULL,3,NULL,0),(100,102,'10','WRG-A4-17-Alfa','support123.!!','192.168.40.91','20Mbps-a','Waringin','',0,0,0,0,NULL,-20,NULL,3,NULL,0),(101,103,'10','WRG-D5-19-Fitra','support123.!!','192.168.40.92','10Mbps-i','Waringin','',0,0,0,0,NULL,-20,NULL,3,NULL,0),(102,98,'10','WRG-D7-14-Nofan','support123.!!','192.168.40.88','10Mbps-g','Waringin','',0,0,0,0,NULL,-20,NULL,3,NULL,0),(103,99,'10','WRG-B3-18-Fiki','support123.!!','192.168.40.89','20Mbps-a','Waringin','',0,0,0,0,NULL,-20,NULL,3,NULL,0),(104,104,'11','OKK-WW','support123.!!','10.10.20.20','20Mbps-a','Tambun','',0,0,0,NULL,NULL,-20,NULL,1,'SD32323',0),(105,105,'11','OKK-22','support123.!!','10.222.22.11','20Mbps-a','Tambun','',0,0,0,0,NULL,-20,NULL,1,NULL,0),(106,106,'10','WRG-A2-12-Firman','support123.!!','192.168.40.96','10Mbps-c','Waringin',NULL,0,0,0,0,NULL,-20,'/static/uploads/speedtest/f92df5293099330d.jpg',3,'ZIC8QGHL2O09758',0),(107,107,'10','WRG-D6-16-Risna','support123.!!','192.168.40.97','30Mbps-a','Waringin',NULL,0,0,0,0,NULL,-16,NULL,3,'MHENQB8CDA00405',0),(108,108,'10','WRG-A8-14-Nugraha','support123.!!','192.168.40.98','10Mbps-n','Waringin',NULL,0,0,0,0,NULL,0,NULL,3,NULL,0),(110,110,'10','WRG-B3-16-Triana','support123.!!','192.1668.40.99','10Mbps-m','Waringin',NULL,0,0,0,0,NULL,0,NULL,3,NULL,0),(113,113,'105','NGR-TWR2-1412-Irma','support123.!!','192.168.50.83','10Mbps-s','Nagrak',NULL,0,0,0,NULL,NULL,-19,NULL,4,'MHEGCDE5E012',0),(114,114,'10','WRG-B2-05-Deshi','support123.!!','192.168.40.100','20Mbps-b','Waringin',NULL,0,0,0,NULL,NULL,-20,NULL,3,'MHENQB8CDA00388',0),(115,115,'10','WRG-B5-24-Agus','support123.!!','192.168.40.101','10Mbps-n','Waringin',NULL,0,0,0,0,NULL,0,NULL,3,NULL,0),(116,116,'10','WRG-B4-15-Mila','support123.!!','192.168.40.102','10Mbps-n','Waringin',NULL,0,0,0,NULL,NULL,-19,NULL,3,'MHENQB8CDA00386',0),(117,117,'10','WRG-D7-21-Panji','support123.!!','192.168.40.103','10Mbps-m','Waringin',NULL,0,0,0,1,NULL,-19,NULL,3,'MHENQB8CDA00406',0),(118,118,'105','NRG-TWR1-908-Jamin','support123.!!','192.168.50.84','10Mbps-s','Nagrak',NULL,0,0,0,0,NULL,0,NULL,4,NULL,0),(119,119,'10','WRG-D7-23-Reza','support123.!!','192.168.40.104','10Mbps-m','Waringin',NULL,0,0,0,0,NULL,0,NULL,3,NULL,0),(120,121,'10','WRG-B5-19-Aris','support123.!!','192.168.40.105','20Mbps-a','Waringin',NULL,0,0,0,NULL,NULL,0,NULL,3,NULL,0),(125,124,'10','WRG-D5-09-Soib','support123.!!','192.168.40.106','10Mbps-a','Waringin',NULL,0,0,0,NULL,NULL,0,NULL,3,NULL,0),(126,126,'10','WRG-B6-17-Aditya','support123.!!','192.168.40.107','10Mbps-e','Waringin',NULL,0,0,0,NULL,NULL,0,NULL,3,NULL,0),(127,127,'10','WRG-B6-21-Rudi','support123.!!','192.168.40.108','10Mbps-e','Waringin',NULL,0,0,0,NULL,NULL,0,NULL,3,NULL,0),(128,128,'10','WRG-D4-13-Bahri','support123.!!','192.168.40.109','10Mbps-h','Waringin',NULL,0,0,0,NULL,NULL,0,NULL,3,NULL,0),(130,136,'10','PRM-A1-34-Popy','support123.!!','192.168.60.6','10Mbps-b','Parama','N/A',0,0,0,NULL,0,0,NULL,6,'N/A',0),(131,147,'10','PRM-A1-37-Nasiroh','support123.!!','192.168.60.22','10Mbps-f','Parama','N/A',0,0,0,NULL,0,0,NULL,6,'N/A',0),(132,155,'10','PRM-A1-38-Syahril','support123.!!','192.168.60.36','10Mbps-e','Parama','N/A',0,0,0,NULL,0,0,NULL,6,'N/A',0),(133,131,'10','PRM-A1-40-Kholifah','support123.!!','192.168.60.4','20Mbps-b','Parama','N/A',0,0,0,NULL,0,0,NULL,6,'N/A',0),(134,145,'10','PRM-A1-41-Azizah','support123.!!','192.168.60.20','20Mbps-c','Parama','N/A',0,0,0,NULL,0,0,NULL,6,'N/A',0),(135,133,'10','PRM-A1-46-Dheny','support123.!!','192.168.60.5','20Mbps-b','Parama','N/A',0,0,0,NULL,0,0,NULL,6,'N/A',0),(136,148,'10','PRM-A4-07-Ita','support123.!!','192.168.60.23','10Mbps-c','Parama','N/A',0,0,0,NULL,0,0,NULL,6,'N/A',0),(137,134,'10','PRM-A4-1-Eka','support123.!!','192.168.60.7','10Mbps-b','Parama','N/A',0,0,0,NULL,0,0,NULL,6,'N/A',0),(138,135,'10','PRM-A4-11-Dewi','support123.!!','192.168.60.10','10Mbps-d','Parama','N/A',0,0,0,NULL,0,0,NULL,6,'N/A',0),(139,143,'10','PRM-A4-13-Annisa','support123.!!','192.168.60.18','10Mbps-e','Parama','N/A',0,0,0,NULL,0,0,NULL,6,'N/A',0),(140,142,'10','PRM-A4-22-Ivo','support123.!!','192.168.60.17','20Mbps-a','Parama','N/A',0,0,0,NULL,0,0,NULL,6,'N/A',0),(141,141,'10','PRM-A4-28-Muzahidin','support123.!!','192.168.60.16','10Mbps-d','Parama','N/A',0,0,0,NULL,0,0,NULL,6,'N/A',0),(142,158,'10','PRM-A5-6-Zuyyina','support123.!!','192.168.60.40','10Mbps-b','Parama','N/A',0,0,0,NULL,0,0,NULL,6,'N/A',0),(143,132,'10','PRM-A5-8-Mustika','support123.!!','192.168.60.3','30Mbps-a','Parama','N/A',0,0,0,NULL,0,0,NULL,6,'N/A',0),(144,146,'10','PRM-B1-03-Racmat','support123.!!','192.168.60.21','10Mbps-f','Parama','N/A',0,0,0,NULL,0,0,NULL,6,'N/A',0),(145,160,'10','PRM-B1-7-Ashari','support123.!!','192.168.60.42','30Mbps-d','Parama','N/A',0,0,0,NULL,0,0,NULL,6,'N/A',0),(146,139,'10','PRM-B1-12-Jannatan','support123.!!','192.168.60.12','10Mbps-a','Parama','N/A',0,0,0,NULL,0,0,NULL,6,'N/A',0),(147,140,'10','PRM-B1-14-Jati','support123.!!','192.168.60.13','10Mbps-e','Parama','N/A',0,0,0,NULL,0,0,NULL,6,'N/A',0),(148,151,'10','PRM-B2-1-Nurhasanah','support123.!!','192.168.60.29','10Mbps-c','Parama','N/A',0,0,0,NULL,0,0,NULL,6,'N/A',0),(149,167,'10','PRM-B2-2-Holid','support123.!!','192.168.60.49','10Mbps-a','Parama','N/A',0,0,0,NULL,0,0,NULL,6,'N/A',0),(150,164,'10','PRM-B3-20-Dida','support123.!!','192.168.60.46','10Mbps-e','Parama','N/A',0,0,0,NULL,0,0,NULL,6,'N/A',0),(151,138,'10','PRM-B3-21-Anggi','support123.!!','192.168.60.11','10Mbps-a','Parama','N/A',0,0,0,NULL,0,0,NULL,6,'N/A',0),(152,137,'10','PRM-B3-28-Firman','support123.!!','192.168.60.14','10Mbps-c','Parama','N/A',0,0,0,NULL,0,0,NULL,6,'N/A',0),(153,161,'10','PRM-B3-30-Sugiarto','support123.!!','192.168.60.43','30Mbps-a','Parama','N/A',0,0,0,NULL,0,0,NULL,6,'N/A',0),(154,144,'10','PRM-B4-07-Amirul','support123.!!','192.168.60.19','20Mbps-b','Parama','N/A',0,0,0,NULL,0,0,NULL,6,'N/A',0),(155,152,'10','PRM-B4-9-Hanifah','support123.!!','192.168.60.30','10Mbps-c','Parama','N/A',0,0,0,NULL,0,0,NULL,6,'N/A',0),(156,157,'10','PRM-B4-22-Aliya','support123.!!','192.168.60.38','10Mbps-f','Parama','N/A',0,0,0,NULL,0,0,NULL,6,'N/A',0),(157,166,'10','PRM-B4-23-Lilis','support123.!!','192.168.60.48','30Mbps-a','Parama','N/A',0,0,0,NULL,0,0,NULL,6,'N/A',0),(159,156,'10','PRM-B5-17-Eni','support123.!!','192.168.60.37','10Mbps-e','Parama','N/A',0,0,0,NULL,0,0,NULL,6,'N/A',0),(160,169,'10','PRM-B6-05-Lala','support123.!!','192.168.60.51','10Mbps-f','Parama','N/A',0,0,0,NULL,0,0,NULL,6,'N/A',0),(161,159,'10','PRM-B6-8-Satria','support123.!!','192.168.60.41','20Mbps-c','Parama','N/A',0,0,0,NULL,0,0,NULL,6,'N/A',0),(162,165,'10','PRM-B6-9-Vidi','support123.!!','192.168.60.47','10Mbps-e','Parama','N/A',0,0,0,NULL,0,0,NULL,6,'N/A',0),(163,163,'10','PRM-B6-11-Nur','support123.!!','192.168.60.45','10Mbps-b','Parama','N/A',0,0,0,NULL,0,0,NULL,6,'N/A',0),(164,149,'10','PRM-B7-12-Rizki','support123.!!','192.168.60.25','10Mbps-a','Parama','N/A',0,0,0,NULL,0,0,NULL,6,'N/A',0),(165,168,'10','PRM-B7-13-Calvin','support123.!!','192.168.60.50','20Mbps-d','Parama','N/A',0,0,0,NULL,0,0,NULL,6,'N/A',0),(166,172,'10','PRM-B10-17-Vicky','support123.!!','192.168.60.54','20Mbps-c','Parama','N/A',0,0,0,NULL,0,0,NULL,6,'N/A',0),(167,173,'10','PRM-B10-18-Hardiansyah','support123.!!','192.168.60.55','10Mbps-a','Parama','N/A',0,0,0,NULL,0,0,NULL,6,'N/A',0),(168,153,'10','PRM-B10-29-Arsyil','support123.!!','192.168.60.33','10Mbps-d','Parama','N/A',0,0,0,NULL,0,0,NULL,6,'N/A',0),(169,154,'10','PRM-B11-11-Juniah','support123.!!','192.168.60.35','10Mbps-c','Parama','N/A',0,0,0,NULL,0,0,NULL,6,'N/A',0),(170,162,'10','PRM-B11-17-Ahmad','support123.!!','192.168.60.44','10Mbps-b','Parama','N/A',0,0,0,NULL,0,0,NULL,6,'N/A',0),(171,170,'10','PRM-B11-22-Habib','support123.!!','192.168.60.52','10Mbps-d','Parama','N/A',0,0,0,NULL,0,0,NULL,6,'N/A',0),(172,171,'10','PRM-B12-5-Aziz','support123.!!','192.168.60.53','10Mbps-g','Parama','N/A',0,0,0,NULL,0,0,NULL,6,'N/A',0),(176,175,'10','WRG-A6-8-Somad','support123.!!','192.168.40.110','20Mbps-k','Waringin',NULL,0,0,0,NULL,NULL,0,NULL,3,NULL,0),(178,180,'10','WRG-B6-9-Dadan','support123.!!','192.168.40.111','20Mbps-a\n','Waringin',NULL,0,0,0,NULL,NULL,0,NULL,3,NULL,0),(180,186,'10','WRG-B5-23-Suhendar',' support123.!!','192.168.40.112','10Mbps-c','Waringin',NULL,0,0,0,NULL,NULL,0,NULL,3,NULL,0),(181,187,'10','WRG-A1-4-Denok','support123.!!','192.168.40.113','20Mbps-d','Waringin',NULL,0,0,0,NULL,NULL,0,NULL,3,NULL,0),(182,189,'105','NGR-TWR3-0811-niko','support123.!!','192.168.50.14','10Mbps-a','Nagrak','',0,0,0,NULL,0,-20,NULL,4,'',0),(183,190,'105','NGR-TWR2-Khadijah','support123.!!','192.168.50.2  ','10Mbps-d','Nagrak','',0,0,0,NULL,0,-20,NULL,4,'',0),(184,191,'105','NGR-TWR3-0904-Rosliati','support123.!!','192.168.50.4  ','10Mbps-f','Nagrak','',0,0,0,NULL,0,-20,NULL,4,'',0),(185,192,'105','NGR-TWR2-1013-Ferdi','support123.!!','192.168.50.10','10Mbps-m','Nagrak','',0,0,0,NULL,0,-20,NULL,4,'',0),(186,193,'105','NGR-TWR1-1511-Rani','support123.!!','192.168.50.16','10Mbps-f','Nagrak','',0,0,0,NULL,0,-20,NULL,4,'',0),(187,194,'105','NGR-TWR3-99-EFFY','support123.!!','192.168.50.19','10Mbps-j','Nagrak','',0,0,0,NULL,0,-20,NULL,4,'',0),(188,195,'105','NGR-TWR3-3912-Erna','support123.!!','192.168.50.21','10Mbps-j','Nagrak','',0,0,0,NULL,0,-20,NULL,4,'',0),(189,196,'105','NGR-TWR1-602-Mulyanil','support123.!!','192.168.50.27','10Mbps-o','Nagrak','',0,0,0,NULL,0,-20,NULL,4,'',0),(190,197,'105','NGR-TWR1-606-Riyani','support123.!!','192.168.50.29','10Mbps-k','Nagrak','',0,0,0,NULL,0,-20,NULL,4,'',0),(191,198,'105','NGR-TWR3-812-Indarto','support123.!!','192.168.50.31','10Mbps-g','Nagrak','',0,0,0,NULL,0,-20,NULL,4,'',0),(192,199,'105','NGR-TWR3-1010-Achmad','support123.!!','192.168.50.33','20Mbps-f','Nagrak','',0,0,0,NULL,0,-20,NULL,4,'',0),(193,200,'105','NGR-TWR3-801-Heppi ','support123.!!','192.168.50.34','10Mbps-i','Nagrak','',0,0,0,NULL,0,-20,NULL,4,'',0),(194,201,'105','NGR-TWR2-910-Jubaidah','support123.!!','192.168.50.36','10Mbps-h','Nagrak','',0,0,0,NULL,0,-20,NULL,4,'',0),(195,202,'105','NGR-TWR3-1004-Rizki','support123.!!','192.168.50.37','10Mbps-b','Nagrak','',0,0,0,NULL,0,-20,NULL,4,'',0),(196,203,'105','NGR-TWR1-614-Andri','support123.!!','192.168.50.35','10Mbps-i','Nagrak','',0,0,0,NULL,0,-20,NULL,4,'',0),(197,204,'105','NGR-TWR3-807-Abdul','support123.!!','192.168.50.39','10Mbps-i','Nagrak','',0,0,0,NULL,0,-20,NULL,4,'',0),(198,205,'105','NGR-TWR2-1512-Wulan','support123.!!','192.168.50.40','10Mbps-h','Nagrak','',0,0,0,NULL,0,-20,NULL,4,'',0),(199,206,'105','NGR-TWR1-1014-Rita','support123.!!','192.168.50.41','10Mbps-g','Nagrak','',0,0,0,NULL,0,-20,NULL,4,'',0),(200,207,'105','NGR-TWR2-1211-Ayu','support123.!!','192.168.50.42','10Mbps-k','Nagrak','',0,0,0,NULL,0,-20,NULL,4,'',0),(201,208,'105','NGR-TWR1-149-Alwani','support123.!!','192.168.50.43','10Mbps-l','Nagrak','',0,0,0,NULL,0,-20,NULL,4,'',0),(202,209,'105','NGR-TWR3-307- Diana','support123.!!','192.168.50.44','10Mbps-l','Nagrak','',0,0,0,NULL,0,-20,NULL,4,'',0),(203,210,'105','NGR-TWR3-610-Suherpi','support123.!!','192.168.50.46','10Mbps-l','Nagrak','',0,0,0,NULL,0,-20,NULL,4,'',0),(204,211,'105','NGR-TWR3-810-Opik','support123.!!','192.168.50.47','10Mbps-l','Nagrak','',0,0,0,NULL,0,-20,NULL,4,'',0),(205,212,'105','NGR-TWR2-1112-Nur','support123.!!','192.168.50.48','10Mbps-c','Nagrak','',0,0,0,NULL,0,-20,NULL,4,'',0),(206,213,'105','NGR-TWR2-1505-Rochaeni','support123.!!','192.168.50.49','10Mbps-p','Nagrak','',0,0,0,NULL,0,-20,NULL,4,'',0),(207,214,'105','NGR-TWR2-1210-Akbar','support123.!!','192.168.50.50','10Mbps-e','Nagrak','',0,0,0,NULL,0,-20,NULL,4,'',0),(208,215,'105','NGR-TWR-7706- Maulana','support123.!!','192.168.50.52','10Mbps-h','Nagrak','',0,0,0,NULL,0,-20,NULL,4,'',0),(209,216,'105','NGR-TWR2-705-Rahmatudin','support123.!!','192.168.50.53','10Mbps-q','Nagrak','',0,0,0,NULL,0,-20,NULL,4,'',0),(210,217,'105','NGR-TWR2-1204-Sefianty','support123.!!','192.168.50.54','10Mbps-l','Nagrak','',0,0,0,NULL,0,-20,NULL,4,'',0),(211,218,'105','NGR-TWR3-1006-juju','support123.!!','192.168.50.55','10Mbps-s','Nagrak','',0,0,0,NULL,0,-20,NULL,4,'',0),(212,219,'105','NGR-TWR3-612-desta','support123.!!','192.168.50.56','10Mbps-g','Nagrak','',0,0,0,NULL,0,-20,NULL,4,'',0),(213,220,'105','NGR-TWR3-1110-maiti','support123.!!','192.168.50.57','10Mbps-j','Nagrak','',0,0,0,NULL,0,-20,NULL,4,'',0),(214,221,'105','NGR-TWR1-1112-resmia','support123.!!','192.168.50.58','10Mbps-m','Nagrak','',0,0,0,NULL,0,-20,NULL,4,'',0),(215,222,'105','NGR-TWR2-905-Mulyani','support123.!!','192.168.50.59','10Mbps-a','Nagrak','',0,0,0,NULL,0,-20,NULL,4,'',0),(216,223,'105','NGR-TWR3-411-Rahman','support123.!!','192.168.50.60','10Mbps-k','Nagrak','',0,0,0,NULL,0,-20,NULL,4,'',0),(217,224,'105','NGR-TWR3-1106-Hayati','support123.!!','192.168.50.62','10Mbps-a','Nagrak','',0,0,0,NULL,0,-20,NULL,4,'',0),(218,225,'105','NGR-TWR3-13-samudra','support123.!!','192.168.50.63','10Mbps-o','Nagrak','',0,0,0,NULL,0,-20,NULL,4,'',0),(219,226,'105','NGR-TWR2-909-Nella','support123.!!','192.168.50.64','10Mbps-d','Nagrak','',0,0,0,NULL,0,-20,NULL,4,'',0),(220,227,'105','NGR-TWR2-1314-Yofri','support123.!!','192.168.50.11','10Mbps-d','Nagrak','',0,0,0,NULL,0,-20,NULL,4,'',0),(221,228,'105','NGR-TWR2-1407-Febriyanti','support123.!!','192.168.50.66','10Mbps-b','Nagrak','',0,0,0,NULL,0,-20,NULL,4,'',0),(222,229,'105','NGR-TWR3-513-Mega','support123.!!','192.168.50.69','10Mbps-f','Nagrak','',0,0,0,NULL,0,-20,NULL,4,'',0),(223,230,'105','NGR-TWR2-1006-Arsiahwati','support123.!!','192.168.50.70','10Mbps-c','Nagrak','',0,0,0,NULL,0,-20,NULL,4,'',0),(224,231,'105','NGR-TWR3-151-Didi','support123.!!','192.168.50.73','10Mbps-e','Nagrak','',0,0,0,NULL,0,-20,NULL,4,'',0),(225,232,'105','NGR-TWR1-1510-Diky','support123.!!','192.168.50.74','10Mbps-p','Nagrak','',0,0,0,NULL,0,-20,NULL,4,'',0),(226,233,'105','NGR-TWR1-159-Tri','support123.!!','192.168.50.75','30Mbps-b','Nagrak','',0,0,0,NULL,0,-20,NULL,4,'',0),(227,234,'105','NGR-TWR1-1411-Gilang','support123.!!','192.168.50.76','10Mbps-e','Nagrak','',0,0,0,NULL,0,-20,NULL,4,'',0),(228,235,'105','NGR-TWR3-609-Indah','support123.!!','192.168.50.77','10Mbps-m','Nagrak','',0,0,0,NULL,0,-20,NULL,4,'',0),(229,236,'105','NGR-TWR3-613-Langit','support123.!!','192.168.50.78','10Mbps-r','Nagrak','',0,0,0,NULL,0,-20,NULL,4,'',0),(230,237,'105','NGR-TWR3-408-Sueni','support123.!!','192.168.50.79','10Mbps-r','Nagrak','',0,0,0,NULL,0,-20,NULL,4,'',0),(231,238,'105','NGR-TWR1-910-Virsya','support123.!!','192.168.50.80','10Mbps-o','Nagrak','',0,0,0,NULL,0,-20,NULL,4,'',0),(232,239,'105','NGR-TWR3-152-Suwandi','support123.!!','192.168.50.81','10Mbps-n','Nagrak','',0,0,0,NULL,0,-20,NULL,4,'',0),(233,240,'105','NGR-TWR2-1208-Herlina','support123.!!','192.168.50.82','10Mbps-r','Nagrak','',0,0,0,NULL,0,-20,NULL,4,'',0),(234,241,'105','NGR-TWR3-508-Neneng','support123.!!','192.168.50.85','10Mbps-s','Nagrak','',0,0,0,NULL,0,-20,NULL,4,'',0),(235,242,'105','NGR-TWR3-095-fitriyanih','support123.!!','192.168.50.86','10Mbps-b','Nagrak','',0,0,0,NULL,0,-20,NULL,4,'',0),(236,243,'102','628770877949118','permatasari9118','102.102.100.22','30Mbps-a','Tipar Cakung','',0,0,0,NULL,0,-20,NULL,7,'',0),(237,244,'102','628777554489859','kussoy9859','102.102.100.24','20Mbps-g','Tipar Cakung','',0,0,0,NULL,0,-20,NULL,7,'',0),(238,245,'102','62811193200418','octaviana0418','102.102.100.29','10Mbps-f','Tipar Cakung','',0,0,0,NULL,0,-20,NULL,7,'',0),(239,246,'102','CKG-BRT-B-107-10-1023-Firmansyah','firmansyah0830','102.102.100.43','10Mbps-b','Tipar Cakung','',0,0,0,NULL,0,-20,NULL,7,'',0),(240,247,'102','CKG-BRT--B-308-10-0424-Rendra','rendra2904 ','102.102.100.53 ','10Mbps-d','Tipar Cakung','',0,0,0,NULL,0,-20,NULL,7,'',0),(241,248,'102','CKB-G-205-Selly','support123.!!','102.102.100.56','10Mbps-b','Tipar Cakung','',0,0,0,NULL,0,-20,NULL,7,'',0),(242,249,'102','CKB-B-402- Micka','support123.!!','102.102.100.61','10Mbps-f','Tipar Cakung','',0,0,0,NULL,0,-20,NULL,7,'',0),(243,250,'102','CKB-A-506-Nadya','support123.!!','102.102.100.63','10Mbps-g','Tipar Cakung','',0,0,0,NULL,0,-20,NULL,7,'',0),(244,251,'102','CKG-BRT-F-404-Ranto','support123.!!','102.102.100.67','30Mbps-c','Tipar Cakung','',0,0,0,NULL,0,-20,NULL,7,'',0),(245,252,'102','CKG-BRT-E-511-Akhmad','support123.!!','102.102.100.68','20Mbps-f','Tipar Cakung','',0,0,0,NULL,0,-20,NULL,7,'',0),(246,253,'102','CKG-BRT-B-409-Lina','support123.!!','102.102.100.69','10Mbps-g','Tipar Cakung','',0,0,0,NULL,0,-20,NULL,7,'',0),(247,254,'102','CKG-BRT-A-5505-Tiurma','support123.!!','102.102.100.70','10Mbps-g','Tipar Cakung','',0,0,0,NULL,0,-20,NULL,7,'',0),(248,255,'102','CKG-BRT-F-402-Yosa','support123.!!','102.102.100.72','10Mbps-g','Tipar Cakung','',0,0,0,NULL,0,-20,NULL,7,'',0),(249,256,'102','628226000505020','axl5020','102.102.100.9','50Mbps-d','Tipar Cakung','',0,0,0,NULL,0,-20,NULL,7,'',0),(250,257,'102','628125955031871','reinhart1871','102.102.100.32','30Mbps-b','Tipar Cakung','',0,0,0,NULL,0,-20,NULL,7,'',0),(251,258,'102','CKG-TPR-RSML-310-20-1123-Febry','papilaya5557','102.102.100.47','10Mbps-f','Tipar Cakung','',0,0,0,NULL,0,-20,NULL,7,'',0),(252,259,'102','CKG-TPR-PSP-118-Binsar','support123..!','102.102.100.62','30Mbps-a','Tipar Cakung','',0,0,0,NULL,0,-20,NULL,7,'',0),(253,260,'102','CKG-TPR-MER-319-Nadia','support123.!!','102.102.100.64','10Mbps-c','Tipar Cakung','',0,0,0,NULL,0,-20,NULL,7,'',0),(254,261,'102','CKG-TPR-JTS-112-Devi','support123.!!','102.102.100.66','10Mbps-a','Tipar Cakung','',0,0,0,NULL,0,-20,NULL,7,'',0),(255,262,'102','CKG-TPR-ANG-002-Parti','support123.!!','102.102.100.71','10Mbps-f','Tipar Cakung','',0,0,0,NULL,0,-20,NULL,7,'',0),(256,263,'10','PRM-B4-11-Humaidi','support123.!!','192.168.60.56','10Mbps-g','Parama',NULL,0,0,0,NULL,NULL,0,NULL,6,NULL,0),(257,264,'10','WRG-D9-25-Mei','support123.!!','192.168.40.114','30Mbps-a\n','Waringin',NULL,0,0,0,NULL,NULL,0,NULL,3,NULL,0),(258,265,'10','WRG-B1-6-Fashihin','support123.!!','192.168.40.115','30Mbps-b','Waringin',NULL,0,0,0,NULL,NULL,0,NULL,3,NULL,0),(259,266,'10','WRG-D7-15-YASINTA',' support123.!!','192.168.40.116','10Mbps-d','Waringin',NULL,0,0,0,NULL,NULL,0,NULL,3,NULL,0),(260,267,'10','WRG-A2-18-Jaenuri','support123.!!','192.168.40.117','10Mbps-e','Waringin',NULL,0,0,0,NULL,NULL,0,NULL,3,NULL,0),(261,268,'10','WRG-C1-3-Muis','support123.!!','192.168.40.93','10Mbps-k','Waringin',NULL,0,0,0,NULL,NULL,0,NULL,3,NULL,0),(262,269,'10','WRG-D4-15-Rojudin','support123.!!','192.168.40.118','10Mbps-b','Waringin',NULL,0,0,0,NULL,NULL,0,NULL,3,NULL,0),(263,271,'10','WRG-D4-1-Okta','support123.!!','192.168.40.119','10Mbps-l','Waringin',NULL,0,0,0,NULL,NULL,0,NULL,3,NULL,0),(264,273,'10','PRM-A5-9-Idris','support123.!!','192.168.60.57','10Mbps-g','Parama',NULL,0,0,0,NULL,NULL,0,NULL,6,NULL,0),(265,274,'10','PRM-B5-4-Asep','support123.!!','192.168.60.58','20Mbps-b','Parama',NULL,0,0,0,NULL,NULL,0,NULL,6,NULL,0),(266,277,'10',' CKG-TPR-10-Sahat','support123.!!','102.102.100.73','50Mbps-b','Tipar Cakung',NULL,0,0,0,NULL,NULL,0,NULL,7,NULL,0),(267,275,'10','NGR-TWR2-1005-Desy','support123.!!','192.168.50.87','10Mbps-f','Nagrak',NULL,0,0,0,NULL,NULL,0,NULL,4,NULL,0),(268,278,'10','WRG-D7-9-Yulinar','support123.!!','192.168.40.120','30Mbps-b','Waringin',NULL,0,0,0,NULL,NULL,0,NULL,3,NULL,0),(269,279,'10','NGR-TWR1-907-munisah','support123.!!','192.168.50.88','10Mbps-a','Nagrak',NULL,0,0,0,NULL,NULL,0,NULL,4,NULL,0),(270,280,'10','WRG-B7-3-tegar','support123.!!','192.168.60.61','10Mbps-f','Waringin',NULL,0,0,0,NULL,NULL,0,NULL,3,NULL,0),(271,281,'10','WRG-D1-10-Atika','support123.!!','192.168.40.121','10Mbps-c','Waringin',NULL,0,0,0,NULL,NULL,0,NULL,3,NULL,0);
/*!40000 ALTER TABLE `data_teknis` ENABLE KEYS */;
UNLOCK TABLES;

--
-- Table structure for table `harga_layanan`
--

DROP TABLE IF EXISTS `harga_layanan`;
/*!40101 SET @saved_cs_client     = @@character_set_client */;
/*!40101 SET character_set_client = utf8mb4 */;
CREATE TABLE `harga_layanan` (
  `id_brand` varchar(191) NOT NULL,
  `brand` varchar(191) NOT NULL,
  `pajak` decimal(5,2) NOT NULL,
  `xendit_key_name` varchar(50) NOT NULL,
  PRIMARY KEY (`id_brand`)
) ENGINE=InnoDB DEFAULT CHARSET=utf8mb4 COLLATE=utf8mb4_unicode_ci;
/*!40101 SET character_set_client = @saved_cs_client */;

--
-- Dumping data for table `harga_layanan`
--

LOCK TABLES `harga_layanan` WRITE;
/*!40000 ALTER TABLE `harga_layanan` DISABLE KEYS */;
INSERT INTO `harga_layanan` VALUES ('ajn-01','JAKINET',11.00,'JAKINET'),('ajn-02','JELANTIK',11.00,'JELANTIK'),('ajn-03','JELANTIK NAGRAK',11.00,'JAKINET');
/*!40000 ALTER TABLE `harga_layanan` ENABLE KEYS */;
UNLOCK TABLES;

--
-- Table structure for table `inventory_history`
--

DROP TABLE IF EXISTS `inventory_history`;
/*!40101 SET @saved_cs_client     = @@character_set_client */;
/*!40101 SET character_set_client = utf8mb4 */;
CREATE TABLE `inventory_history` (
  `id` int(11) NOT NULL AUTO_INCREMENT,
  `action` varchar(255) NOT NULL,
  `timestamp` datetime NOT NULL DEFAULT current_timestamp(),
  `item_id` int(11) NOT NULL,
  `user_id` bigint(20) NOT NULL,
  PRIMARY KEY (`id`),
  KEY `item_id` (`item_id`),
  KEY `user_id` (`user_id`),
  CONSTRAINT `inventory_history_ibfk_1` FOREIGN KEY (`item_id`) REFERENCES `inventory_items` (`id`),
  CONSTRAINT `inventory_history_ibfk_2` FOREIGN KEY (`user_id`) REFERENCES `users` (`id`)
) ENGINE=InnoDB DEFAULT CHARSET=utf8mb4 COLLATE=utf8mb4_unicode_ci;
/*!40101 SET character_set_client = @saved_cs_client */;

--
-- Dumping data for table `inventory_history`
--

LOCK TABLES `inventory_history` WRITE;
/*!40000 ALTER TABLE `inventory_history` DISABLE KEYS */;
/*!40000 ALTER TABLE `inventory_history` ENABLE KEYS */;
UNLOCK TABLES;

--
-- Table structure for table `inventory_item_types`
--

DROP TABLE IF EXISTS `inventory_item_types`;
/*!40101 SET @saved_cs_client     = @@character_set_client */;
/*!40101 SET character_set_client = utf8mb4 */;
CREATE TABLE `inventory_item_types` (
  `id` int(11) NOT NULL AUTO_INCREMENT,
  `name` varchar(255) NOT NULL,
  PRIMARY KEY (`id`),
  UNIQUE KEY `ix_inventory_item_types_name` (`name`)
) ENGINE=InnoDB DEFAULT CHARSET=utf8mb4 COLLATE=utf8mb4_unicode_ci;
/*!40101 SET character_set_client = @saved_cs_client */;

--
-- Dumping data for table `inventory_item_types`
--

LOCK TABLES `inventory_item_types` WRITE;
/*!40000 ALTER TABLE `inventory_item_types` DISABLE KEYS */;
/*!40000 ALTER TABLE `inventory_item_types` ENABLE KEYS */;
UNLOCK TABLES;

--
-- Table structure for table `inventory_items`
--

DROP TABLE IF EXISTS `inventory_items`;
/*!40101 SET @saved_cs_client     = @@character_set_client */;
/*!40101 SET character_set_client = utf8mb4 */;
CREATE TABLE `inventory_items` (
  `id` int(11) NOT NULL AUTO_INCREMENT,
  `serial_number` varchar(255) NOT NULL,
  `mac_address` varchar(255) DEFAULT NULL,
  `location` varchar(255) DEFAULT NULL,
  `purchase_date` date DEFAULT NULL,
  `notes` text DEFAULT NULL,
  `item_type_id` int(11) NOT NULL,
  `status_id` int(11) NOT NULL,
  `pelanggan_id` bigint(20) DEFAULT NULL,
  PRIMARY KEY (`id`),
  UNIQUE KEY `ix_inventory_items_serial_number` (`serial_number`),
  UNIQUE KEY `mac_address` (`mac_address`),
  KEY `item_type_id` (`item_type_id`),
  KEY `pelanggan_id` (`pelanggan_id`),
  KEY `status_id` (`status_id`),
  CONSTRAINT `inventory_items_ibfk_1` FOREIGN KEY (`item_type_id`) REFERENCES `inventory_item_types` (`id`),
  CONSTRAINT `inventory_items_ibfk_2` FOREIGN KEY (`pelanggan_id`) REFERENCES `pelanggan` (`id`),
  CONSTRAINT `inventory_items_ibfk_3` FOREIGN KEY (`status_id`) REFERENCES `inventory_statuses` (`id`)
) ENGINE=InnoDB DEFAULT CHARSET=utf8mb4 COLLATE=utf8mb4_unicode_ci;
/*!40101 SET character_set_client = @saved_cs_client */;

--
-- Dumping data for table `inventory_items`
--

LOCK TABLES `inventory_items` WRITE;
/*!40000 ALTER TABLE `inventory_items` DISABLE KEYS */;
/*!40000 ALTER TABLE `inventory_items` ENABLE KEYS */;
UNLOCK TABLES;

--
-- Table structure for table `inventory_statuses`
--

DROP TABLE IF EXISTS `inventory_statuses`;
/*!40101 SET @saved_cs_client     = @@character_set_client */;
/*!40101 SET character_set_client = utf8mb4 */;
CREATE TABLE `inventory_statuses` (
  `id` int(11) NOT NULL AUTO_INCREMENT,
  `name` varchar(255) NOT NULL,
  PRIMARY KEY (`id`),
  UNIQUE KEY `ix_inventory_statuses_name` (`name`)
) ENGINE=InnoDB DEFAULT CHARSET=utf8mb4 COLLATE=utf8mb4_unicode_ci;
/*!40101 SET character_set_client = @saved_cs_client */;

--
-- Dumping data for table `inventory_statuses`
--

LOCK TABLES `inventory_statuses` WRITE;
/*!40000 ALTER TABLE `inventory_statuses` DISABLE KEYS */;
/*!40000 ALTER TABLE `inventory_statuses` ENABLE KEYS */;
UNLOCK TABLES;

--
-- Table structure for table `invoices`
--

DROP TABLE IF EXISTS `invoices`;
/*!40101 SET @saved_cs_client     = @@character_set_client */;
/*!40101 SET character_set_client = utf8mb4 */;
CREATE TABLE `invoices` (
  `id` bigint(20) NOT NULL AUTO_INCREMENT,
  `invoice_number` varchar(191) NOT NULL,
  `pelanggan_id` bigint(20) NOT NULL,
  `id_pelanggan` varchar(255) NOT NULL,
  `brand` varchar(191) NOT NULL,
  `total_harga` decimal(15,2) NOT NULL,
  `no_telp` varchar(191) NOT NULL,
  `email` varchar(191) NOT NULL,
  `tgl_invoice` date NOT NULL,
  `tgl_jatuh_tempo` date NOT NULL,
  `status_invoice` varchar(50) NOT NULL,
  `payment_link` text DEFAULT NULL,
  `metode_pembayaran` varchar(50) DEFAULT NULL,
  `expiry_date` datetime DEFAULT NULL,
  `xendit_id` varchar(191) DEFAULT NULL,
  `xendit_external_id` varchar(191) DEFAULT NULL,
  `paid_amount` decimal(15,2) DEFAULT NULL,
  `paid_at` timestamp NULL DEFAULT NULL,
  `is_processing` tinyint(1) NOT NULL,
  `created_at` datetime DEFAULT current_timestamp(),
  `updated_at` datetime DEFAULT current_timestamp(),
  `deleted_at` timestamp NULL DEFAULT NULL,
  PRIMARY KEY (`id`),
  UNIQUE KEY `invoice_number` (`invoice_number`),
  KEY `ix_invoices_pelanggan_id` (`pelanggan_id`),
  KEY `ix_invoices_tgl_jatuh_tempo` (`tgl_jatuh_tempo`),
  KEY `ix_invoices_status_invoice` (`status_invoice`),
  KEY `ix_invoices_xendit_external_id` (`xendit_external_id`),
  CONSTRAINT `invoices_ibfk_1` FOREIGN KEY (`pelanggan_id`) REFERENCES `pelanggan` (`id`)
) ENGINE=InnoDB AUTO_INCREMENT=388 DEFAULT CHARSET=utf8mb4 COLLATE=utf8mb4_unicode_ci;
/*!40101 SET character_set_client = @saved_cs_client */;

--
-- Dumping data for table `invoices`
--

LOCK TABLES `invoices` WRITE;
/*!40000 ALTER TABLE `invoices` DISABLE KEYS */;
INSERT INTO `invoices` VALUES (1,'INV-20250827-F65602',1,'TMB-MGG-109-Yusuf','JELANTIK',166500.00,'081310117883','fajar@gmail.com','2025-08-27','2025-09-01','Lunas','https://checkout.xendit.co/web/68ae74b0ba3207fb179867ff',NULL,NULL,'68ae74b0ba3207fb179867ff','Jelantik/ftth/Fajar/Oktober-2025/Tambun/1',166500.00,'2025-09-01 18:58:37',0,'2025-08-27 10:00:00','2025-09-02 08:58:40',NULL),(2,'INV-20250827-6EA7D5',2,'TMB-KBJ2-C20A-Fajar','JELANTIK',166500.00,'081310117883','aprilia.pransiska@gmail.com','2025-08-27','2025-09-01','Lunas','https://checkout.xendit.co/web/68ae74b6c15b077945125354',NULL,NULL,'68ae74b6c15b077945125354','Jelantik/ftth/M.Yusuf/Oktober-2025/Tambun/2',166500.00,'2025-09-01 18:57:37',0,'2025-08-27 10:00:00','2025-09-02 08:57:40',NULL),(3,'INV-20250827-47CADD',3,'TMB-KHM-42-Delif','JELANTIK',166500.00,'087881417961','n7895746@gmail.com','2025-08-27','2025-09-01','Lunas','https://checkout.xendit.co/web/68ae74b65a998030d0ecfcf9',NULL,NULL,'68ae74b65a998030d0ecfcf9','Jelantik/ftth/Delif/Oktober-2025/Tambun/3',166500.00,'2025-08-31 04:32:08',0,'2025-08-27 10:00:06','2025-08-31 18:32:17',NULL),(4,'INV-20250827-403961',4,'TMB-KBJ-C148-Jaenudin','JELANTIK',166500.00,'08973082650','wahabjaenudin@gmail.com','2025-08-27','2025-09-01','Lunas','https://checkout.xendit.co/web/68ae74b65a998030d0ecfd05',NULL,NULL,'68ae74b65a998030d0ecfd05','Jelantik/ftth/Jaenudin/Oktober-2025/Tambun/4',166500.00,'2025-08-30 20:19:48',0,'2025-08-27 10:00:06','2025-08-31 10:19:49',NULL),(5,'INV-20250827-7776FD',5,'TMB-TTS-3056-Mansur','JELANTIK',166500.00,'081287192295','mansur123@gmail.com','2025-08-27','2025-09-01','Lunas','https://checkout.xendit.co/web/68ae74b7c15b077945125368',NULL,NULL,'68ae74b7c15b077945125368','Jelantik/ftth/MansurHarahap/Oktober-2025/Tambun/5',166500.00,'2025-08-30 03:34:55',0,'2025-08-27 10:00:07','2025-08-30 17:34:56',NULL),(6,'INV-20250827-A670C3',6,'KMD-0705-Reno-2024','JELANTIK',166500.00,'087877393805','kiroramadhan@gmail.com','2025-08-27','2025-09-01','Kadaluarsa','https://checkout.xendit.co/web/68ae74b7ba3207fb1798689c',NULL,NULL,'68ae74b7ba3207fb1798689c','Jelantik/ftth/Khairo/Oktober-2025/Luar/6',NULL,NULL,0,'2025-08-27 10:00:07','2025-09-06 10:00:34',NULL),(7,'INV-20250827-198041',7,'KMD-1205-Ayu-2024','JELANTIK',166500.00,'085778780731','ayuputriany91@gmail.com','2025-08-27','2025-09-01','Lunas','https://checkout.xendit.co/web/68ae74b75a998030d0ecfd11',NULL,NULL,'68ae74b75a998030d0ecfd11','Jelantik/ftth/AyuPutriany/Oktober-2025/Luar/7',166500.00,'2025-09-02 01:50:47',0,'2025-08-27 10:00:07','2025-09-02 15:50:58',NULL),(8,'INV-20250827-BDFB1D',8,'KMD-1205-Abu-2024','JELANTIK',276390.00,'081313131141','abubakarcm3@gmail.com','2025-08-27','2025-09-01','Lunas','https://checkout.xendit.co/web/68ae74b8ba3207fb179868b5',NULL,NULL,'68ae74b8ba3207fb179868b5','Jelantik/ftth/AbuBakar/Oktober-2025/Luar/8',276390.00,'2025-09-05 00:53:55',0,'2025-08-27 10:00:08','2025-09-05 14:54:08',NULL),(9,'INV-20250827-B4954B',9,'KMD-1205-Dani-2024','JELANTIK',166500.00,'08780570814','hmdhmdndani@gmail.com','2025-08-27','2025-09-01','Lunas','https://checkout.xendit.co/web/68ae74b85a998030d0ecfd1f',NULL,NULL,'68ae74b85a998030d0ecfd1f','Jelantik/ftth/AhmadHamdani/Oktober-2025/Luar/9',166500.00,'2025-09-04 20:18:49',0,'2025-08-27 10:00:08','2025-09-05 10:18:50',NULL),(10,'INV-20250827-1D9C8D',10,'KMD-7533-Sutata-2024','JELANTIK',166500.00,'085697186546','tsuta1440@gmail.com','2025-08-27','2025-09-01','Lunas','https://checkout.xendit.co/web/68ae74b8653b5e253a948cc5',NULL,NULL,'68ae74b8653b5e253a948cc5','Jelantik/ftth/Sutata/Oktober-2025/Luar/10',166500.00,'2025-08-28 05:30:47',0,'2025-08-27 10:00:08','2025-08-28 19:32:06',NULL),(11,'INV-20250827-500183',11,'KMD-12512-Ika-2025','JELANTIK',166500.00,'081212854123','ikasari585@gmail.com','2025-08-27','2025-09-01','Lunas','https://checkout.xendit.co/web/68ae74b9ba3207fb179868c7',NULL,NULL,'68ae74b9ba3207fb179868c7','Jelantik/ftth/IkaSari/Oktober-2025/Luar/11',166500.00,'2025-08-31 17:35:39',0,'2025-08-27 10:00:09','2025-09-01 07:35:53',NULL),(12,'INV-20250827-8C23D2',13,'KMD-0705-Slamet-2025','JELANTIK',166500.00,'087770031146','cimolkentang954@gmail.com','2025-08-27','2025-09-01','Lunas','https://checkout.xendit.co/web/68ae74b9c15b0779451253a7',NULL,NULL,'68ae74b9c15b0779451253a7','Jelantik/ftth/SlametWidiyanto/Oktober-2025/Luar/12',166500.00,'2025-09-02 19:02:24',0,'2025-08-27 10:00:09','2025-09-03 09:02:27',NULL),(13,'INV-20250827-89ED50',14,'KMD-12125-Thoharoh-2025','JELANTIK',166500.00,'085885126323','rafa.alamry1@gmail.com','2025-08-27','2025-09-01','Lunas','https://checkout.xendit.co/web/68ae74b9c15b0779451253bb',NULL,NULL,'68ae74b9c15b0779451253bb','Jelantik/ftth/ThoharohJanuriPutra/Oktober-2025/Luar/13',166500.00,'2025-09-02 17:43:13',0,'2025-08-27 10:00:09','2025-09-03 07:43:26',NULL),(14,'INV-20250827-4985CF',15,'WRG-B6-2-Maman','JELANTIK',166500.00,'085212388332','maman123@gmail.com','2025-08-27','2025-09-01','Kadaluarsa','https://checkout.xendit.co/web/68ae74ba99a90031bf47c102',NULL,NULL,'68ae74ba99a90031bf47c102','Jelantik/ftth/Maman/Oktober-2025/Waringin/14',NULL,NULL,0,'2025-08-27 10:00:10','2025-09-06 10:00:34',NULL),(15,'INV-20250827-5797F1',16,'WRG-B5-16-Slamet','JELANTIK',166500.00,'085878156132','slamet12@gmail.com','2025-08-27','2025-09-01','Lunas','https://checkout.xendit.co/web/68ae74bac15b0779451253d0',NULL,NULL,'68ae74bac15b0779451253d0','Jelantik/ftth/Slamet/Oktober-2025/Waringin/15',166500.00,'2025-09-05 04:07:51',0,'2025-08-27 10:00:10','2025-09-05 18:07:52',NULL),(16,'INV-20250827-5B1B74',17,'WRG-B5-22-Rita','JELANTIK',231990.00,'082180314993','susansamsung106@gmail.com','2025-08-27','2025-09-01','Lunas','https://checkout.xendit.co/web/68ae74bbba3207fb179868ef',NULL,NULL,'68ae74bbba3207fb179868ef','Jelantik/ftth/Rita/Oktober-2025/Waringin/16',231990.00,'2025-09-04 16:39:47',0,'2025-08-27 10:00:10','2025-09-05 06:39:55',NULL),(17,'INV-20250827-CD0410',19,'WRG-A3-10-Widayanti','JELANTIK',231990.00,'08577084305','widayantinengsri@gmail.com','2025-08-27','2025-09-01','Kadaluarsa','https://checkout.xendit.co/web/68ae74bbba3207fb179868f7',NULL,NULL,'68ae74bbba3207fb179868f7','Jelantik/ftth/NenengSriWidayanti/Oktober-2025/Waringin/17',NULL,NULL,0,'2025-08-27 10:00:11','2025-09-06 10:00:34',NULL),(18,'INV-20250827-506E5C',20,'WRG-A3-9-Dewi','JELANTIK',231990.00,'089688085445','amiribrahimserang24@gmail.com','2025-08-27','2025-09-01','Lunas','https://checkout.xendit.co/web/68ae74bb5a998030d0ecfd49',NULL,NULL,'68ae74bb5a998030d0ecfd49','Jelantik/ftth/DewiHartati/Oktober-2025/Waringin/18',231990.00,'2025-09-04 20:14:39',0,'2025-08-27 10:00:11','2025-09-05 10:14:41',NULL),(19,'INV-20250827-FAAEDB',21,'WRG-A1-7-Adien','JELANTIK',231990.00,'081382131591','adiengm@gmail.com','2025-08-27','2025-09-01','Lunas','https://checkout.xendit.co/web/68ae74bc5a998030d0ecfd4e',NULL,NULL,'68ae74bc5a998030d0ecfd4e','Jelantik/ftth/Adien/Oktober-2025/Waringin/19',231990.00,'2025-08-29 03:44:18',0,'2025-08-27 10:00:11','2025-08-29 17:44:19',NULL),(20,'INV-20250827-444C2F',22,'WRG-A2-9-Yopan','JELANTIK',166500.00,'081280039235','riskalianita94@gmail.com','2025-08-27','2025-09-01','Lunas','https://checkout.xendit.co/web/68ae74bcba3207fb1798690e',NULL,NULL,'68ae74bcba3207fb1798690e','Jelantik/ftth/Yopan/Oktober-2025/Waringin/20',166500.00,'2025-09-04 07:14:16',0,'2025-08-27 10:00:12','2025-09-04 21:14:17',NULL),(21,'INV-20250827-3BF213',23,'WRG-A4-2-Anton','JELANTIK',231990.00,'081395416850','newntonn@gmail.com','2025-08-27','2025-09-01','Lunas','https://checkout.xendit.co/web/68ae74bcc15b0779451253f5',NULL,NULL,'68ae74bcc15b0779451253f5','Jelantik/ftth/AntonSaputra/Oktober-2025/Waringin/21',231990.00,'2025-08-28 00:02:11',0,'2025-08-27 10:00:12','2025-08-28 14:02:20',NULL),(22,'INV-20250827-1E8307',24,'WRG-B3-8-Yoga','JELANTIK',166500.00,'085890391485','yogaadinugroho1997@gmail.com','2025-08-27','2025-09-01','Lunas','https://checkout.xendit.co/web/68ae74bcba3207fb17986917',NULL,NULL,'68ae74bcba3207fb17986917','Jelantik/ftth/Yoga/Oktober-2025/Waringin/22',166500.00,'2025-08-27 22:37:37',0,'2025-08-27 10:00:12','2025-08-28 12:37:38',NULL),(23,'INV-20250827-98CB02',25,'WRG-A5-12-Sudira','JELANTIK',166500.00,'085920046190','sudirahusada7@gmail.com','2025-08-27','2025-09-01','Lunas','https://checkout.xendit.co/web/68ae74bdba3207fb17986927',NULL,NULL,'68ae74bdba3207fb17986927','Jelantik/ftth/Sudira/Oktober-2025/Waringin/23',166500.00,'2025-08-27 07:14:16',0,'2025-08-27 10:00:13','2025-08-27 21:14:18',NULL),(24,'INV-20250827-FA919D',26,'WRG-B5-20-Suproji','JELANTIK',166500.00,'08211301779','ramadhanaska687@gmail.com','2025-08-27','2025-09-01','Lunas','https://checkout.xendit.co/web/68ae74bdc15b077945125410',NULL,NULL,'68ae74bdc15b077945125410','Jelantik/ftth/Suproji/Oktober-2025/Waringin/24',166500.00,'2025-09-05 05:07:47',0,'2025-08-27 10:00:13','2025-09-05 19:07:49',NULL),(25,'INV-20250827-1255BA',27,'WRG-B4-3-ELI','JELANTIK',166500.00,'087849750016','e81217069@gmail.com','2025-08-27','2025-09-01','Lunas','https://checkout.xendit.co/web/68ae74be653b5e253a948d39',NULL,NULL,'68ae74be653b5e253a948d39','Jelantik/ftth/EliSukasih/Oktober-2025/Waringin/25',166500.00,'2025-09-05 05:37:42',0,'2025-08-27 10:00:13','2025-09-05 19:37:43',NULL),(26,'INV-20250827-919525',29,'WRG-A6-2-Vivian','JELANTIK',321789.00,'081315503675','bdgbandung79@gmail.com','2025-08-27','2025-09-01','Lunas','https://checkout.xendit.co/web/68ae74be35b8d7cbeae68e6f',NULL,NULL,'68ae74be35b8d7cbeae68e6f','Jelantik/ftth/Viviandesilva/Oktober-2025/Waringin/26',321789.00,'2025-08-26 21:26:16',0,'2025-08-27 10:00:14','2025-08-27 11:26:23',NULL),(27,'INV-20250827-124271',30,'WRG-A4-11-Fitri','JELANTIK',166500.00,'082214042827','fitrilindawati00@gmail.com','2025-08-27','2025-09-01','Lunas','https://checkout.xendit.co/web/68ae74be35b8d7cbeae68e75',NULL,NULL,'68ae74be35b8d7cbeae68e75','Jelantik/ftth/FitriLindawati/Oktober-2025/Waringin/27',166500.00,'2025-08-29 03:39:17',0,'2025-08-27 10:00:14','2025-08-29 17:39:24',NULL),(28,'INV-20250827-0CC5BD',31,'WRG-A4-15-Cipto','JELANTIK',166500.00,'08180053115','ciptobunong@gmail.com','2025-08-27','2025-09-01','Lunas','https://checkout.xendit.co/web/68ae74bfc15b07794512542a',NULL,NULL,'68ae74bfc15b07794512542a','Jelantik/ftth/Cipto/Oktober-2025/Waringin/28',166500.00,'2025-08-31 22:09:17',0,'2025-08-27 10:00:14','2025-09-01 12:09:19',NULL),(29,'INV-20250827-07F258',32,'WRG-B1-11-Shelvi','JELANTIK',231990.00,'085212358447','dianethshelvi@gmail.com','2025-08-27','2025-09-01','Lunas','https://checkout.xendit.co/web/68ae74bfba3207fb17986944',NULL,NULL,'68ae74bfba3207fb17986944','Jelantik/ftth/ShelviDianeth/Oktober-2025/Waringin/29',231990.00,'2025-08-28 00:11:22',0,'2025-08-27 10:00:15','2025-08-28 14:11:23',NULL),(30,'INV-20250827-93B16D',33,'WRG-A6-11-Restu','JELANTIK',166500.00,'0895405000000','restuady020396@gmail.com','2025-08-27','2025-09-01','Lunas','https://checkout.xendit.co/web/68ae74bf35b8d7cbeae68e89',NULL,NULL,'68ae74bf35b8d7cbeae68e89','Jelantik/ftth/RestuAdy/Oktober-2025/Waringin/30',166500.00,'2025-09-04 19:59:33',0,'2025-08-27 10:00:15','2025-09-05 09:59:45',NULL),(31,'INV-20250827-A551BB',34,'WRG-B3-9-Aldy','JELANTIK',166500.00,'087871675249','s6max.23@gmail.com','2025-08-27','2025-09-01','Kadaluarsa','https://checkout.xendit.co/web/68ae74c035b8d7cbeae68e8f',NULL,NULL,'68ae74c035b8d7cbeae68e8f','Jelantik/ftth/Aldy/Oktober-2025/Waringin/31',NULL,NULL,0,'2025-08-27 10:00:16','2025-09-06 10:00:34',NULL),(32,'INV-20250827-4B2A35',35,'WRG-A3-15-Raswa','JELANTIK',231990.00,'0895330000000','raswajaya@gmail.com','2025-08-27','2025-09-01','Lunas','https://checkout.xendit.co/web/68ae74c0c15b077945125443',NULL,NULL,'68ae74c0c15b077945125443','Jelantik/ftth/RaswaJaya/Oktober-2025/Waringin/32',231990.00,'2025-09-04 20:21:24',0,'2025-08-27 10:00:16','2025-09-05 10:21:26',NULL),(33,'INV-20250827-492EA1',37,'WRG-B4-7-Reza','JELANTIK',166500.00,'081311702260','rezaekaaa@gmail.com','2025-08-27','2025-09-01','Lunas','https://checkout.xendit.co/web/68ae74c1653b5e253a948d74',NULL,NULL,'68ae74c1653b5e253a948d74','Jelantik/ftth/RezaEkaPutra/Oktober-2025/Waringin/33',166500.00,'2025-08-27 04:25:07',0,'2025-08-27 10:00:16','2025-08-27 18:25:09',NULL),(34,'INV-20250827-763A70',38,'WRG-B3-06-Budianto','JELANTIK',166500.00,'085285578088','lisbudianto71@gmail.com','2025-08-27','2025-09-01','Lunas','https://checkout.xendit.co/web/68ae74c15a998030d0ecfdcf',NULL,NULL,'68ae74c15a998030d0ecfdcf','Jelantik/ftth/LisBudianto/Oktober-2025/Waringin/34',166500.00,'2025-08-27 05:45:38',0,'2025-08-27 10:00:17','2025-08-27 19:45:50',NULL),(35,'INV-20250827-4B0C53',39,'WRG-A2-19-Najmudin','JELANTIK',166500.00,'085945640734','najmudin123@gmail.com','2025-08-27','2025-09-01','Lunas','https://checkout.xendit.co/web/68ae74c1653b5e253a948d8b',NULL,NULL,'68ae74c1653b5e253a948d8b','Jelantik/ftth/Najmudin/Oktober-2025/Waringin/35',166500.00,'2025-08-29 07:32:38',0,'2025-08-27 10:00:17','2025-08-29 21:32:45',NULL),(36,'INV-20250827-2EF483',40,'WRG-A7-6-Nadia','JELANTIK',166500.00,'087877888334','dheanadia38@gmail.com','2025-08-27','2025-09-01','Lunas','https://checkout.xendit.co/web/68ae74c2c15b07794512545a',NULL,NULL,'68ae74c2c15b07794512545a','Jelantik/ftth/NadiaRahmahdani/Oktober-2025/Waringin/36',166500.00,'2025-08-29 07:33:15',0,'2025-08-27 10:00:17','2025-08-29 21:33:22',NULL),(37,'INV-20250827-35943A',41,'WRG-A7-11-Dila','JELANTIK',166500.00,'085600566936','upitasariajja@gmail.com','2025-08-27','2025-09-01','Lunas','https://checkout.xendit.co/web/68ae74c2ba3207fb17986975',NULL,NULL,'68ae74c2ba3207fb17986975','Jelantik/ftth/DilaUpitasari/Oktober-2025/Waringin/37',166500.00,'2025-09-04 16:10:18',0,'2025-08-27 10:00:18','2025-09-05 06:10:19',NULL),(38,'INV-20250827-894F9C',42,'WRG-B6-26-Dinda','JELANTIK',231990.00,'081287598035','dindarizkiaprilia480@gmail.com','2025-08-27','2025-09-01','Kadaluarsa','https://checkout.xendit.co/web/68ae74c2653b5e253a948d9d',NULL,NULL,'68ae74c2653b5e253a948d9d','Jelantik/ftth/DindaRizkiAprilia/Oktober-2025/Waringin/38',NULL,NULL,0,'2025-08-27 10:00:18','2025-09-06 10:00:34',NULL),(39,'INV-20250827-4481E3',43,'WRG-A3-18-Yahya','JELANTIK',166500.00,'083813891335','ramayahya1516@gmail.com','2025-08-27','2025-09-01','Kadaluarsa','https://checkout.xendit.co/web/68ae74c35a998030d0ecfe01',NULL,NULL,'68ae74c35a998030d0ecfe01','Jelantik/ftth/TubagusYahyaRamadhanSuhendar/Oktober-2025/Waringin/39',NULL,NULL,0,'2025-08-27 10:00:18','2025-09-06 10:00:34',NULL),(40,'INV-20250827-A0F3E0',44,'WRG-A2-7-Yudha','JELANTIK',166500.00,'08817535919','houseasmoro@gmail.com','2025-08-27','2025-09-01','Lunas','https://checkout.xendit.co/web/68ae74c3653b5e253a948da8',NULL,NULL,'68ae74c3653b5e253a948da8','Jelantik/ftth/YudhaBagusAsmoro/Oktober-2025/Waringin/40',166500.00,'2025-09-04 15:09:33',0,'2025-08-27 10:00:19','2025-09-05 05:09:37',NULL),(41,'INV-20250827-24B2C1',45,'WRG-A2-5-Tuty','JELANTIK',166500.00,'08995729070','tutirukmana73@gemail.com','2025-08-27','2025-09-01','Lunas','https://checkout.xendit.co/web/68ae74c3c15b077945125474',NULL,NULL,'68ae74c3c15b077945125474','Jelantik/ftth/TutyRukmana/Oktober-2025/Waringin/41',166500.00,'2025-09-02 03:51:11',0,'2025-08-27 10:00:19','2025-09-02 17:51:17',NULL),(42,'INV-20250827-A1DBFF',47,'WRG-B7-1-Faizal','JELANTIK',231990.00,'083894884900','faizalfirmansyah1111@gmail.com','2025-08-27','2025-09-01','Lunas','https://checkout.xendit.co/web/68ae74c4c15b077945125483',NULL,NULL,'68ae74c4c15b077945125483','Jelantik/ftth/FaizalFirmansyah/Oktober-2025/Waringin/42',231990.00,'2025-08-31 21:03:13',0,'2025-08-27 10:00:19','2025-09-01 11:03:52',NULL),(43,'INV-20250827-EED141',48,'WRG-B6-4-Aji','JELANTIK',231990.00,'087888075974','ajirizaldi007@gmail.com','2025-08-27','2025-09-01','Lunas','https://checkout.xendit.co/web/68ae74c4653b5e253a948dbe',NULL,NULL,'68ae74c4653b5e253a948dbe','Jelantik/ftth/MuhammadAji/Oktober-2025/Waringin/43',231990.00,'2025-09-03 02:19:33',0,'2025-08-27 10:00:20','2025-09-03 16:19:36',NULL),(44,'INV-20250827-BC1155',49,'WRG-B5-15-Karsono','JELANTIK',166500.00,'081218206367','karsonoso04@gmail.com','2025-08-27','2025-09-01','Lunas','https://checkout.xendit.co/web/68ae74c4c15b077945125493',NULL,NULL,'68ae74c4c15b077945125493','Jelantik/ftth/Karsono/Oktober-2025/Waringin/44',166500.00,'2025-08-31 19:03:43',0,'2025-08-27 10:00:20','2025-09-01 09:03:44',NULL),(45,'INV-20250827-874F9C',50,'WRG-D2-11-Sanuri','JELANTIK',166500.00,'08594056760','wshugos@gmail.com','2025-08-27','2025-09-01','Lunas','https://checkout.xendit.co/web/68ae74c535b8d7cbeae68ed8',NULL,NULL,'68ae74c535b8d7cbeae68ed8','Jelantik/ftth/Sanuri/Oktober-2025/Waringin/45',166500.00,'2025-09-05 05:06:33',0,'2025-08-27 10:00:20','2025-09-05 19:06:34',NULL),(46,'INV-20250827-871C6A',51,'WRG-B6-12-Iis','JELANTIK',166500.00,'083898861346','iisr6406@gmail.com','2025-08-27','2025-09-01','Lunas','https://checkout.xendit.co/web/68ae74c5653b5e253a948dcf',NULL,NULL,'68ae74c5653b5e253a948dcf','Jelantik/ftth/IisRosita/Oktober-2025/Waringin/46',166500.00,'2025-09-02 09:16:38',0,'2025-08-27 10:00:21','2025-09-02 23:16:40',NULL),(47,'INV-20250827-E16B3E',52,'WRG-A6-14-Ahmad','JELANTIK',166500.00,'087843138958','airul1992@gmail.com','2025-08-27','2025-09-01','Kadaluarsa','https://checkout.xendit.co/web/68ae74c5653b5e253a948dd4',NULL,NULL,'68ae74c5653b5e253a948dd4','Jelantik/ftth/AhmadKherul/Oktober-2025/Waringin/47',NULL,NULL,0,'2025-08-27 10:00:21','2025-09-06 10:00:34',NULL),(48,'INV-20250827-C99538',54,'WRG-A4-5-Deni','JELANTIK',166500.00,'087809203279','denimuhammad526@gmail.com','2025-08-27','2025-09-01','Lunas','https://checkout.xendit.co/web/68ae74c699a90031bf47c13a',NULL,NULL,'68ae74c699a90031bf47c13a','Jelantik/ftth/MDeni/Oktober-2025/Waringin/48',166500.00,'2025-09-01 17:58:31',0,'2025-08-27 10:00:21','2025-09-02 07:58:32',NULL),(49,'INV-20250827-283388',56,'WRG-A2-15-Abu','JELANTIK',166500.00,'082113565005','abu03203@mail.com','2025-08-27','2025-09-01','Lunas','https://checkout.xendit.co/web/68ae74c6c15b0779451254cf',NULL,NULL,'68ae74c6c15b0779451254cf','Jelantik/ftth/MAbuBakar/Oktober-2025/Waringin/49',166500.00,'2025-09-05 02:06:35',0,'2025-08-27 10:00:22','2025-09-05 16:06:52',NULL),(50,'INV-20250827-391058',57,'WRG-B9-4-Widia','JELANTIK',166500.00,'085716998078','zillafazilla9@gmail.com','2025-08-27','2025-09-01','Lunas','https://checkout.xendit.co/web/68ae74c6c15b0779451254dd',NULL,NULL,'68ae74c6c15b0779451254dd','Jelantik/ftth/WidiaS/Oktober-2025/Waringin/50',166500.00,'2025-09-04 17:24:32',0,'2025-08-27 10:00:22','2025-09-05 07:24:35',NULL),(51,'INV-20250827-93C638',58,'WRG-D2-4-Asiyah','JELANTIK',231990.00,'085212998295','iamakbar16@gmail.com','2025-08-27','2025-09-01','Lunas','https://checkout.xendit.co/web/68ae74ccc15b077945125579',NULL,NULL,'68ae74ccc15b077945125579','Jelantik/ftth/Asiyah/Oktober-2025/Waringin/51',231990.00,'2025-09-01 00:32:16',0,'2025-08-27 10:00:22','2025-09-01 14:32:17',NULL),(52,'INV-20250827-C7AB03',59,'WRG-C1-2-Pujiansyah','JELANTIK',276390.00,'081315131835','ferly.pujiansyah@gmail.com','2025-08-27','2025-09-01','Lunas','https://checkout.xendit.co/web/68ae74cc5a998030d0ecff1f',NULL,NULL,'68ae74cc5a998030d0ecff1f','Jelantik/ftth/FerlyPujiansyah/Oktober-2025/Waringin/52',276390.00,'2025-09-04 17:50:04',0,'2025-08-27 10:00:28','2025-09-05 07:50:17',NULL),(53,'INV-20250827-196903',60,'WRG-A6-19-Leo','JELANTIK',166500.00,'081293467840','japrax@gmail.com','2025-08-27','2025-09-01','Lunas','https://checkout.xendit.co/web/68ae74ccc15b077945125586',NULL,NULL,'68ae74ccc15b077945125586','Jelantik/ftth/LeoAgustin/Oktober-2025/Waringin/53',166500.00,'2025-08-27 21:46:19',0,'2025-08-27 10:00:28','2025-08-28 11:46:21',NULL),(54,'INV-20250827-A4CB1B',61,'WRG-A1-9-Firdayani','JELANTIK',166500.00,'089536694408','firdayani500@gmail.com','2025-08-27','2025-09-01','Lunas','https://checkout.xendit.co/web/68ae74cd5a998030d0ecff3f',NULL,NULL,'68ae74cd5a998030d0ecff3f','Jelantik/ftth/Firdayani/Oktober-2025/Waringin/54',166500.00,'2025-09-04 17:22:56',0,'2025-08-27 10:00:28','2025-09-05 07:24:08',NULL),(55,'INV-20250827-322F3E',63,'WRG-A5-3-adisti','JELANTIK',166500.00,'08131674077','dewa16031991@gmail.com','2025-08-27','2025-09-01','Lunas','https://checkout.xendit.co/web/68ae74cd653b5e253a948e76',NULL,NULL,'68ae74cd653b5e253a948e76','Jelantik/ftth/AdistiDewa/Oktober-2025/Waringin/55',166500.00,'2025-09-01 07:43:43',0,'2025-08-27 10:00:29','2025-09-01 21:43:44',NULL),(56,'INV-20250827-E20335',64,'WRG-A4-22-Saidul','JELANTIK',166500.00,'085280487311','saiduss608@gmail.com','2025-08-27','2025-09-01','Lunas','https://checkout.xendit.co/web/68ae74cdba3207fb17986a9b',NULL,NULL,'68ae74cdba3207fb17986a9b','Jelantik/ftth/SaidusSabil/Oktober-2025/Waringin/56',166500.00,'2025-09-04 17:21:51',0,'2025-08-27 10:00:29','2025-09-05 07:21:53',NULL),(57,'INV-20250827-9A68F7',65,'WRG-A6-10-Yahyudi','JELANTIK',166500.00,'082125698557','wandi.genjo0606@gmail.com','2025-08-27','2025-09-01','Lunas','https://checkout.xendit.co/web/68ae74ce5a998030d0ecff61',NULL,NULL,'68ae74ce5a998030d0ecff61','Jelantik/ftth/Yahyudi/Oktober-2025/Waringin/57',166500.00,'2025-08-31 19:29:33',0,'2025-08-27 10:00:29','2025-09-01 09:31:37',NULL),(58,'INV-20250827-FCAD27',66,'WRG-D2-12-Nabella','JELANTIK',166500.00,'08777748800','nabellansm@gmail.com','2025-08-27','2025-09-01','Lunas','https://checkout.xendit.co/web/68ae74cec15b077945125597',NULL,NULL,'68ae74cec15b077945125597','Jelantik/ftth/NabellaSyahputriMiady/Oktober-2025/Waringin/58',166500.00,'2025-09-04 10:23:04',0,'2025-08-27 10:00:30','2025-09-05 00:23:07',NULL),(59,'INV-20250827-A0FE38',67,'WRG-B6-18-Melly','JELANTIK',231990.00,'087878836682','melly.honey@ymail.com','2025-08-27','2025-09-01','Lunas','https://checkout.xendit.co/web/68ae74ceba3207fb17986aa9',NULL,NULL,'68ae74ceba3207fb17986aa9','Jelantik/ftth/MellyHoney/Oktober-2025/Waringin/59',231990.00,'2025-08-31 03:02:50',0,'2025-08-27 10:00:30','2025-08-31 17:02:55',NULL),(60,'INV-20250827-CEAF3C',68,'WRG-B3-5-Nasrulloh','JELANTIK',166500.00,'083813737576','nasrul.may@gmail.com','2025-08-27','2025-09-01','Lunas','https://checkout.xendit.co/web/68ae74cf99a90031bf47c19c',NULL,NULL,'68ae74cf99a90031bf47c19c','Jelantik/ftth/Nasrulloh/Oktober-2025/Waringin/60',166500.00,'2025-08-26 21:51:39',0,'2025-08-27 10:00:30','2025-08-27 11:51:40',NULL),(61,'INV-20250827-112DF6',69,'WRG-B2-11-Krisna','JELANTIK',166500.00,'087778277788','krisna.port@gmail.com','2025-08-27','2025-09-01','Lunas','https://checkout.xendit.co/web/68ae74cfc15b0779451255a8',NULL,NULL,'68ae74cfc15b0779451255a8','Jelantik/ftth/Krisna/Oktober-2025/Waringin/61',166500.00,'2025-09-03 16:19:03',0,'2025-08-27 10:00:31','2025-09-04 06:19:13',NULL),(62,'INV-20250827-5E6294',70,'WRG-B7-04-Rico','JELANTIK',166500.00,'085782135280','prasetyorico43@gmail.com','2025-08-27','2025-09-01','Lunas','https://checkout.xendit.co/web/68ae74cf653b5e253a948e9c',NULL,NULL,'68ae74cf653b5e253a948e9c','Jelantik/ftth/RicoPrasetyo/Oktober-2025/Waringin/62',166500.00,'2025-08-27 00:45:36',0,'2025-08-27 10:00:31','2025-08-27 14:45:48',NULL),(63,'INV-20250827-4ADB27',71,'WRG-A5-9-Ernia','JELANTIK',166500.00,'087771102228','erniania60@gmail.com','2025-08-27','2025-09-01','Kadaluarsa','https://checkout.xendit.co/web/68ae74d0c15b0779451255b4',NULL,NULL,'68ae74d0c15b0779451255b4','Jelantik/ftth/ErniaPuspitasari/Oktober-2025/Waringin/63',NULL,NULL,0,'2025-08-27 10:00:31','2025-09-06 10:01:24',NULL),(64,'INV-20250827-0D06D1',72,'WRG-C1-12-Nurul','JELANTIK',231990.00,'087809264742','dilaf502@gmail.com','2025-08-27','2025-09-01','Kadaluarsa','https://checkout.xendit.co/web/68ae74d099a90031bf47c1aa',NULL,NULL,'68ae74d099a90031bf47c1aa','Jelantik/ftth/Nurulfadilah/Oktober-2025/Waringin/64',NULL,NULL,0,'2025-08-27 10:00:32','2025-09-06 10:01:24',NULL),(65,'INV-20250827-B17218',73,'WRG-B6-20-Abdul','JELANTIK',276390.00,'089651108692','h.abdghofuur@gmail.com','2025-08-27','2025-09-01','Lunas','https://checkout.xendit.co/web/68ae74d0ba3207fb17986ace',NULL,NULL,'68ae74d0ba3207fb17986ace','Jelantik/ftth/AbdulGhofuur/Oktober-2025/Waringin/65',276390.00,'2025-09-01 21:14:27',0,'2025-08-27 10:00:32','2025-09-02 11:14:36',NULL),(66,'INV-20250827-040659',74,'WRG-A4-06-Rifki','JELANTIK',166500.00,'087772672714','rifkijunaedi@gmail.com','2025-08-27','2025-09-01','Lunas','https://checkout.xendit.co/web/68ae74d1ba3207fb17986ad8',NULL,NULL,'68ae74d1ba3207fb17986ad8','Jelantik/ftth/RifkiJunaedi/Oktober-2025/Waringin/66',166500.00,'2025-08-26 20:03:22',0,'2025-08-27 10:00:33','2025-08-27 10:03:25',NULL),(67,'INV-20250827-2109BE',75,'WRG-A5-14-Rafli','JELANTIK',231990.00,'087789522501','raflinuralam21@gmail.com','2025-08-27','2025-09-01','Lunas','https://checkout.xendit.co/web/68ae74d135b8d7cbeae68fa4',NULL,NULL,'68ae74d135b8d7cbeae68fa4','Jelantik/ftth/MuhammadRafliNuralan/Oktober-2025/Waringin/67',231990.00,'2025-09-01 02:48:12',0,'2025-08-27 10:00:33','2025-09-01 16:48:13',NULL),(68,'INV-20250827-406450',76,'WRG-B3-22-Sariyanti','JELANTIK',166500.00,'082310242576','annisasyahira56@gmail.com','2025-08-27','2025-09-01','Lunas','https://checkout.xendit.co/web/68ae74d15a998030d0ecffab',NULL,NULL,'68ae74d15a998030d0ecffab','Jelantik/ftth/Sariyanti/Oktober-2025/Waringin/68',166500.00,'2025-09-01 05:49:49',0,'2025-08-27 10:00:33','2025-09-01 19:49:51',NULL),(69,'INV-20250827-BADED9',77,'WRG-C1-6-Tika','JELANTIK',231990.00,'085212738012','tikavionarein@gmail.com','2025-08-27','2025-09-01','Lunas','https://checkout.xendit.co/web/68ae74d2ba3207fb17986af4',NULL,NULL,'68ae74d2ba3207fb17986af4','Jelantik/ftth/Tika/Oktober-2025/Waringin/69',231990.00,'2025-09-01 06:22:36',0,'2025-08-27 10:00:34','2025-09-01 20:22:37',NULL),(70,'INV-20250827-DBD8D2',78,'WRG-B6-11-Haris','JELANTIK',166500.00,'081328565410','arispumpkins111@gmail.com','2025-08-27','2025-09-01','Lunas','https://checkout.xendit.co/web/68ae74d25a998030d0ecffb8',NULL,NULL,'68ae74d25a998030d0ecffb8','Jelantik/ftth/HarisSusanto/Oktober-2025/Waringin/70',166500.00,'2025-08-30 14:28:21',0,'2025-08-27 10:00:34','2025-08-31 04:28:32',NULL),(71,'INV-20250827-E63E2B',79,'WRG-A6-18-Deva','JELANTIK',166500.00,'081292096763','devaeryando04@gmail.com','2025-08-27','2025-09-01','Lunas','https://checkout.xendit.co/web/68ae74d235b8d7cbeae68fb2',NULL,NULL,'68ae74d235b8d7cbeae68fb2','Jelantik/ftth/DevaEryando/Oktober-2025/Waringin/71',166500.00,'2025-08-28 18:01:41',0,'2025-08-27 10:00:34','2025-08-29 08:01:49',NULL),(72,'INV-20250827-325ECF',80,'WRG-C1-7-Tias','JELANTIK',166500.00,'089699748373','tias123@gmail.com','2025-08-27','2025-09-01','Lunas','https://checkout.xendit.co/web/68ae74d3c15b0779451255e9',NULL,NULL,'68ae74d3c15b0779451255e9','Jelantik/ftth/TiasSuherni/Oktober-2025/Waringin/72',166500.00,'2025-09-04 19:57:02',0,'2025-08-27 10:00:35','2025-09-05 10:09:47',NULL),(73,'INV-20250827-0F3B38',81,'WRG-B8-1-Inez','JELANTIK',231990.00,'085173240505','inezadwip@gmail.com','2025-08-27','2025-09-01','Lunas','https://checkout.xendit.co/web/68ae74d399a90031bf47c1d6',NULL,NULL,'68ae74d399a90031bf47c1d6','Jelantik/ftth/Inez/Oktober-2025/Waringin/73',231990.00,'2025-08-31 15:06:26',0,'2025-08-27 10:00:35','2025-09-01 05:06:27',NULL),(74,'INV-20250827-B2509F',82,'WRG-B2-3-Febi','JELANTIK',166500.00,'082123277294','bangebot45@gmail.com','2025-08-27','2025-09-01','Lunas','https://checkout.xendit.co/web/68ae74d4c15b0779451255fd',NULL,NULL,'68ae74d4c15b0779451255fd','Jelantik/ftth/Febisulistiyo/Oktober-2025/Waringin/74',166500.00,'2025-09-04 10:14:06',0,'2025-08-27 10:00:35','2025-09-05 00:14:09',NULL),(75,'INV-20250827-08753B',83,'WRG-D1-11-Danang','JELANTIK',166500.00,'081280553909','danangindriyanto000@gmail.com','2025-08-27','2025-09-01','Lunas','https://checkout.xendit.co/web/68ae74d4c15b077945125609',NULL,NULL,'68ae74d4c15b077945125609','Jelantik/ftth/Danangindriyanto/Oktober-2025/Waringin/75',166500.00,'2025-08-31 05:57:09',0,'2025-08-27 10:00:36','2025-08-31 19:57:11',NULL),(76,'INV-20250827-3D5CA9',84,'WRG-A1-8-Siti','JELANTIK',166500.00,'085774252384','fatmawatisiti268@gmail.com','2025-08-27','2025-09-01','Lunas','https://checkout.xendit.co/web/68ae74d4653b5e253a948ee1',NULL,NULL,'68ae74d4653b5e253a948ee1','Jelantik/ftth/SitiPatmawati/Oktober-2025/Waringin/76',166500.00,'2025-09-01 08:00:31',0,'2025-08-27 10:00:36','2025-09-01 22:01:48',NULL),(77,'INV-20250827-150E4E',85,'WRG-A4-18-Suardi','JELANTIK',166500.00,'081541382602','ardivanhouten2@gmail.com','2025-08-27','2025-09-01','Lunas','https://checkout.xendit.co/web/68ae74d4653b5e253a948eed',NULL,NULL,'68ae74d4653b5e253a948eed','Jelantik/ftth/Suardi/Oktober-2025/Waringin/77',166500.00,'2025-09-01 20:35:32',0,'2025-08-27 10:00:36','2025-09-02 10:35:35',NULL),(78,'INV-20250827-C89FC3',86,'WRG-B6-13-Romi','JELANTIK',166500.00,'08531331470','romiisnanto802@gmail.com','2025-08-27','2025-09-01','Lunas','https://checkout.xendit.co/web/68ae74d5c15b077945125618',NULL,NULL,'68ae74d5c15b077945125618','Jelantik/ftth/RomiIsnanto/Oktober-2025/Waringin/78',166500.00,'2025-09-01 00:25:07',0,'2025-08-27 10:00:37','2025-09-01 14:25:24',NULL),(79,'INV-20250827-A4BA62',87,'WRG-B6-07-Ferrent','JELANTIK',166500.00,'081311434005','priyoriyadi20@gmail.co.id','2025-08-27','2025-09-01','Lunas','https://checkout.xendit.co/web/68ae74d5c15b07794512561f',NULL,NULL,'68ae74d5c15b07794512561f','Jelantik/ftth/FerrentDyahWidyawati/Oktober-2025/Waringin/79',166500.00,'2025-09-05 09:09:49',0,'2025-08-27 10:00:37','2025-09-05 23:09:51',NULL),(80,'INV-20250827-3CFFE5',88,'WRG-B1-9-Anisa','JELANTIK',166500.00,'081937123119','anisafatimah0768@gmail.com','2025-08-27','2025-09-01','Kadaluarsa','https://checkout.xendit.co/web/68ae74d699a90031bf47c1eb',NULL,NULL,'68ae74d699a90031bf47c1eb','Jelantik/ftth/AnisaFatimah/Oktober-2025/Waringin/80',NULL,NULL,0,'2025-08-27 10:00:37','2025-09-06 10:01:22',NULL),(81,'INV-20250827-F3B38B',89,'WRG-D1-8-Fani','JELANTIK',166500.00,'089676199496','sririzkifani34@gmail.com','2025-08-27','2025-09-01','Lunas','https://checkout.xendit.co/web/68ae74d6ba3207fb17986b2d',NULL,NULL,'68ae74d6ba3207fb17986b2d','Jelantik/ftth/FaniSriRizki/Oktober-2025/Waringin/81',166500.00,'2025-09-01 06:09:59',0,'2025-08-27 10:00:38','2025-09-01 20:10:00',NULL),(82,'INV-20250827-144972',90,'WRG-C1-08-Sidik','JELANTIK',231990.00,'081222547687','muhammadsidik124@gmail.com','2025-08-27','2025-09-01','Lunas','https://checkout.xendit.co/web/68ae74d6ba3207fb17986b36',NULL,NULL,'68ae74d6ba3207fb17986b36','Jelantik/ftth/MuhammadSidik/Oktober-2025/Waringin/82',231990.00,'2025-08-29 17:39:58',0,'2025-08-27 10:00:38','2025-08-30 07:40:00',NULL),(83,'INV-20250827-58C786',91,'WRG-D2-02-Wiwin','JELANTIK',166500.00,'081282326963','wiwin123@gmail.com','2025-08-27','2025-09-01','Lunas','https://checkout.xendit.co/web/68ae74d735b8d7cbeae68fe8',NULL,NULL,'68ae74d735b8d7cbeae68fe8','Jelantik/ftth/Wiwin/Oktober-2025/Waringin/83',166500.00,'2025-08-29 04:11:30',0,'2025-08-27 10:00:38','2025-08-29 18:14:14',NULL),(84,'INV-20250827-61B80C',92,'WRG-A4-4-Maulani','JELANTIK',166500.00,'082258230116','maulaniirfan700@gmail.com','2025-08-27','2025-09-01','Lunas','https://checkout.xendit.co/web/68ae74d799a90031bf47c1f5',NULL,NULL,'68ae74d799a90031bf47c1f5','Jelantik/ftth/MaulanaIrfan/Oktober-2025/Waringin/84',166500.00,'2025-08-26 20:07:44',0,'2025-08-27 10:00:39','2025-08-27 10:09:20',NULL),(85,'INV-20250827-883EA5',93,'WRG-D6-18-Agus','JELANTIK',166500.00,'087871477685','ieiezawa11@gmail.com','2025-08-27','2025-09-01','Lunas','https://checkout.xendit.co/web/68ae74d7c15b07794512563c',NULL,NULL,'68ae74d7c15b07794512563c','Jelantik/ftth/AgusAliDikri/Oktober-2025/Waringin/85',166500.00,'2025-08-30 15:46:06',0,'2025-08-27 10:00:39','2025-08-31 05:46:08',NULL),(86,'INV-20250827-8C9671',94,'WRG-B5-10-Solihah','JELANTIK',231990.00,'081292435330','eli770225@gmail.com','2025-08-27','2025-09-01','Lunas','https://checkout.xendit.co/web/68ae74d8653b5e253a948f21',NULL,NULL,'68ae74d8653b5e253a948f21','Jelantik/ftth/EliSolihah/Oktober-2025/Waringin/86',231990.00,'2025-09-04 19:15:44',0,'2025-08-27 10:00:39','2025-09-05 09:15:45',NULL),(87,'INV-20250827-7F8D4A',95,'WRG-C2-5-Yeni','JELANTIK',166500.00,'089520309369','yf2210213@gmail.com','2025-08-27','2025-09-01','Lunas','https://checkout.xendit.co/web/68ae74d8c15b07794512564c',NULL,NULL,'68ae74d8c15b07794512564c','Jelantik/ftth/Yenifarida/Oktober-2025/Waringin/87',166500.00,'2025-08-31 08:57:39',0,'2025-08-27 10:00:40','2025-08-31 22:58:02',NULL),(88,'INV-20250827-69D92D',96,'WRG-D5-13-Siti','JELANTIK',231990.00,'085281174306','fahrie14082012@gmail.com','2025-08-27','2025-09-01','Lunas','https://checkout.xendit.co/web/68ae74d999a90031bf47c1fb',NULL,NULL,'68ae74d999a90031bf47c1fb','Jelantik/ftth/SitiFatimah/Oktober-2025/Waringin/88',231990.00,'2025-09-04 19:20:17',0,'2025-08-27 10:00:40','2025-09-05 09:20:18',NULL),(89,'INV-20250827-3AC486',97,'WRG-D7-3-Didi','JELANTIK',166500.00,'088809189020','didisuyanto56@gmail.com','2025-08-27','2025-09-01','Lunas','https://checkout.xendit.co/web/68ae74d935b8d7cbeae68ffe',NULL,NULL,'68ae74d935b8d7cbeae68ffe','Jelantik/ftth/DidiSuyanto/Oktober-2025/Waringin/89',166500.00,'2025-09-01 03:48:47',0,'2025-08-27 10:00:41','2025-09-01 17:49:03',NULL),(90,'INV-20250827-69ABA7',98,'WRG-D7-14-Nofan','JELANTIK',166500.00,'085930065514','nophenks78@gmail.com','2025-08-27','2025-09-01','Lunas','https://checkout.xendit.co/web/68ae74d9c15b077945125661',NULL,NULL,'68ae74d9c15b077945125661','Jelantik/ftth/NofanAndriyansyah/Oktober-2025/Waringin/90',166500.00,'2025-09-01 17:39:18',0,'2025-08-27 10:00:41','2025-09-02 07:39:19',NULL),(91,'INV-20250827-53986B',99,'WRG-B3-18-Fiki','JELANTIK',231990.00,'085281911052','fikifikramullah@gmail.com','2025-08-27','2025-09-01','Kadaluarsa','https://checkout.xendit.co/web/68ae74da653b5e253a948f41',NULL,NULL,'68ae74da653b5e253a948f41','Jelantik/ftth/FikiFikramullah/Oktober-2025/Waringin/91',NULL,NULL,0,'2025-08-27 10:00:41','2025-09-06 10:01:23',NULL),(92,'INV-20250827-AF918C',100,'WRG-D4-10-Puput','JELANTIK',166500.00,'082258491231','puputsaputri2802@gmail.com','2025-08-27','2025-09-01','Lunas','https://checkout.xendit.co/web/68ae74dac15b07794512566a',NULL,NULL,'68ae74dac15b07794512566a','Jelantik/ftth/PuputSaputri/Oktober-2025/Waringin/92',166500.00,'2025-09-05 00:28:03',0,'2025-08-27 10:00:42','2025-09-05 14:28:04',NULL),(93,'INV-20250827-CE6E68',101,'WRG-D1-13-Eri','JELANTIK',166500.00,'089502429103','erimelani226@gmail.com','2025-08-27','2025-09-01','Lunas','https://checkout.xendit.co/web/68ae74daba3207fb17986b74',NULL,NULL,'68ae74daba3207fb17986b74','Jelantik/ftth/EriMelani/Oktober-2025/Waringin/93',166500.00,'2025-09-04 19:01:56',0,'2025-08-27 10:00:42','2025-09-05 09:01:58',NULL),(94,'INV-20250827-7B4C68',102,'WRG-A4-17-Alfa','JELANTIK',231990.00,'088293418971','alfam8595@gmail.com','2025-08-27','2025-09-01','Lunas','https://checkout.xendit.co/web/68ae74dbba3207fb17986b7f',NULL,NULL,'68ae74dbba3207fb17986b7f','Jelantik/ftth/AlfaMaulana/Oktober-2025/Waringin/94',231990.00,'2025-09-02 19:26:19',0,'2025-08-27 10:00:42','2025-09-03 09:26:28',NULL),(95,'INV-20250827-5F2D64',103,'WRG-D5-19-Fitra','JELANTIK',166500.00,'085891648272','fitraaht220@gmail.com','2025-08-27','2025-09-01','Lunas','https://checkout.xendit.co/web/68ae74db653b5e253a948f6b',NULL,NULL,'68ae74db653b5e253a948f6b','Jelantik/ftth/MohFitraRamdan/Oktober-2025/Waringin/95',166500.00,'2025-09-01 06:09:43',0,'2025-08-27 10:00:43','2025-09-01 20:09:44',NULL),(96,'INV-20250827-6E3723',104,'OKK-WW','JELANTIK',231990.00,'08986937819','ahmad@ajnusa.com','2025-08-27','2025-09-01','Kadaluarsa','https://checkout.xendit.co/web/68ae74db5a998030d0ed0019',NULL,NULL,'68ae74db5a998030d0ed0019','Jelantik/ftth/AhmadRizki/Oktober-2025/Tambun/96',NULL,NULL,0,'2025-08-27 10:00:43','2025-09-06 10:01:24',NULL),(97,'INV-20250827-08CBFC',105,'OKK-22','JELANTIK',231990.00,'082114762400','adolf@ajnusa.com','2025-08-27','2025-09-01','Kadaluarsa','https://checkout.xendit.co/web/68ae74dc99a90031bf47c215',NULL,NULL,'68ae74dc99a90031bf47c215','Jelantik/ftth/AdolfRenaldy/Oktober-2025/Tambun/97',NULL,NULL,0,'2025-08-27 10:00:43','2025-09-06 10:01:24',NULL),(98,'INV-FirmanAdeSaputra-202509-F537',106,'WRG-A2-12-Firman','JELANTIK',166500.00,'08983897747','firmanadesaputra798@gmail.com','2025-08-27','2025-09-01','Lunas','https://checkout.xendit.co/web/68ae848799a90031bf488a23',NULL,NULL,'68ae848799a90031bf488a23','Jelantik/ftth/FirmanAdeSaputra/Oktober-2025/Waringin/98',166500.00,'2025-08-26 23:59:57',0,'2025-08-27 11:07:35','2025-08-27 14:00:26',NULL),(99,'INV-RisnaOctaviani-202509-F368',107,'WRG-D6-16-Risna','JELANTIK',276390.00,'082246784428','octavianirisna1991@gmail.com','2025-08-28','2025-09-01','Lunas','https://checkout.xendit.co/web/68afc9ccb2eba71a41780442',NULL,NULL,'68afc9ccb2eba71a41780442','Jelantik/ftth/RisnaOctaviani/Oktober-2025/Waringin/99',276390.00,'2025-08-28 07:04:38',0,'2025-08-28 10:15:24','2025-08-28 21:04:47',NULL),(100,'INV-HandyCahyaNugraha-202509-6887',108,'WRG-A8-14-Nugraha','JELANTIK',166500.00,'085200335007','handy.cahya.nugraha@gmail.com','2025-08-29','2025-09-01','Lunas','https://checkout.xendit.co/web/68b14980708f5b1eee108466',NULL,NULL,'68b14980708f5b1eee108466','Jelantik/ftth/HandyCahyaNugraha/Oktober-2025/Waringin/100',166500.00,'2025-09-01 22:20:49',0,'2025-08-29 13:32:32','2025-09-02 12:20:52',NULL),(102,'INV-SatyaTriana-202509-5990',110,'WRG-B3-16-Triana','JELANTIK',166500.00,'082262001336','sibungsu3399@gmail.com','2025-08-30','2025-09-01','Lunas','https://checkout.xendit.co/web/68b2a2be67b11bea0768ebd8',NULL,NULL,'68b2a2be67b11bea0768ebd8','Jelantik/ftth/SatyaTriana/Oktober-2025/Waringin/102',166500.00,'2025-08-30 00:19:51',0,'2025-08-30 14:05:33','2025-08-30 14:19:58',NULL),(105,'INV-Irma-202509-8F8F',113,'NGR-TWR2-1412-Irma','JELANTIK NAGRAK',145000.00,'085779120414','irmanuraprilia06@gmail.com','2025-09-02','2025-09-02','Lunas','https://checkout.xendit.co/web/68b666063838a1e055c22049',NULL,NULL,'68b666063838a1e055c22049','Nagrak/ftth/Irma/Oktober-2025/Rusun/105',145000.00,'2025-09-01 21:28:43',0,'2025-09-02 10:35:34','2025-09-02 11:29:22',NULL),(106,'INV-DESHIELSTARI-202509-2C4E',114,'WRG-B2-05-Deshi','JELANTIK',224257.00,'081903598959','deshylestari116@gmail.com','2025-09-02','2025-09-02','Lunas','https://checkout.xendit.co/web/68b66c19fb03ae4f9779dd61',NULL,NULL,'68b66c19fb03ae4f9779dd61','Jelantik/ftth/DESHIELSTARI/Oktober-2025/Waringin/106',224257.00,'2025-09-02 03:45:39',0,'2025-09-02 11:01:28','2025-09-02 17:45:41',NULL),(107,'INV-AGUSSRIANI-202509-7FE2',115,'WRG-B5-24-Agus','JELANTIK',160950.00,'08970495292','shafakhalisa39@gmail.com','2025-09-02','2025-09-02','Lunas','https://checkout.xendit.co/web/68b66cb99ad0ea7b3fe98a62',NULL,NULL,'68b66cb99ad0ea7b3fe98a62','Jelantik/ftth/AGUSSRIANI/Oktober-2025/Waringin/107',160950.00,'2025-09-02 03:12:13',0,'2025-09-02 11:04:09','2025-09-02 17:12:26',NULL),(108,'INV-Milamuftari-202509-705E',116,'WRG-B4-15-Mila','JELANTIK',160950.00,'087711916212','milaebod@gmail.com','2025-09-02','2025-09-02','Lunas','https://checkout.xendit.co/web/68b66d32a818c9261d3ffb56',NULL,NULL,'68b66d32a818c9261d3ffb56','Jelantik/ftth/Milamuftari/Oktober-2025/Waringin/108',160950.00,'2025-09-02 01:19:17',0,'2025-09-02 11:06:10','2025-09-02 15:20:17',NULL),(109,'INV-KaruniaIndrianiPanji-202509-B192',117,'WRG-D7-21-Panji','JELANTIK',160950.00,'082128700705','karuniaindrianipanji16@gmail.com','2025-09-02','2025-09-02','Lunas','https://checkout.xendit.co/web/68b66ebba818c9261d4014e5',NULL,NULL,'68b66ebba818c9261d4014e5','Jelantik/ftth/KaruniaIndrianiPanji/Oktober-2025/Waringin/109',160950.00,'2025-09-02 05:42:07',0,'2025-09-02 11:12:42','2025-09-02 19:42:15',NULL),(110,'INV-Jamin-202509-A87C',118,'NRG-TWR1-908-Jamin','JELANTIK NAGRAK',135000.00,'083109749459','nina123@gmail.com','2025-09-03','2025-09-04','Lunas','https://checkout.xendit.co/web/68b80c8e869a2a124826d897',NULL,NULL,'68b80c8e869a2a124826d897','Nagrak/ftth/Jamin/Oktober-2025/Rusun/110',135000.00,'2025-09-04 00:45:54',0,'2025-09-03 16:38:21','2025-09-04 14:48:42',NULL),(111,'INV-MuhammadRezaWaluya-202509-1FB1',119,'WRG-D7-23-Reza','JELANTIK',155400.00,'081313875173','waluyaeza@gmail.com','2025-09-03','2025-09-03','Lunas','https://checkout.xendit.co/web/68b81486869a2a1248275419',NULL,NULL,'68b81486869a2a1248275419','Jelantik/ftth/MuhammadRezaWaluya/Oktober-2025/Waringin/111',155400.00,'2025-09-03 07:12:16',0,'2025-09-03 17:12:22','2025-09-03 21:12:20',NULL),(112,'INV-ArisSulistyanto-202509-6E56',121,'WRG-B5-19-Aris','JELANTIK',193325.00,'08118170102','sulistyantoaris@gmail.com','2025-09-06','2025-09-06','Lunas','https://checkout.xendit.co/web/68bba813cab8ab7e16226523',NULL,NULL,'68bba813cab8ab7e16226523','Jelantik/ftth/ArisSulistyanto/September-2025/Waringin/112',193325.00,'2025-09-05 20:24:13',0,'2025-09-06 10:18:43','2025-09-06 10:24:14',NULL),(113,'INV-Khairo-202509-8DCE',6,'KMD-0705-Reno-2024','JELANTIK',138750.00,'087877393805','kiroramadhan@gmail.com','2025-09-06','2025-09-06','Lunas','https://checkout.xendit.co/web/68bba93b9525b26ea868f510',NULL,NULL,'68bba93b9525b26ea868f510','Jelantik/ftth/Khairo/September-2025/Luar/113',138750.00,'2025-09-05 20:43:59',0,'2025-09-06 10:23:38','2025-09-06 10:44:18',NULL),(114,'INV-NenengSriWidayanti-202509-5CFB',19,'WRG-A3-10-Widayanti','JELANTIK',193325.00,'08577084305','widayantinengsri@gmail.com','2025-09-06','2025-09-06','Lunas','https://checkout.xendit.co/web/68bbfdbea6cc05d21a4f7b4c',NULL,NULL,'68bbfdbea6cc05d21a4f7b4c','Jelantik/ftth/NenengSriWidayanti/September-2025/Waringin/114',193325.00,'2025-09-06 23:20:59',0,'2025-09-06 16:24:14','2025-09-07 13:21:09',NULL),(115,'INV-FikiFikramullah-202509-8DE9',99,'WRG-B3-18-Fiki','JELANTIK',193325.00,'085281911052','fikifikramullah@gmail.com','2025-09-06','2025-09-06','Lunas','https://checkout.xendit.co/web/68bc2e9c573de81e356102c0',NULL,NULL,'68bc2e9c573de81e356102c0','Jelantik/ftth/FikiFikramullah/September-2025/Waringin/115',193325.00,'2025-09-06 05:53:31',0,'2025-09-06 19:52:44','2025-09-06 19:54:43',NULL),(116,'INV-ErniaPuspitasari-202509-193A',71,'WRG-A5-9-Ernia','JELANTIK',138750.00,'087771102228','erniania60@gmail.com','2025-09-06','2025-09-06','Lunas','https://checkout.xendit.co/web/68bc2f59dcc47d8709ad6f84',NULL,NULL,'68bc2f59dcc47d8709ad6f84','Jelantik/ftth/ErniaPuspitasari/September-2025/Waringin/116',138750.00,'2025-09-06 06:44:42',0,'2025-09-06 19:55:53','2025-09-06 20:44:49',NULL),(117,'INV-TubagusYahyaRamadhanSuhendar-202509-8FF2',43,'WRG-A3-18-Yahya','JELANTIK',138750.00,'083813891335','ramayahya1516@gmail.com','2025-09-06','2025-09-06','Lunas','https://checkout.xendit.co/web/68bc2fef560d76e51371962c',NULL,NULL,'68bc2fef560d76e51371962c','Jelantik/ftth/TubagusYahyaRamadhanSuhendar/September-2025/Waringin/117',138750.00,'2025-09-06 06:08:08',0,'2025-09-06 19:58:23','2025-09-06 20:08:09',NULL),(118,'INV-AhmadKherul-202509-F3E7',52,'WRG-A6-14-Ahmad','JELANTIK',138750.00,'087843138958','airul1992@gmail.com','2025-09-06','2025-09-06','Lunas','https://checkout.xendit.co/web/68bc305d560d76e513719dfe',NULL,NULL,'68bc305d560d76e513719dfe','Jelantik/ftth/AhmadKherul/September-2025/Waringin/118',138750.00,'2025-09-14 07:36:55',0,'2025-09-06 20:00:13','2025-09-14 21:36:58',NULL),(119,'INV-Maman-202509-A963',15,'WRG-B6-2-Maman','JELANTIK',133200.00,'085212388332','maman123@gmail.com','2025-09-07','2025-09-07','Lunas','https://checkout.xendit.co/web/68bce689a6cc05d21a59011d',NULL,NULL,'68bce689a6cc05d21a59011d','Jelantik/ftth/Maman/September-2025/Waringin/119',133200.00,'2025-09-06 19:10:35',0,'2025-09-07 08:57:29','2025-09-07 09:10:38',NULL),(120,'INV-AnisaFatimah-202509-416C',88,'WRG-B1-9-Anisa','JELANTIK',133200.00,'081937123119','anisafatimah0768@gmail.com','2025-09-07','2025-09-07','Lunas','https://checkout.xendit.co/web/68bcf61b560d76e51378d2e8',NULL,NULL,'68bcf61b560d76e51378d2e8','Jelantik/ftth/AnisaFatimah/September-2025/Waringin/120',133200.00,'2025-09-07 00:09:48',0,'2025-09-07 10:03:55','2025-09-07 14:10:44',NULL),(123,'INV-MuhammadSoib-202509-9F8C',124,'WRG-D5-09-Soib','JELANTIK',127650.00,'081287649590','muhammadsoib72@gmail.com','2025-09-08','2025-09-08','Lunas','https://checkout.xendit.co/web/68be3c89bf33984e5c11af8e',NULL,NULL,'68be3c89bf33984e5c11af8e','Jelantik/ftth/MuhammadSoib/September-2025/Waringin/123',127650.00,'2025-09-08 02:54:44',0,'2025-09-08 09:16:41','2025-09-08 16:54:45',NULL),(124,'INV-AdityaCristiansyah-202509-17C1',126,'WRG-B6-17-Aditya','JELANTIK',127650.00,'085774454790','crisaditya2k18@gmail.com','2025-09-08','2025-09-08','Lunas','https://checkout.xendit.co/web/68be3d13869e83940e02ea63',NULL,NULL,'68be3d13869e83940e02ea63','Jelantik/ftth/AdityaCristiansyah/September-2025/Waringin/124',127650.00,'2025-09-07 19:28:26',0,'2025-09-08 09:18:59','2025-09-08 09:28:28',NULL),(126,'INV-SAMSULBAHRI-202509-7A45',128,'WRG-D4-13-Bahri','JELANTIK',111000.00,'089651842410','dewi14nursyamsu@gmail.com','2025-09-08','2025-09-11','Lunas','https://checkout.xendit.co/web/68be8114bf33984e5c159678',NULL,NULL,'68be8114bf33984e5c159678','Jelantik/ftth/SAMSULBAHRI/September-2025/Waringin/126',111000.00,'2025-09-08 22:11:18',0,'2025-09-08 14:09:08','2025-09-09 12:11:22',NULL),(130,'INV-LimaDara-202509-0DC2',28,'WRG-B1-1-Lima','JELANTIK',111000.00,'081280676942','romadanikartika22@gmail.com','2025-09-11','2025-09-30','Lunas','https://checkout.xendit.co/web/68c24376a35ad2deae31bf17',NULL,NULL,'68c24376a35ad2deae31bf17','Jelantik/ftth/LimaDara/September-2025/Waringin/130',111000.00,'2025-09-10 21:21:54',0,'2025-09-11 10:35:18','2025-09-11 12:33:28',NULL),(132,'INV-AhmadRizki-202510-72D0',104,'OKK-WW','JELANTIK',1000.00,'08986937819','ahmad@ajnusa.com','2025-09-11','2025-10-01','Lunas','https://checkout.xendit.co/web/68c2659c4e8ba1132d3885f0',NULL,NULL,'68c2659c4e8ba1132d3885f0','Jelantik/ftth/AhmadRizki/Oktober-2025/Tambun/132',1000.00,'2025-09-10 23:02:38',0,'2025-09-11 13:01:00','2025-09-11 13:02:40',NULL),(133,'INV-Aldy-202509-68E2',34,'WRG-B3-9-Aldy','JELANTIK',111000.00,'087871675249','s6max.23@gmail.com','2025-09-11','2025-09-30','Lunas','https://checkout.xendit.co/web/68c2d39807101a6df904dd3d',NULL,NULL,'68c2d39807101a6df904dd3d','Jelantik/ftth/Aldy/September-2025/Waringin/133',111000.00,'2025-09-11 07:06:12',0,'2025-09-11 20:50:16','2025-09-11 21:06:19',NULL),(134,'INV-RudiSetiawan-202509-3642',127,'WRG-B6-21-Rudi','JELANTIK',105450.00,'081318771311','rudis8524@gmail.com','2025-09-12','2025-09-30','Lunas','https://checkout.xendit.co/web/68c374b9f8b4c58c7590035a',NULL,NULL,'68c374b9f8b4c58c7590035a','Jelantik/ftth/RudiSetiawan/September-2025/Waringin/134',105450.00,'2025-09-11 19:17:14',0,'2025-09-12 08:17:45','2025-09-12 09:17:17',NULL),(135,'INV-Somadmesrah-202509-F020',175,'WRG-A6-8-Somad','JELANTIK',139194.00,'087772868098','somadmesrah123@gmail.com','2025-09-13','2025-09-30','Lunas','https://checkout.xendit.co/web/68c4e626dab7c9efba04960a',NULL,NULL,'68c4e626dab7c9efba04960a','Jelantik/ftth/Somadmesrah/September-2025/Waringin/135',139194.00,'2025-09-13 04:44:11',0,'2025-09-13 10:33:58','2025-09-13 18:44:12',NULL),(136,'INV-DadanNuryaman-202509-5BED',180,'WRG-B6-9-Dadan','JELANTIK',115995.00,'085773311909','dadan.krw.dn@gmail.com','2025-09-15','2025-09-30','Lunas','https://checkout.xendit.co/web/68c7b9a8079ef74bffed4a66',NULL,NULL,'68c7b9a8079ef74bffed4a66','Jelantik/ftth/DadanNuryaman/September-2025/Waringin/136',115995.00,'2025-09-15 16:50:26',0,'2025-09-15 14:00:56','2025-09-16 06:50:27',NULL),(137,'INV-LalaZahrotunNazilah-202509-B7EB',169,'PRM-B6-05-Lala','JELANTIK',72150.00,'087844036776','ahmadrofieldarojat@gmail.com','2025-09-18','2025-09-30','Lunas','https://checkout.xendit.co/web/68cb6be2d3a7edcb35cd6e51',NULL,NULL,'68cb6be2d3a7edcb35cd6e51','Jelantik/ftth/LalaZahrotunNazilah/September-2025/Parama/137',72150.00,'2025-09-23 23:34:17',0,'2025-09-18 09:18:10','2025-09-24 13:34:28',NULL),(138,'INV-Suhendar-202509-C46A',186,'WRG-B5-23-Suhendar','JELANTIK',66600.00,'087844090638','muslihahanakhendar@gmail.com','2025-09-19','2025-09-30','Lunas','https://checkout.xendit.co/web/68ccbfd748c9f4056a4d7721',NULL,NULL,'68ccbfd748c9f4056a4d7721','Jelantik/ftth/Suhendar/September-2025/Waringin/138',66600.00,'2025-09-18 19:29:50',0,'2025-09-19 09:28:39','2025-09-19 09:34:02',NULL),(139,'INV-Denokyuly-202509-1E29',187,'WRG-A1-4-Denok','JELANTIK',286121.00,'083870791901','defann28@gmail.com','2025-09-24','2025-09-30','Lunas','https://checkout.xendit.co/web/68d3c23eec877017bb404af6',NULL,NULL,'68d3c23eec877017bb404af6','Jelantik/ftth/Denokyuly/September-2025/Waringin/139',286121.00,'2025-09-24 05:54:35',0,'2025-09-24 17:04:45','2025-09-24 19:54:38',NULL),(140,'INV-20250926-5B1406',1,'TMB-MGG-109-Yusuf','JELANTIK',166500.00,'081310117883','fajar@gmail.com','2025-09-26','2025-10-01','Lunas','https://checkout.xendit.co/web/68d601b0c01f3ebbb3a743c7',NULL,NULL,'68d601b0c01f3ebbb3a743c7','Jelantik/ftth/Fajar/Oktober-2025/Tambun/140',166500.00,'2025-10-01 23:26:55',0,'2025-09-26 10:00:00','2025-10-02 13:26:59',NULL),(141,'INV-20250926-2662B4',2,'TMB-KBJ2-C20A-Fajar','JELANTIK',166500.00,'081310117883','aprilia.pransiska@gmail.com','2025-09-26','2025-10-01','Kadaluarsa','https://checkout.xendit.co/web/68d601b00867127f90e60161',NULL,NULL,'68d601b00867127f90e60161','Jelantik/ftth/M.Yusuf/Oktober-2025/Tambun/141',NULL,NULL,0,'2025-09-26 10:00:00','2025-10-05 00:16:38',NULL),(142,'INV-20250926-517ACE',3,'TMB-KHM-42-Delif','JELANTIK',166500.00,'087881417961','n7895746@gmail.com','2025-09-26','2025-10-01','Lunas','https://checkout.xendit.co/web/68d601b10867127f90e6016d',NULL,NULL,'68d601b10867127f90e6016d','Jelantik/ftth/Delif/Oktober-2025/Tambun/142',166500.00,'2025-09-30 02:50:56',0,'2025-09-26 10:00:01','2025-09-30 16:50:58',NULL),(143,'INV-20250926-AFC324',4,'TMB-KBJ-C148-Jaenudin','JELANTIK',166500.00,'08973082650','wahabjaenudin@gmail.com','2025-09-26','2025-10-01','Lunas','https://checkout.xendit.co/web/68d601b260a68bd84fea243e',NULL,NULL,'68d601b260a68bd84fea243e','Jelantik/ftth/Jaenudin/Oktober-2025/Tambun/143',166500.00,'2025-09-30 06:44:04',0,'2025-09-26 10:00:01','2025-09-30 20:44:13',NULL),(144,'INV-20250926-4B2436',5,'TMB-TTS-3056-Mansur','JELANTIK',166500.00,'081287192295','mansur123@gmail.com','2025-09-26','2025-10-01','Lunas','https://checkout.xendit.co/web/68d601b207391cd5cc89c521',NULL,NULL,'68d601b207391cd5cc89c521','Jelantik/ftth/MansurHarahap/Oktober-2025/Tambun/144',166500.00,'2025-09-26 02:00:11',0,'2025-09-26 10:00:02','2025-09-26 16:00:12',NULL),(145,'INV-20250926-44BE4F',6,'KMD-0705-Reno-2024','JELANTIK',166500.00,'087877393805','kiroramadhan@gmail.com','2025-09-26','2025-10-01','Lunas','https://checkout.xendit.co/web/68d601b28f3b6222f62e05fc',NULL,NULL,'68d601b28f3b6222f62e05fc','Jelantik/ftth/Khairo/Oktober-2025/Luar/145',166500.00,'2025-10-03 08:18:05',0,'2025-09-26 10:00:02','2025-10-03 22:18:08',NULL),(146,'INV-20250926-7A59E3',7,'KMD-1205-Ayu-2024','JELANTIK',166500.00,'085778780731','ayuputriany91@gmail.com','2025-09-26','2025-10-01','Kadaluarsa','https://checkout.xendit.co/web/68d601b3c01f3ebbb3a743f9',NULL,NULL,'68d601b3c01f3ebbb3a743f9','Jelantik/ftth/AyuPutriany/Oktober-2025/Luar/146',NULL,NULL,0,'2025-09-26 10:00:03','2025-10-05 00:16:38',NULL),(147,'INV-20250926-902B6A',8,'KMD-1205-Abu-2024','JELANTIK',276390.00,'081313131141','abubakarcm3@gmail.com','2025-09-26','2025-10-01','Kadaluarsa','https://checkout.xendit.co/web/68d601b30867127f90e60194',NULL,NULL,'68d601b30867127f90e60194','Jelantik/ftth/AbuBakar/Oktober-2025/Luar/147',NULL,NULL,0,'2025-09-26 10:00:03','2025-10-05 00:16:39',NULL),(148,'INV-20250926-6AD480',9,'KMD-1205-Dani-2024','JELANTIK',166500.00,'08780570814','hmdhmdndani@gmail.com','2025-09-26','2025-10-01','Lunas','https://checkout.xendit.co/web/68d601b407391cd5cc89c554',NULL,NULL,'68d601b407391cd5cc89c554','Jelantik/ftth/AhmadHamdani/Oktober-2025/Luar/148',166500.00,'2025-10-03 20:49:46',0,'2025-09-26 10:00:03','2025-10-04 10:49:48',NULL),(149,'INV-20250926-A9E023',10,'KMD-7533-Sutata-2024','JELANTIK',166500.00,'085697186546','tsuta1440@gmail.com','2025-09-26','2025-10-01','Lunas','https://checkout.xendit.co/web/68d601b460a68bd84fea247b',NULL,NULL,'68d601b460a68bd84fea247b','Jelantik/ftth/Sutata/Oktober-2025/Luar/149',166500.00,'2025-09-29 07:34:30',0,'2025-09-26 10:00:04','2025-09-29 21:34:33',NULL),(150,'INV-20250926-8247DA',11,'KMD-12512-Ika-2025','JELANTIK',166500.00,'081212854123','ikasari585@gmail.com','2025-09-26','2025-10-01','Lunas','https://checkout.xendit.co/web/68d601b460a68bd84fea2489',NULL,NULL,'68d601b460a68bd84fea2489','Jelantik/ftth/IkaSari/Oktober-2025/Luar/150',166500.00,'2025-09-30 18:33:09',0,'2025-09-26 10:00:04','2025-10-01 08:33:21',NULL),(151,'INV-20250926-9430DF',12,'KMD-51A-Muafi-2025','JELANTIK',166500.00,'085940475413','muafiputra@gmail.com','2025-09-26','2025-10-01','Lunas','https://checkout.xendit.co/web/68d601b507391cd5cc89c56e',NULL,NULL,'68d601b507391cd5cc89c56e','Jelantik/ftth/Muafi/Oktober-2025/Luar/151',166500.00,'2025-09-26 18:16:39',0,'2025-09-26 10:00:04','2025-09-27 08:16:42',NULL),(152,'INV-20250926-820544',13,'KMD-0705-Slamet-2025','JELANTIK',166500.00,'087770031146','cimolkentang954@gmail.com','2025-09-26','2025-10-01','Lunas','https://checkout.xendit.co/web/68d601b5c01f3ebbb3a74419',NULL,NULL,'68d601b5c01f3ebbb3a74419','Jelantik/ftth/SlametWidiyanto/Oktober-2025/Luar/152',166500.00,'2025-10-03 20:01:55',0,'2025-09-26 10:00:05','2025-10-04 10:02:45',NULL),(153,'INV-20250926-9C6C24',14,'KMD-12125-Thoharoh-2025','JELANTIK',166500.00,'085885126323','rafa.alamry1@gmail.com','2025-09-26','2025-10-01','Lunas','https://checkout.xendit.co/web/68d601b507391cd5cc89c57b',NULL,NULL,'68d601b507391cd5cc89c57b','Jelantik/ftth/ThoharohJanuriPutra/Oktober-2025/Luar/153',166500.00,'2025-10-03 21:28:21',0,'2025-09-26 10:00:05','2025-10-04 11:28:40',NULL),(154,'INV-20250926-68E10E',15,'WRG-B6-2-Maman','JELANTIK',166500.00,'085212388332','maman123@gmail.com','2025-09-26','2025-10-01','Lunas','https://checkout.xendit.co/web/68d601b607391cd5cc89c588',NULL,NULL,'68d601b607391cd5cc89c588','Jelantik/ftth/Maman/Oktober-2025/Waringin/154',166500.00,'2025-10-04 02:03:45',0,'2025-09-26 10:00:06','2025-10-04 16:03:47',NULL),(155,'INV-20250926-C4CF66',16,'WRG-B5-16-Slamet','JELANTIK',166500.00,'085878156132','slamet12@gmail.com','2025-09-26','2025-10-01','Kadaluarsa','https://checkout.xendit.co/web/68d601b68f3b6222f62e0628',NULL,NULL,'68d601b68f3b6222f62e0628','Jelantik/ftth/Slamet/Oktober-2025/Waringin/155',NULL,NULL,0,'2025-09-26 10:00:06','2025-10-05 00:16:39',NULL),(156,'INV-20250926-30F8CE',17,'WRG-B5-22-Rita','JELANTIK',231990.00,'082180314993','susansamsung106@gmail.com','2025-09-26','2025-10-01','Lunas','https://checkout.xendit.co/web/68d601b64013b4443fa273c2',NULL,NULL,'68d601b64013b4443fa273c2','Jelantik/ftth/Rita/Oktober-2025/Waringin/156',231990.00,'2025-10-04 16:44:15',0,'2025-09-26 10:00:06','2025-10-05 06:44:25',NULL),(157,'INV-20250926-5ADD1D',19,'WRG-A3-10-Widayanti','JELANTIK',231990.00,'08577084305','widayantinengsri@gmail.com','2025-09-26','2025-10-01','Lunas','https://checkout.xendit.co/web/68d601b70867127f90e601ef',NULL,NULL,'68d601b70867127f90e601ef','Jelantik/ftth/NenengSriWidayanti/Oktober-2025/Waringin/157',231990.00,'2025-10-03 15:22:59',0,'2025-09-26 10:00:07','2025-10-04 05:24:00',NULL),(158,'INV-20250926-26B312',20,'WRG-A3-9-Dewi','JELANTIK',231990.00,'089688085445','amiribrahimserang24@gmail.com','2025-09-26','2025-10-01','Lunas','https://checkout.xendit.co/web/68d601b74013b4443fa273d2',NULL,NULL,'68d601b74013b4443fa273d2','Jelantik/ftth/DewiHartati/Oktober-2025/Waringin/158',231990.00,'2025-10-04 09:47:18',0,'2025-09-26 10:00:07','2025-10-04 23:47:19',NULL),(159,'INV-20250926-2DBAAA',21,'WRG-A1-7-Adien','JELANTIK',231990.00,'081382131591','adiengm@gmail.com','2025-09-26','2025-10-01','Lunas','https://checkout.xendit.co/web/68d601b707391cd5cc89c5ac',NULL,NULL,'68d601b707391cd5cc89c5ac','Jelantik/ftth/Adien/Oktober-2025/Waringin/159',231990.00,'2025-09-29 21:36:40',0,'2025-09-26 10:00:07','2025-09-30 11:36:41',NULL),(160,'INV-20250926-AF5AA9',22,'WRG-A2-9-Yopan','JELANTIK',166500.00,'081280039235','riskalianita94@gmail.com','2025-09-26','2025-10-01','Lunas','https://checkout.xendit.co/web/68d601b80867127f90e6020f',NULL,NULL,'68d601b80867127f90e6020f','Jelantik/ftth/Yopan/Oktober-2025/Waringin/160',166500.00,'2025-10-03 06:43:37',0,'2025-09-26 10:00:08','2025-10-03 20:43:39',NULL),(161,'INV-20250926-58C6C3',23,'WRG-A4-2-Anton','JELANTIK',231990.00,'081395416850','newntonn@gmail.com','2025-09-26','2025-10-01','Lunas','https://checkout.xendit.co/web/68d601b80867127f90e60217',NULL,NULL,'68d601b80867127f90e60217','Jelantik/ftth/AntonSaputra/Oktober-2025/Waringin/161',231990.00,'2025-09-27 21:27:10',0,'2025-09-26 10:00:08','2025-09-28 11:27:17',NULL),(162,'INV-20250926-239932',24,'WRG-B3-8-Yoga','JELANTIK',166500.00,'085890391485','yogaadinugroho1997@gmail.com','2025-09-26','2025-10-01','Lunas','https://checkout.xendit.co/web/68d601b88f3b6222f62e063a',NULL,NULL,'68d601b88f3b6222f62e063a','Jelantik/ftth/Yoga/Oktober-2025/Waringin/162',166500.00,'2025-10-04 16:57:11',0,'2025-09-26 10:00:08','2025-10-05 06:57:12',NULL),(163,'INV-20250926-5DBD56',25,'WRG-A5-12-Sudira','JELANTIK',166500.00,'085920046190','sudirahusada7@gmail.com','2025-09-26','2025-10-01','Lunas','https://checkout.xendit.co/web/68d601b960a68bd84fea250a',NULL,NULL,'68d601b960a68bd84fea250a','Jelantik/ftth/Sudira/Oktober-2025/Waringin/163',166500.00,'2025-09-25 20:27:38',0,'2025-09-26 10:00:09','2025-09-26 10:27:39',NULL),(164,'INV-20250926-61AA49',26,'WRG-B5-20-Suproji','JELANTIK',166500.00,'08211301779','ramadhanaska687@gmail.com','2025-09-26','2025-10-01','Kadaluarsa','https://checkout.xendit.co/web/68d601b90867127f90e6023b',NULL,NULL,'68d601b90867127f90e6023b','Jelantik/ftth/Suproji/Oktober-2025/Waringin/164',NULL,NULL,0,'2025-09-26 10:00:09','2025-10-05 00:16:40',NULL),(165,'INV-20250926-F87950',27,'WRG-B4-3-ELI','JELANTIK',166500.00,'087849750016','e81217069@gmail.com','2025-09-26','2025-10-01','Lunas','https://checkout.xendit.co/web/68d601b94013b4443fa27408',NULL,NULL,'68d601b94013b4443fa27408','Jelantik/ftth/EliSukasih/Oktober-2025/Waringin/165',166500.00,'2025-10-04 22:01:03',0,'2025-09-26 10:00:09','2025-10-05 12:01:04',NULL),(166,'INV-20250926-3AFD20',28,'WRG-B1-1-Lima','JELANTIK',166500.00,'081280676942','romadanikartika22@gmail.com','2025-09-26','2025-10-01','Kadaluarsa','https://checkout.xendit.co/web/68d601ba60a68bd84fea2535',NULL,NULL,'68d601ba60a68bd84fea2535','Jelantik/ftth/LimaDara/Oktober-2025/Waringin/166',NULL,NULL,0,'2025-09-26 10:00:10','2025-10-05 00:16:40',NULL),(167,'INV-20250926-68C273',29,'WRG-A6-2-Vivian','JELANTIK',321789.00,'081315503675','bdgbandung79@gmail.com','2025-09-26','2025-10-01','Lunas','https://checkout.xendit.co/web/68d601bac01f3ebbb3a7445f',NULL,NULL,'68d601bac01f3ebbb3a7445f','Jelantik/ftth/Viviandesilva/Oktober-2025/Waringin/167',321789.00,'2025-10-04 10:22:52',0,'2025-09-26 10:00:10','2025-10-05 00:22:59',NULL),(168,'INV-20250926-864486',30,'WRG-A4-11-Fitri','JELANTIK',166500.00,'082214042827','fitrilindawati00@gmail.com','2025-09-26','2025-10-01','Lunas','https://checkout.xendit.co/web/68d601bbc01f3ebbb3a74465',NULL,NULL,'68d601bbc01f3ebbb3a74465','Jelantik/ftth/FitriLindawati/Oktober-2025/Waringin/168',166500.00,'2025-10-01 03:57:07',0,'2025-09-26 10:00:10','2025-10-01 17:57:15',NULL),(169,'INV-20250926-706E5E',31,'WRG-A4-15-Cipto','JELANTIK',166500.00,'08180053115','ciptobunong@gmail.com','2025-09-26','2025-10-01','Lunas','https://checkout.xendit.co/web/68d601bb4013b4443fa27447',NULL,NULL,'68d601bb4013b4443fa27447','Jelantik/ftth/Cipto/Oktober-2025/Waringin/169',166500.00,'2025-09-30 21:45:22',0,'2025-09-26 10:00:11','2025-10-01 11:45:24',NULL),(170,'INV-20250926-76B2B6',32,'WRG-B1-11-Shelvi','JELANTIK',231990.00,'085212358447','dianethshelvi@gmail.com','2025-09-26','2025-10-01','Lunas','https://checkout.xendit.co/web/68d601bb8f3b6222f62e065c',NULL,NULL,'68d601bb8f3b6222f62e065c','Jelantik/ftth/ShelviDianeth/Oktober-2025/Waringin/170',231990.00,'2025-10-04 16:55:49',0,'2025-09-26 10:00:11','2025-10-05 06:55:53',NULL),(171,'INV-20250926-C99938',33,'WRG-A6-11-Restu','JELANTIK',166500.00,'0895405000000','restuady020396@gmail.com','2025-09-26','2025-10-01','Lunas','https://checkout.xendit.co/web/68d601bcc01f3ebbb3a7447d',NULL,NULL,'68d601bcc01f3ebbb3a7447d','Jelantik/ftth/RestuAdy/Oktober-2025/Waringin/171',166500.00,'2025-10-04 17:20:41',0,'2025-09-26 10:00:12','2025-10-05 07:20:53',NULL),(172,'INV-20250926-119F2A',34,'WRG-B3-9-Aldy','JELANTIK',166500.00,'087871675249','s6max.23@gmail.com','2025-09-26','2025-10-01','Kadaluarsa','https://checkout.xendit.co/web/68d601bcc01f3ebbb3a74488',NULL,NULL,'68d601bcc01f3ebbb3a74488','Jelantik/ftth/Aldy/Oktober-2025/Waringin/172',NULL,NULL,0,'2025-09-26 10:00:12','2025-10-05 00:16:41',NULL),(173,'INV-20250926-7CC9D0',35,'WRG-A3-15-Raswa','JELANTIK',231990.00,'0895330000000','raswajaya@gmail.com','2025-09-26','2025-10-01','Kadaluarsa','https://checkout.xendit.co/web/68d601bdc01f3ebbb3a74492',NULL,NULL,'68d601bdc01f3ebbb3a74492','Jelantik/ftth/RaswaJaya/Oktober-2025/Waringin/173',NULL,NULL,0,'2025-09-26 10:00:12','2025-10-05 00:16:41',NULL),(174,'INV-20250926-D12F1B',37,'WRG-B4-7-Reza','JELANTIK',166500.00,'081311702260','rezaekaaa@gmail.com','2025-09-26','2025-10-01','Lunas','https://checkout.xendit.co/web/68d601bd60a68bd84fea2583',NULL,NULL,'68d601bd60a68bd84fea2583','Jelantik/ftth/RezaEkaPutra/Oktober-2025/Waringin/174',166500.00,'2025-10-04 20:49:19',0,'2025-09-26 10:00:13','2025-10-05 10:49:22',NULL),(175,'INV-20250926-FD32DC',38,'WRG-B3-06-Budianto','JELANTIK',166500.00,'085285578088','lisbudianto71@gmail.com','2025-09-26','2025-10-01','Lunas','https://checkout.xendit.co/web/68d601bd4013b4443fa27465',NULL,NULL,'68d601bd4013b4443fa27465','Jelantik/ftth/LisBudianto/Oktober-2025/Waringin/175',166500.00,'2025-09-26 06:13:27',0,'2025-09-26 10:00:13','2025-09-26 20:13:30',NULL),(176,'INV-20250926-C87543',39,'WRG-A2-19-Najmudin','JELANTIK',166500.00,'085945640734','najmudin123@gmail.com','2025-09-26','2025-10-01','Lunas','https://checkout.xendit.co/web/68d601bd8f3b6222f62e0677',NULL,NULL,'68d601bd8f3b6222f62e0677','Jelantik/ftth/Najmudin/Oktober-2025/Waringin/176',166500.00,'2025-10-02 19:45:52',0,'2025-09-26 10:00:13','2025-10-03 09:45:58',NULL),(177,'INV-20250926-1A0AF9',40,'WRG-A7-6-Nadia','JELANTIK',166500.00,'087877888334','dheanadia38@gmail.com','2025-09-26','2025-10-01','Lunas','https://checkout.xendit.co/web/68d601be8f3b6222f62e067d',NULL,NULL,'68d601be8f3b6222f62e067d','Jelantik/ftth/NadiaRahmahdani/Oktober-2025/Waringin/177',166500.00,'2025-10-02 19:46:42',0,'2025-09-26 10:00:14','2025-10-03 09:46:49',NULL),(178,'INV-20250926-34B167',41,'WRG-A7-11-Dila','JELANTIK',166500.00,'085600566936','upitasariajja@gmail.com','2025-09-26','2025-10-01','Kadaluarsa','https://checkout.xendit.co/web/68d601be07391cd5cc89c66e',NULL,NULL,'68d601be07391cd5cc89c66e','Jelantik/ftth/DilaUpitasari/Oktober-2025/Waringin/178',NULL,NULL,0,'2025-09-26 10:00:14','2025-10-05 00:16:42',NULL),(179,'INV-20250926-76413B',43,'WRG-A3-18-Yahya','JELANTIK',166500.00,'083813891335','ramayahya1516@gmail.com','2025-09-26','2025-10-01','Lunas','https://checkout.xendit.co/web/68d601bfc01f3ebbb3a744bd',NULL,NULL,'68d601bfc01f3ebbb3a744bd','Jelantik/ftth/TubagusYahyaRamadhanSuhendar/Oktober-2025/Waringin/179',166500.00,'2025-09-29 05:27:29',0,'2025-09-26 10:00:14','2025-09-29 19:27:31',NULL),(180,'INV-20250926-477438',44,'WRG-A2-7-Yudha','JELANTIK',166500.00,'08817535919','houseasmoro@gmail.com','2025-09-26','2025-10-01','Lunas','https://checkout.xendit.co/web/68d601bf0867127f90e602c6',NULL,NULL,'68d601bf0867127f90e602c6','Jelantik/ftth/YudhaBagusAsmoro/Oktober-2025/Waringin/180',166500.00,'2025-10-04 18:53:11',0,'2025-09-26 10:00:15','2025-10-05 08:53:16',NULL),(181,'INV-20250926-8A12B5',45,'WRG-A2-5-Tuty','JELANTIK',166500.00,'08995729070','tutirukmana73@gemail.com','2025-09-26','2025-10-01','Lunas','https://checkout.xendit.co/web/68d601bf07391cd5cc89c688',NULL,NULL,'68d601bf07391cd5cc89c688','Jelantik/ftth/TutyRukmana/Oktober-2025/Waringin/181',166500.00,'2025-10-04 02:34:04',0,'2025-09-26 10:00:15','2025-10-04 16:34:07',NULL),(182,'INV-20250926-9037DE',47,'WRG-B7-1-Faizal','JELANTIK',231990.00,'083894884900','faizalfirmansyah1111@gmail.com','2025-09-26','2025-10-01','Lunas','https://checkout.xendit.co/web/68d601c060a68bd84fea25e5',NULL,NULL,'68d601c060a68bd84fea25e5','Jelantik/ftth/FaizalFirmansyah/Oktober-2025/Waringin/182',231990.00,'2025-10-01 02:24:48',0,'2025-09-26 10:00:15','2025-10-01 16:26:25',NULL),(183,'INV-20250926-CE8DC9',48,'WRG-B6-4-Aji','JELANTIK',231990.00,'087888075974','ajirizaldi007@gmail.com','2025-09-26','2025-10-01','Lunas','https://checkout.xendit.co/web/68d601c08f3b6222f62e0696',NULL,NULL,'68d601c08f3b6222f62e0696','Jelantik/ftth/MuhammadAji/Oktober-2025/Waringin/183',231990.00,'2025-10-04 18:18:23',0,'2025-09-26 10:00:16','2025-10-05 08:18:26',NULL),(184,'INV-20250926-FE658C',49,'WRG-B5-15-Karsono','JELANTIK',166500.00,'081218206367','karsonoso04@gmail.com','2025-09-26','2025-10-01','Lunas','https://checkout.xendit.co/web/68d601c007391cd5cc89c6b1',NULL,NULL,'68d601c007391cd5cc89c6b1','Jelantik/ftth/Karsono/Oktober-2025/Waringin/184',166500.00,'2025-09-30 18:21:08',0,'2025-09-26 10:00:16','2025-10-01 08:21:09',NULL),(185,'INV-20250926-54F186',50,'WRG-D2-11-Sanuri','JELANTIK',166500.00,'08594056760','wshugos@gmail.com','2025-09-26','2025-10-01','Kadaluarsa','https://checkout.xendit.co/web/68d601c160a68bd84fea2602',NULL,NULL,'68d601c160a68bd84fea2602','Jelantik/ftth/Sanuri/Oktober-2025/Waringin/185',NULL,NULL,0,'2025-09-26 10:00:16','2025-10-05 00:16:42',NULL),(186,'INV-20250926-78CE30',51,'WRG-B6-12-Iis','JELANTIK',166500.00,'083898861346','iisr6406@gmail.com','2025-09-26','2025-10-01','Lunas','https://checkout.xendit.co/web/68d601c160a68bd84fea260a',NULL,NULL,'68d601c160a68bd84fea260a','Jelantik/ftth/IisRosita/Oktober-2025/Waringin/186',166500.00,'2025-09-28 02:27:13',0,'2025-09-26 10:00:17','2025-09-28 16:27:14',NULL),(187,'INV-20250926-C36711',52,'WRG-A6-14-Ahmad','JELANTIK',166500.00,'087843138958','airul1992@gmail.com','2025-09-26','2025-10-01','Lunas','https://checkout.xendit.co/web/68d601c107391cd5cc89c6ce',NULL,NULL,'68d601c107391cd5cc89c6ce','Jelantik/ftth/AhmadKherul/Oktober-2025/Waringin/187',166500.00,'2025-10-01 17:53:01',0,'2025-09-26 10:00:17','2025-10-02 07:53:02',NULL),(188,'INV-20250926-B61798',54,'WRG-A4-5-Deni','JELANTIK',166500.00,'087809203279','denimuhammad526@gmail.com','2025-09-26','2025-10-01','Lunas','https://checkout.xendit.co/web/68d601c2c01f3ebbb3a74500',NULL,NULL,'68d601c2c01f3ebbb3a74500','Jelantik/ftth/MDeni/Oktober-2025/Waringin/188',166500.00,'2025-09-25 20:15:27',0,'2025-09-26 10:00:17','2025-09-26 10:15:30',NULL),(189,'INV-20250926-AFFBCE',56,'WRG-A2-15-Abu','JELANTIK',166500.00,'082113565005','abu03203@mail.com','2025-09-26','2025-10-01','Kadaluarsa','https://checkout.xendit.co/web/68d601c24013b4443fa274d9',NULL,NULL,'68d601c24013b4443fa274d9','Jelantik/ftth/MAbuBakar/Oktober-2025/Waringin/189',NULL,NULL,0,'2025-09-26 10:00:18','2025-10-05 00:16:42',NULL),(190,'INV-20250926-19F5AE',57,'WRG-B9-4-Widia','JELANTIK',166500.00,'085716998078','zillafazilla9@gmail.com','2025-09-26','2025-10-01','Kadaluarsa','https://checkout.xendit.co/web/68d601c28f3b6222f62e06ac',NULL,NULL,'68d601c28f3b6222f62e06ac','Jelantik/ftth/WidiaS/Oktober-2025/Waringin/190',NULL,NULL,0,'2025-09-26 10:00:18','2025-10-05 00:16:42',NULL),(191,'INV-20250926-1BE6BB',58,'WRG-D2-4-Asiyah','JELANTIK',231990.00,'085212998295','iamakbar16@gmail.com','2025-09-26','2025-10-01','Lunas','https://checkout.xendit.co/web/68d601c30867127f90e60334',NULL,NULL,'68d601c30867127f90e60334','Jelantik/ftth/Asiyah/Oktober-2025/Waringin/191',231990.00,'2025-10-01 03:39:08',0,'2025-09-26 10:00:18','2025-10-01 17:39:30',NULL),(192,'INV-20250926-B25AEA',59,'WRG-C1-2-Pujiansyah','JELANTIK',276390.00,'081315131835','ferly.pujiansyah@gmail.com','2025-09-26','2025-10-01','Lunas','https://checkout.xendit.co/web/68d601c34013b4443fa274ee',NULL,NULL,'68d601c34013b4443fa274ee','Jelantik/ftth/FerlyPujiansyah/Oktober-2025/Waringin/192',276390.00,'2025-10-04 18:47:45',0,'2025-09-26 10:00:19','2025-10-05 08:47:58',NULL),(193,'INV-20250926-8DBE90',60,'WRG-A6-19-Leo','JELANTIK',166500.00,'081293467840','japrax@gmail.com','2025-09-26','2025-10-01','Lunas','https://checkout.xendit.co/web/68d601c307391cd5cc89c709',NULL,NULL,'68d601c307391cd5cc89c709','Jelantik/ftth/LeoAgustin/Oktober-2025/Waringin/193',166500.00,'2025-09-26 17:50:23',0,'2025-09-26 10:00:19','2025-09-27 07:50:26',NULL),(194,'INV-20250926-8ED185',61,'WRG-A1-9-Firdayani','JELANTIK',166500.00,'089536694408','firdayani500@gmail.com','2025-09-26','2025-10-01','Lunas','https://checkout.xendit.co/web/68d601c40867127f90e6034e',NULL,NULL,'68d601c40867127f90e6034e','Jelantik/ftth/Firdayani/Oktober-2025/Waringin/194',166500.00,'2025-10-03 16:49:08',0,'2025-09-26 10:00:20','2025-10-04 06:49:11',NULL),(195,'INV-20250926-AB5CF9',63,'WRG-A5-3-adisti','JELANTIK',166500.00,'08131674077','dewa16031991@gmail.com','2025-09-26','2025-10-01','Lunas','https://checkout.xendit.co/web/68d601c48f3b6222f62e06bd',NULL,NULL,'68d601c48f3b6222f62e06bd','Jelantik/ftth/AdistiDewa/Oktober-2025/Waringin/195',166500.00,'2025-10-04 21:19:12',0,'2025-09-26 10:00:20','2025-10-05 11:19:13',NULL),(196,'INV-20250926-EB59CE',64,'WRG-A4-22-Saidul','JELANTIK',166500.00,'085280487311','saiduss608@gmail.com','2025-09-26','2025-10-01','Kadaluarsa','https://checkout.xendit.co/web/68d601c460a68bd84fea2658',NULL,NULL,'68d601c460a68bd84fea2658','Jelantik/ftth/SaidusSabil/Oktober-2025/Waringin/196',NULL,NULL,0,'2025-09-26 10:00:20','2025-10-05 00:16:43',NULL),(197,'INV-20250926-ADFB27',65,'WRG-A6-10-Yahyudi','JELANTIK',166500.00,'082125698557','wandi.genjo0606@gmail.com','2025-09-26','2025-10-01','Lunas','https://checkout.xendit.co/web/68d601c58f3b6222f62e06c4',NULL,NULL,'68d601c58f3b6222f62e06c4','Jelantik/ftth/Yahyudi/Oktober-2025/Waringin/197',166500.00,'2025-09-30 18:09:36',0,'2025-09-26 10:00:20','2025-10-01 08:13:31',NULL),(198,'INV-20250926-A7E6A7',66,'WRG-D2-12-Nabella','JELANTIK',166500.00,'08777748800','nabellansm@gmail.com','2025-09-26','2025-10-01','Lunas','https://checkout.xendit.co/web/68d601c5c01f3ebbb3a74568',NULL,NULL,'68d601c5c01f3ebbb3a74568','Jelantik/ftth/NabellaSyahputriMiady/Oktober-2025/Waringin/198',166500.00,'2025-10-01 10:58:26',0,'2025-09-26 10:00:21','2025-10-02 00:58:28',NULL),(199,'INV-20250926-2FD2F1',67,'WRG-B6-18-Melly','JELANTIK',231990.00,'087878836682','melly.honey@ymail.com','2025-09-26','2025-10-01','Lunas','https://checkout.xendit.co/web/68d601c50867127f90e60388',NULL,NULL,'68d601c50867127f90e60388','Jelantik/ftth/MellyHoney/Oktober-2025/Waringin/199',231990.00,'2025-09-30 03:36:29',0,'2025-09-26 10:00:21','2025-09-30 17:36:36',NULL),(200,'INV-20250926-173792',68,'WRG-B3-5-Nasrulloh','JELANTIK',166500.00,'083813737576','nasrul.may@gmail.com','2025-09-26','2025-10-01','Lunas','https://checkout.xendit.co/web/68d601c60867127f90e60393',NULL,NULL,'68d601c60867127f90e60393','Jelantik/ftth/Nasrulloh/Oktober-2025/Waringin/200',166500.00,'2025-09-26 02:44:56',0,'2025-09-26 10:00:22','2025-09-26 16:44:57',NULL),(201,'INV-20250926-231FAA',69,'WRG-B2-11-Krisna','JELANTIK',166500.00,'087778277788','krisna.port@gmail.com','2025-09-26','2025-10-01','Lunas','https://checkout.xendit.co/web/68d601c607391cd5cc89c755',NULL,NULL,'68d601c607391cd5cc89c755','Jelantik/ftth/Krisna/Oktober-2025/Waringin/201',166500.00,'2025-10-04 17:07:51',0,'2025-09-26 10:00:22','2025-10-05 07:08:00',NULL),(202,'INV-20250926-79A071',70,'WRG-B7-04-Rico','JELANTIK',166500.00,'085782135280','prasetyorico43@gmail.com','2025-09-26','2025-10-01','Lunas','https://checkout.xendit.co/web/68d601c660a68bd84fea2688',NULL,NULL,'68d601c660a68bd84fea2688','Jelantik/ftth/RicoPrasetyo/Oktober-2025/Waringin/202',166500.00,'2025-09-26 04:49:58',0,'2025-09-26 10:00:22','2025-09-26 18:50:18',NULL),(203,'INV-20250926-569F7A',71,'WRG-A5-9-Ernia','JELANTIK',166500.00,'087771102228','erniania60@gmail.com','2025-09-26','2025-10-01','Kadaluarsa','https://checkout.xendit.co/web/68d601c74013b4443fa27532',NULL,NULL,'68d601c74013b4443fa27532','Jelantik/ftth/ErniaPuspitasari/Oktober-2025/Waringin/203',NULL,NULL,0,'2025-09-26 10:00:23','2025-10-05 00:16:43',NULL),(204,'INV-20250926-B75F7A',73,'WRG-B6-20-Abdul','JELANTIK',276390.00,'089651108692','h.abdghofuur@gmail.com','2025-09-26','2025-10-01','Lunas','https://checkout.xendit.co/web/68d601c70867127f90e603ba',NULL,NULL,'68d601c70867127f90e603ba','Jelantik/ftth/AbdulGhofuur/Oktober-2025/Waringin/204',276390.00,'2025-10-01 04:54:55',0,'2025-09-26 10:00:23','2025-10-01 18:55:08',NULL),(205,'INV-20250926-CA20E8',74,'WRG-A4-06-Rifki','JELANTIK',166500.00,'087772672714','rifkijunaedi@gmail.com','2025-09-26','2025-10-01','Lunas','https://checkout.xendit.co/web/68d601c7c01f3ebbb3a745af',NULL,NULL,'68d601c7c01f3ebbb3a745af','Jelantik/ftth/RifkiJunaedi/Oktober-2025/Waringin/205',166500.00,'2025-09-28 18:02:34',0,'2025-09-26 10:00:23','2025-09-29 08:02:37',NULL),(206,'INV-20250926-87DA92',75,'WRG-A5-14-Rafli','JELANTIK',231990.00,'087789522501','raflinuralam21@gmail.com','2025-09-26','2025-10-01','Lunas','https://checkout.xendit.co/web/68d601c807391cd5cc89c789',NULL,NULL,'68d601c807391cd5cc89c789','Jelantik/ftth/MuhammadRafliNuralan/Oktober-2025/Waringin/206',231990.00,'2025-09-30 16:19:41',0,'2025-09-26 10:00:24','2025-10-01 06:19:42',NULL),(207,'INV-20250926-5B2C63',76,'WRG-B3-22-Sariyanti','JELANTIK',166500.00,'082310242576','annisasyahira56@gmail.com','2025-09-26','2025-10-01','Lunas','https://checkout.xendit.co/web/68d601c84013b4443fa27559',NULL,NULL,'68d601c84013b4443fa27559','Jelantik/ftth/Sariyanti/Oktober-2025/Waringin/207',166500.00,'2025-10-02 02:08:26',0,'2025-09-26 10:00:24','2025-10-02 16:08:28',NULL),(208,'INV-20250926-758D19',77,'WRG-C1-6-Tika','JELANTIK',231990.00,'085212738012','tikavionarein@gmail.com','2025-09-26','2025-10-01','Lunas','https://checkout.xendit.co/web/68d601c8c01f3ebbb3a745e4',NULL,NULL,'68d601c8c01f3ebbb3a745e4','Jelantik/ftth/Tika/Oktober-2025/Waringin/208',231990.00,'2025-10-02 16:25:07',0,'2025-09-26 10:00:24','2025-10-03 06:25:17',NULL),(209,'INV-20250926-1DA8AD',78,'WRG-B6-11-Haris','JELANTIK',166500.00,'081328565410','arispumpkins111@gmail.com','2025-09-26','2025-10-01','Lunas','https://checkout.xendit.co/web/68d601c90867127f90e60414',NULL,NULL,'68d601c90867127f90e60414','Jelantik/ftth/HarisSusanto/Oktober-2025/Waringin/209',166500.00,'2025-09-29 18:05:55',0,'2025-09-26 10:00:25','2025-09-30 08:06:05',NULL),(210,'INV-20250926-DAA872',79,'WRG-A6-18-Deva','JELANTIK',166500.00,'081292096763','devaeryando04@gmail.com','2025-09-26','2025-10-01','Lunas','https://checkout.xendit.co/web/68d601c960a68bd84fea26e6',NULL,NULL,'68d601c960a68bd84fea26e6','Jelantik/ftth/DevaEryando/Oktober-2025/Waringin/210',166500.00,'2025-09-26 02:00:25',0,'2025-09-26 10:00:25','2025-09-26 16:00:36',NULL),(211,'INV-20250926-688B33',80,'WRG-C1-7-Tias','JELANTIK',166500.00,'089699748373','tias123@gmail.com','2025-09-26','2025-10-01','Lunas','https://checkout.xendit.co/web/68d601cac01f3ebbb3a74618',NULL,NULL,'68d601cac01f3ebbb3a74618','Jelantik/ftth/TiasSuherni/Oktober-2025/Waringin/211',166500.00,'2025-10-04 20:26:35',0,'2025-09-26 10:00:25','2025-10-05 10:28:21',NULL),(212,'INV-20250926-C3CD6E',81,'WRG-B8-1-Inez','JELANTIK',231990.00,'085173240505','inezadwip@gmail.com','2025-09-26','2025-10-01','Lunas','https://checkout.xendit.co/web/68d601ca07391cd5cc89c807',NULL,NULL,'68d601ca07391cd5cc89c807','Jelantik/ftth/Inez/Oktober-2025/Waringin/212',231990.00,'2025-09-30 16:31:22',0,'2025-09-26 10:00:26','2025-10-01 06:31:23',NULL),(213,'INV-20250926-C1C6D4',82,'WRG-B2-3-Febi','JELANTIK',166500.00,'082123277294','bangebot45@gmail.com','2025-09-26','2025-10-01','Lunas','https://checkout.xendit.co/web/68d601ca4013b4443fa275b9',NULL,NULL,'68d601ca4013b4443fa275b9','Jelantik/ftth/Febisulistiyo/Oktober-2025/Waringin/213',166500.00,'2025-10-04 14:43:53',0,'2025-09-26 10:00:26','2025-10-05 04:43:56',NULL),(214,'INV-20250926-1D42B4',83,'WRG-D1-11-Danang','JELANTIK',166500.00,'081280553909','danangindriyanto000@gmail.com','2025-09-26','2025-10-01','Lunas','https://checkout.xendit.co/web/68d601cb60a68bd84fea2720',NULL,NULL,'68d601cb60a68bd84fea2720','Jelantik/ftth/Danangindriyanto/Oktober-2025/Waringin/214',166500.00,'2025-09-26 02:17:38',0,'2025-09-26 10:00:26','2025-09-26 16:17:39',NULL),(215,'INV-20250926-31272E',84,'WRG-A1-8-Siti','JELANTIK',166500.00,'085774252384','fatmawatisiti268@gmail.com','2025-09-26','2025-10-01','Lunas','https://checkout.xendit.co/web/68d601cb60a68bd84fea2728',NULL,NULL,'68d601cb60a68bd84fea2728','Jelantik/ftth/SitiPatmawati/Oktober-2025/Waringin/215',166500.00,'2025-10-05 19:32:35',0,'2025-09-26 10:00:27','2025-10-06 09:33:55',NULL),(216,'INV-20250926-75A834',85,'WRG-A4-18-Suardi','JELANTIK',166500.00,'081541382602','ardivanhouten2@gmail.com','2025-09-26','2025-10-01','Lunas','https://checkout.xendit.co/web/68d601cb60a68bd84fea2730',NULL,NULL,'68d601cb60a68bd84fea2730','Jelantik/ftth/Suardi/Oktober-2025/Waringin/216',166500.00,'2025-10-01 22:17:42',0,'2025-09-26 10:00:27','2025-10-02 12:17:44',NULL),(217,'INV-20250926-F1BC7A',86,'WRG-B6-13-Romi','JELANTIK',166500.00,'08531331470','romiisnanto802@gmail.com','2025-09-26','2025-10-01','Lunas','https://checkout.xendit.co/web/68d601cc0867127f90e60492',NULL,NULL,'68d601cc0867127f90e60492','Jelantik/ftth/RomiIsnanto/Oktober-2025/Waringin/217',166500.00,'2025-09-30 23:44:17',0,'2025-09-26 10:00:27','2025-10-01 13:44:34',NULL),(218,'INV-20250926-45B457',87,'WRG-B6-07-Ferrent','JELANTIK',166500.00,'081311434005','priyoriyadi20@gmail.co.id','2025-09-26','2025-10-01','Lunas','https://checkout.xendit.co/web/68d601cc07391cd5cc89c84e',NULL,NULL,'68d601cc07391cd5cc89c84e','Jelantik/ftth/FerrentDyahWidyawati/Oktober-2025/Waringin/218',166500.00,'2025-09-25 21:04:24',0,'2025-09-26 10:00:28','2025-09-26 11:04:26',NULL),(219,'INV-20250926-1BE63B',88,'WRG-B1-9-Anisa','JELANTIK',166500.00,'081937123119','anisafatimah0768@gmail.com','2025-09-26','2025-10-01','Kadaluarsa','https://checkout.xendit.co/web/68d601cc60a68bd84fea2754',NULL,NULL,'68d601cc60a68bd84fea2754','Jelantik/ftth/AnisaFatimah/Oktober-2025/Waringin/219',NULL,NULL,0,'2025-09-26 10:00:28','2025-10-05 00:16:44',NULL),(220,'INV-20250926-1BF3C5',89,'WRG-D1-8-Fani','JELANTIK',166500.00,'089676199496','sririzkifani34@gmail.com','2025-09-26','2025-10-01','Kadaluarsa','https://checkout.xendit.co/web/68d601cd4013b4443fa275e4',NULL,NULL,'68d601cd4013b4443fa275e4','Jelantik/ftth/FaniSriRizki/Oktober-2025/Waringin/220',NULL,NULL,0,'2025-09-26 10:00:28','2025-10-05 00:16:44',NULL),(221,'INV-20250926-E703E2',90,'WRG-C1-08-Sidik','JELANTIK',231990.00,'081222547687','muhammadsidik124@gmail.com','2025-09-26','2025-10-01','Lunas','https://checkout.xendit.co/web/68d601cdc01f3ebbb3a7465d',NULL,NULL,'68d601cdc01f3ebbb3a7465d','Jelantik/ftth/MuhammadSidik/Oktober-2025/Waringin/221',231990.00,'2025-09-28 16:00:45',0,'2025-09-26 10:00:29','2025-09-29 06:00:46',NULL),(222,'INV-20250926-26BA9C',91,'WRG-D2-02-Wiwin','JELANTIK',166500.00,'081282326963','wiwin123@gmail.com','2025-09-26','2025-10-01','Lunas','https://checkout.xendit.co/web/68d601cd07391cd5cc89c879',NULL,NULL,'68d601cd07391cd5cc89c879','Jelantik/ftth/Wiwin/Oktober-2025/Waringin/222',166500.00,'2025-10-04 21:16:24',0,'2025-09-26 10:00:29','2025-10-05 11:16:26',NULL),(223,'INV-20250926-D8F62E',92,'WRG-A4-4-Maulani','JELANTIK',166500.00,'082258230116','maulaniirfan700@gmail.com','2025-09-26','2025-10-01','Lunas','https://checkout.xendit.co/web/68d601ce0867127f90e604c8',NULL,NULL,'68d601ce0867127f90e604c8','Jelantik/ftth/MaulaniIrfan/Oktober-2025/Waringin/223',166500.00,'2025-09-25 21:12:10',0,'2025-09-26 10:00:30','2025-09-26 11:12:13',NULL),(224,'INV-20250926-790728',93,'WRG-D6-18-Agus','JELANTIK',166500.00,'087871477685','ieiezawa11@gmail.com','2025-09-26','2025-10-01','Lunas','https://checkout.xendit.co/web/68d601ce07391cd5cc89c890',NULL,NULL,'68d601ce07391cd5cc89c890','Jelantik/ftth/AgusAliDikri/Oktober-2025/Waringin/224',166500.00,'2025-09-26 17:58:53',0,'2025-09-26 10:00:30','2025-09-27 07:58:54',NULL),(225,'INV-20250926-356CF7',94,'WRG-B5-10-Solihah','JELANTIK',231990.00,'081292435330','eli770225@gmail.com','2025-09-26','2025-10-01','Lunas','https://checkout.xendit.co/web/68d601cec01f3ebbb3a74688',NULL,NULL,'68d601cec01f3ebbb3a74688','Jelantik/ftth/EliSolihah/Oktober-2025/Waringin/225',231990.00,'2025-10-05 06:01:01',0,'2025-09-26 10:00:30','2025-10-05 20:01:02',NULL),(226,'INV-20250926-ED355F',95,'WRG-C2-5-Yeni','JELANTIK',166500.00,'089520309369','yf2210213@gmail.com','2025-09-26','2025-10-01','Lunas','https://checkout.xendit.co/web/68d601cf0867127f90e604e4',NULL,NULL,'68d601cf0867127f90e604e4','Jelantik/ftth/Yenifarida/Oktober-2025/Waringin/226',166500.00,'2025-09-29 17:42:35',0,'2025-09-26 10:00:31','2025-09-30 07:42:37',NULL),(227,'INV-20250926-48019A',96,'WRG-D5-13-Siti','JELANTIK',231990.00,'085281174306','fahrie14082012@gmail.com','2025-09-26','2025-10-01','Lunas','https://checkout.xendit.co/web/68d601cfc01f3ebbb3a7469a',NULL,NULL,'68d601cfc01f3ebbb3a7469a','Jelantik/ftth/SitiFatimah/Oktober-2025/Waringin/227',231990.00,'2025-10-04 18:55:52',0,'2025-09-26 10:00:31','2025-10-05 08:57:27',NULL),(228,'INV-20250926-8633C4',97,'WRG-D7-3-Didi','JELANTIK',166500.00,'088809189020','didisuyanto56@gmail.com','2025-09-26','2025-10-01','Kadaluarsa','https://checkout.xendit.co/web/68d601d060a68bd84fea27bf',NULL,NULL,'68d601d060a68bd84fea27bf','Jelantik/ftth/DidiSuyanto/Oktober-2025/Waringin/228',NULL,NULL,0,'2025-09-26 10:00:31','2025-10-05 00:16:45',NULL),(229,'INV-20250926-9CEDDE',98,'WRG-D7-14-Nofan','JELANTIK',166500.00,'085930065514','nophenks78@gmail.com','2025-09-26','2025-10-01','Lunas','https://checkout.xendit.co/web/68d601d0c01f3ebbb3a746ac',NULL,NULL,'68d601d0c01f3ebbb3a746ac','Jelantik/ftth/NofanAndriyansyah/Oktober-2025/Waringin/229',166500.00,'2025-10-05 17:23:33',0,'2025-09-26 10:00:32','2025-10-06 07:23:43',NULL),(230,'INV-20250926-2DF9C2',99,'WRG-B3-18-Fiki','JELANTIK',231990.00,'085281911052','fikifikramullah@gmail.com','2025-09-26','2025-10-01','Kadaluarsa','https://checkout.xendit.co/web/68d601d060a68bd84fea27c8',NULL,NULL,'68d601d060a68bd84fea27c8','Jelantik/ftth/FikiFikramullah/Oktober-2025/Waringin/230',NULL,NULL,0,'2025-09-26 10:00:32','2025-10-05 00:16:45',NULL),(231,'INV-20250926-74F350',100,'WRG-D4-10-Puput','JELANTIK',166500.00,'082258491231','puputsaputri2802@gmail.com','2025-09-26','2025-10-01','Lunas','https://checkout.xendit.co/web/68d601d14013b4443fa2762c',NULL,NULL,'68d601d14013b4443fa2762c','Jelantik/ftth/PuputSaputri/Oktober-2025/Waringin/231',166500.00,'2025-10-04 05:26:07',0,'2025-09-26 10:00:32','2025-10-04 19:26:14',NULL),(232,'INV-20250926-8D1028',101,'WRG-D1-13-Eri','JELANTIK',166500.00,'089502429103','erimelani226@gmail.com','2025-09-26','2025-10-01','Lunas','https://checkout.xendit.co/web/68d601d160a68bd84fea27e0',NULL,NULL,'68d601d160a68bd84fea27e0','Jelantik/ftth/EriMelani/Oktober-2025/Waringin/232',166500.00,'2025-10-04 10:21:28',0,'2025-09-26 10:00:33','2025-10-05 00:21:31',NULL),(233,'INV-20250926-4F5BC5',102,'WRG-A4-17-Alfa','JELANTIK',231990.00,'088293418971','alfam8595@gmail.com','2025-09-26','2025-10-01','Lunas','https://checkout.xendit.co/web/68d601d28f3b6222f62e0786',NULL,NULL,'68d601d28f3b6222f62e0786','Jelantik/ftth/AlfaMaulana/Oktober-2025/Waringin/233',231990.00,'2025-10-04 11:38:57',0,'2025-09-26 10:00:34','2025-10-05 01:39:05',NULL),(234,'INV-20250926-A868D6',103,'WRG-D5-19-Fitra','JELANTIK',166500.00,'085891648272','fitraaht220@gmail.com','2025-09-26','2025-10-01','Lunas','https://checkout.xendit.co/web/68d601d260a68bd84fea2801',NULL,NULL,'68d601d260a68bd84fea2801','Jelantik/ftth/MohFitraRamdan/Oktober-2025/Waringin/234',166500.00,'2025-10-02 07:34:20',0,'2025-09-26 10:00:34','2025-10-02 21:34:22',NULL),(235,'INV-20250926-2D3058',106,'WRG-A2-12-Firman','JELANTIK',166500.00,'08983897747','firmanadesaputra798@gmail.com','2025-09-26','2025-10-01','Lunas','https://checkout.xendit.co/web/68d601d2c01f3ebbb3a746de',NULL,NULL,'68d601d2c01f3ebbb3a746de','Jelantik/ftth/FirmanAdeSaputra/Oktober-2025/Waringin/235',166500.00,'2025-09-26 16:22:27',0,'2025-09-26 10:00:34','2025-09-27 06:22:45',NULL),(236,'INV-20250926-0A2914',107,'WRG-D6-16-Risna','JELANTIK',276390.00,'082246784428','octavianirisna1991@gmail.com','2025-09-26','2025-10-01','Lunas','https://checkout.xendit.co/web/68d601d38f3b6222f62e0797',NULL,NULL,'68d601d38f3b6222f62e0797','Jelantik/ftth/RisnaOctaviani/Oktober-2025/Waringin/236',276390.00,'2025-09-27 17:15:01',0,'2025-09-26 10:00:35','2025-09-28 07:15:09',NULL),(237,'INV-20250926-183386',108,'WRG-A8-14-Nugraha','JELANTIK',166500.00,'085200335007','handy.cahya.nugraha@gmail.com','2025-09-26','2025-10-01','Lunas','https://checkout.xendit.co/web/68d601d34013b4443fa27650',NULL,NULL,'68d601d34013b4443fa27650','Jelantik/ftth/HandyCahyaNugraha/Oktober-2025/Waringin/237',166500.00,'2025-09-30 16:20:44',0,'2025-09-26 10:00:35','2025-10-01 06:20:47',NULL),(238,'INV-20250926-2286C2',110,'WRG-B3-16-Triana','JELANTIK',166500.00,'082262001336','sibungsu3399@gmail.com','2025-09-26','2025-10-01','Lunas','https://checkout.xendit.co/web/68d601d34013b4443fa2765b',NULL,NULL,'68d601d34013b4443fa2765b','Jelantik/ftth/SatyaTriana/Oktober-2025/Waringin/238',166500.00,'2025-10-01 23:00:03',0,'2025-09-26 10:00:35','2025-10-02 13:00:43',NULL),(239,'INV-20250926-5D5D84',113,'NGR-TWR2-1412-Irma','JELANTIK NAGRAK',150000.00,'085779120414','irmanuraprilia06@gmail.com','2025-09-26','2025-10-01','Lunas','https://checkout.xendit.co/web/68d601d460a68bd84fea282d',NULL,NULL,'68d601d460a68bd84fea282d','Nagrak/ftth/Irma/Oktober-2025/Rusun/239',150000.00,'2025-10-02 01:03:32',0,'2025-09-26 10:00:36','2025-10-02 15:03:36',NULL),(240,'INV-20250926-BA062A',114,'WRG-B2-05-Deshi','JELANTIK',231990.00,'081903598959','deshylestari116@gmail.com','2025-09-26','2025-10-01','Lunas','https://checkout.xendit.co/web/68d601d40867127f90e60568',NULL,NULL,'68d601d40867127f90e60568','Jelantik/ftth/DESHIELSTARI/Oktober-2025/Waringin/240',231990.00,'2025-09-30 04:05:23',0,'2025-09-26 10:00:36','2025-09-30 18:05:24',NULL),(241,'INV-20250926-708BCC',115,'WRG-B5-24-Agus','JELANTIK',166500.00,'08970495292','shafakhalisa39@gmail.com','2025-09-26','2025-10-01','Lunas','https://checkout.xendit.co/web/68d601d5c01f3ebbb3a74702',NULL,NULL,'68d601d5c01f3ebbb3a74702','Jelantik/ftth/AGUSSRIANI/Oktober-2025/Waringin/241',166500.00,'2025-10-02 19:49:59',0,'2025-09-26 10:00:36','2025-10-03 09:51:01',NULL),(242,'INV-20250926-9FE933',116,'WRG-B4-15-Mila','JELANTIK',166500.00,'087711916212','milaebod@gmail.com','2025-09-26','2025-10-01','Lunas','https://checkout.xendit.co/web/68d601d54013b4443fa27682',NULL,NULL,'68d601d54013b4443fa27682','Jelantik/ftth/MilaMuftari/Oktober-2025/Waringin/242',166500.00,'2025-09-30 05:31:12',0,'2025-09-26 10:00:37','2025-09-30 19:32:21',NULL),(243,'INV-20250926-26786F',117,'WRG-D7-21-Panji','JELANTIK',166500.00,'082128700705','karuniaindrianipanji16@gmail.com','2025-09-26','2025-10-01','Lunas','https://checkout.xendit.co/web/68d601d5c01f3ebbb3a74711',NULL,NULL,'68d601d5c01f3ebbb3a74711','Jelantik/ftth/KaruniaIndrianiPanji/Oktober-2025/Waringin/243',166500.00,'2025-09-25 20:29:11',0,'2025-09-26 10:00:37','2025-09-26 10:29:18',NULL),(244,'INV-20250926-382359',118,'NRG-TWR1-908-Jamin','JELANTIK NAGRAK',150000.00,'083109749459','nina123@gmail.com','2025-09-26','2025-10-01','Kadaluarsa','https://checkout.xendit.co/web/68d601d64013b4443fa27697',NULL,NULL,'68d601d64013b4443fa27697','Nagrak/ftth/Jamini/Oktober-2025/Rusun/244',NULL,NULL,0,'2025-09-26 10:00:37','2025-10-05 00:16:46',NULL),(245,'INV-20250926-4F9F7E',119,'WRG-D7-23-Reza','JELANTIK',166500.00,'081313875173','waluyaeza@gmail.com','2025-09-26','2025-10-01','Lunas','https://checkout.xendit.co/web/68d601d660a68bd84fea2861',NULL,NULL,'68d601d660a68bd84fea2861','Jelantik/ftth/MuhammadRezaWaluya/Oktober-2025/Waringin/245',166500.00,'2025-10-02 20:48:24',0,'2025-09-26 10:00:38','2025-10-03 10:48:31',NULL),(246,'INV-20250926-B47FD5',121,'WRG-B5-19-Aris','JELANTIK',231990.00,'08118170102','sulistyantoaris@gmail.com','2025-09-26','2025-10-01','Lunas','https://checkout.xendit.co/web/68d601d607391cd5cc89c922',NULL,NULL,'68d601d607391cd5cc89c922','Jelantik/ftth/ArisSulistyanto/Oktober-2025/Waringin/246',231990.00,'2025-10-04 15:46:39',0,'2025-09-26 10:00:38','2025-10-05 05:46:40',NULL),(247,'INV-20250926-15309A',124,'WRG-D5-09-Soib','JELANTIK',166500.00,'081287649590','muhammadsoib72@gmail.com','2025-09-26','2025-10-01','Lunas','https://checkout.xendit.co/web/68d601d70867127f90e60598',NULL,NULL,'68d601d70867127f90e60598','Jelantik/ftth/MuhammadSoib/Oktober-2025/Waringin/247',166500.00,'2025-09-30 21:17:59',0,'2025-09-26 10:00:38','2025-10-01 11:18:14',NULL),(248,'INV-20250926-2D021E',126,'WRG-B6-17-Aditya','JELANTIK',166500.00,'085774454790','crisaditya2k18@gmail.com','2025-09-26','2025-10-01','Lunas','https://checkout.xendit.co/web/68d601d78f3b6222f62e07f8',NULL,NULL,'68d601d78f3b6222f62e07f8','Jelantik/ftth/AdityaCristiansyah/Oktober-2025/Waringin/248',166500.00,'2025-09-30 19:53:11',0,'2025-09-26 10:00:39','2025-10-01 09:53:12',NULL),(249,'INV-20250926-21ABED',127,'WRG-B6-21-Rudi','JELANTIK',166500.00,'081318771311','rudis8524@gmail.com','2025-09-26','2025-10-01','Lunas','https://checkout.xendit.co/web/68d601d7c01f3ebbb3a74741',NULL,NULL,'68d601d7c01f3ebbb3a74741','Jelantik/ftth/RudiSetiawan/Oktober-2025/Waringin/249',166500.00,'2025-10-01 18:15:10',0,'2025-09-26 10:00:39','2025-10-02 08:15:11',NULL),(250,'INV-20250926-6A4516',128,'WRG-D4-13-Bahri','JELANTIK',166500.00,'089651842410','dewi14nursyamsu@gmail.com','2025-09-26','2025-10-01','Lunas','https://checkout.xendit.co/web/68d601d84013b4443fa276d2',NULL,NULL,'68d601d84013b4443fa276d2','Jelantik/ftth/SAMSULBAHRI/Oktober-2025/Waringin/250',166500.00,'2025-09-29 22:57:29',0,'2025-09-26 10:00:39','2025-09-30 12:57:42',NULL),(251,'INV-20250926-B0B945',131,'PRM-A1-40-Kholifah','JELANTIK',231990.00,'08815691241','kholifahsipur@gmail.com','2025-09-26','2025-10-01','Kadaluarsa','https://checkout.xendit.co/web/68d601d80867127f90e605b2',NULL,NULL,'68d601d80867127f90e605b2','Jelantik/ftth/Kholifah/Oktober-2025/Parama/251',NULL,NULL,0,'2025-09-26 10:00:40','2025-10-05 00:16:46',NULL),(252,'INV-20250926-43C743',134,'PRM-A4-1-Eka','JELANTIK',166500.00,'087782168249','ekanurul0696@gmail.com','2025-09-26','2025-10-01','Lunas','https://checkout.xendit.co/web/68d601d80867127f90e605ba',NULL,NULL,'68d601d80867127f90e605ba','Jelantik/ftth/EkaNurullatim/Oktober-2025/Parama/252',166500.00,'2025-10-01 18:57:51',0,'2025-09-26 10:00:40','2025-10-02 08:58:04',NULL),(253,'INV-20250926-8E45E5',137,'PRM-B3-28-Firman','JELANTIK',166500.00,'081808275320','firmansyah216@gmail.com','2025-09-26','2025-10-01','Lunas','https://checkout.xendit.co/web/68d601d98f3b6222f62e081a',NULL,NULL,'68d601d98f3b6222f62e081a','Jelantik/ftth/Firman/Oktober-2025/Parama/253',166500.00,'2025-10-05 00:25:45',0,'2025-09-26 10:00:41','2025-10-05 14:29:20',NULL),(254,'INV-20250926-16FDB0',138,'PRM-B3-21-Anggi','JELANTIK',166500.00,'085892767215','anggirafsanjani72@gmail.com','2025-09-26','2025-10-01','Lunas','https://checkout.xendit.co/web/68d601d960a68bd84fea28a6',NULL,NULL,'68d601d960a68bd84fea28a6','Jelantik/ftth/AnggiRafsanjani/Oktober-2025/Parama/254',166500.00,'2025-10-04 18:05:08',0,'2025-09-26 10:00:41','2025-10-05 08:05:18',NULL),(255,'INV-20250926-E25316',139,'PRM-B1-12-Jannatan','JELANTIK',166500.00,'081226884076','jantanadji@gmail.com','2025-09-26','2025-10-01','Lunas','https://checkout.xendit.co/web/68d601d98f3b6222f62e0827',NULL,NULL,'68d601d98f3b6222f62e0827','Jelantik/ftth/JannatanSangAdji/Oktober-2025/Parama/255',166500.00,'2025-09-25 20:02:00',0,'2025-09-26 10:00:41','2025-09-26 10:02:07',NULL),(256,'INV-20250926-EB1B92',140,'PRM-B1-14-Jati','JELANTIK',166500.00,'081294332221','satriia.jati@gmail.com','2025-09-26','2025-10-01','Lunas','https://checkout.xendit.co/web/68d601da4013b4443fa27710',NULL,NULL,'68d601da4013b4443fa27710','Jelantik/ftth/JatiSatria/Oktober-2025/Parama/256',166500.00,'2025-10-04 17:15:18',0,'2025-09-26 10:00:41','2025-10-05 07:15:19',NULL),(257,'INV-20250926-6D0D9C',142,'PRM-A4-22-Ivo','JELANTIK',231990.00,'082258045530','choilim097@gmail.com','2025-09-26','2025-10-01','Lunas','https://checkout.xendit.co/web/68d601da0867127f90e605d7',NULL,NULL,'68d601da0867127f90e605d7','Jelantik/ftth/Ivoastriani/Oktober-2025/Parama/257',231990.00,'2025-10-04 18:52:31',0,'2025-09-26 10:00:42','2025-10-05 08:52:32',NULL),(258,'INV-20250926-654AFD',144,'PRM-B4-07-Amirul','JELANTIK',231990.00,'081584061039','amirullkhair@gmail.com','2025-09-26','2025-10-01','Lunas','https://checkout.xendit.co/web/68d601da8f3b6222f62e083e',NULL,NULL,'68d601da8f3b6222f62e083e','Jelantik/ftth/AmirulKhair/Oktober-2025/Parama/258',231990.00,'2025-09-27 05:28:36',0,'2025-09-26 10:00:42','2025-09-27 19:28:38',NULL),(259,'INV-20250926-C8070E',145,'PRM-A1-41-Azizah','JELANTIK',166500.00,'088214592967','pitaazizahh@gmail.com','2025-09-26','2025-10-01','Lunas','https://checkout.xendit.co/web/68d601db60a68bd84fea28b6',NULL,NULL,'68d601db60a68bd84fea28b6','Jelantik/ftth/PitaAzizah/Oktober-2025/Parama/259',166500.00,'2025-10-05 07:25:02',0,'2025-09-26 10:00:43','2025-10-05 21:25:04',NULL),(260,'INV-20250926-89BB2B',146,'PRM-B1-03-Racmat','JELANTIK',166500.00,'085217117129','rachmatirfanto@gmail.com','2025-09-26','2025-10-01','Lunas','https://checkout.xendit.co/web/68d601db4013b4443fa27742',NULL,NULL,'68d601db4013b4443fa27742','Jelantik/ftth/RachmatIrfanto/Oktober-2025/Parama/260',166500.00,'2025-09-25 20:36:04',0,'2025-09-26 10:00:43','2025-09-26 10:36:05',NULL),(261,'INV-20250926-92CB6B',147,'PRM-A1-37-Nasiroh','JELANTIK',166500.00,'085773405773','farahanisa2022@gmail.com','2025-09-26','2025-10-01','Lunas','https://checkout.xendit.co/web/68d601db8f3b6222f62e0859',NULL,NULL,'68d601db8f3b6222f62e0859','Jelantik/ftth/Nasiroh/Oktober-2025/Parama/261',166500.00,'2025-09-30 22:13:21',0,'2025-09-26 10:00:43','2025-10-01 12:13:25',NULL),(262,'INV-20250926-81C2C5',148,'PRM-A4-07-Ita','JELANTIK',166500.00,'081296466687','diahitha27@gmail.com','2025-09-26','2025-10-01','Lunas','https://checkout.xendit.co/web/68d601dc8f3b6222f62e0865',NULL,NULL,'68d601dc8f3b6222f62e0865','Jelantik/ftth/Ita/Oktober-2025/Parama/262',166500.00,'2025-09-25 21:08:04',0,'2025-09-26 10:00:43','2025-09-26 11:08:14',NULL),(263,'INV-20250926-0ED3F4',149,'PRM-B7-12-Rizki','JELANTIK',166500.00,'085871073093','kicamkiki@gmail.com','2025-09-26','2025-10-01','Lunas','https://checkout.xendit.co/web/68d601dc60a68bd84fea28cb',NULL,NULL,'68d601dc60a68bd84fea28cb','Jelantik/ftth/RizkiAhmadGhifari/Oktober-2025/Parama/263',166500.00,'2025-09-25 21:14:48',0,'2025-09-26 10:00:44','2025-09-26 11:14:49',NULL),(264,'INV-20250926-E5A11C',151,'PRM-B2-1-Nurhasanah','JELANTIK',166500.00,'081276619099','hasanahh.nurr11@gmail.com','2025-09-26','2025-10-01','Lunas','https://checkout.xendit.co/web/68d601dc8f3b6222f62e0882',NULL,NULL,'68d601dc8f3b6222f62e0882','Jelantik/ftth/Nurhasanah/Oktober-2025/Parama/264',166500.00,'2025-09-30 17:41:14',0,'2025-09-26 10:00:44','2025-10-01 07:41:24',NULL),(265,'INV-20250926-5B1265',152,'PRM-B4-9-Hanifah','JELANTIK',166500.00,'083876607396','fahh8935@gmail.com','2025-09-26','2025-10-01','Lunas','https://checkout.xendit.co/web/68d601dd8f3b6222f62e088e',NULL,NULL,'68d601dd8f3b6222f62e088e','Jelantik/ftth/Hanifah/Oktober-2025/Parama/265',166500.00,'2025-09-25 20:01:59',0,'2025-09-26 10:00:45','2025-09-26 10:02:39',NULL),(266,'INV-20250926-ABDBE0',153,'PRM-B10-29-Arsyil','JELANTIK',166500.00,'08886666777','arsyilfajri@gmail.com','2025-09-26','2025-10-01','Lunas','https://checkout.xendit.co/web/68d601dd07391cd5cc89c96b',NULL,NULL,'68d601dd07391cd5cc89c96b','Jelantik/ftth/ArsyilFajri/Oktober-2025/Parama/266',166500.00,'2025-10-05 00:46:24',0,'2025-09-26 10:00:45','2025-10-05 14:46:25',NULL),(267,'INV-20250926-E72A4F',156,'PRM-B5-17-Eni','JELANTIK',166500.00,'087771113527','enigustini111@gmail.com','2025-09-26','2025-10-01','Lunas','https://checkout.xendit.co/web/68d601dd8f3b6222f62e08a7',NULL,NULL,'68d601dd8f3b6222f62e08a7','Jelantik/ftth/EniGustini/Oktober-2025/Parama/267',166500.00,'2025-09-27 00:42:41',0,'2025-09-26 10:00:45','2025-09-27 14:42:54',NULL),(268,'INV-20250926-B85F26',159,'PRM-B6-8-Satria','JELANTIK',231990.00,'081367563949','msatriasaputra@gmail.com','2025-09-26','2025-10-01','Lunas','https://checkout.xendit.co/web/68d601de0867127f90e60636',NULL,NULL,'68d601de0867127f90e60636','Jelantik/ftth/MuhammadSatriaSaputra/Oktober-2025/Parama/268',231990.00,'2025-09-27 11:37:27',0,'2025-09-26 10:00:46','2025-09-28 01:37:33',NULL),(269,'INV-20250926-1C6639',163,'PRM-B6-11-Nur','JELANTIK',166500.00,'081212970720','nuranurafni@gmail.com','2025-09-26','2025-10-01','Lunas','https://checkout.xendit.co/web/68d601de60a68bd84fea28f6',NULL,NULL,'68d601de60a68bd84fea28f6','Jelantik/ftth/NurAfni/Oktober-2025/Parama/269',166500.00,'2025-09-28 04:10:38',0,'2025-09-26 10:00:46','2025-09-28 18:10:41',NULL),(270,'INV-20250926-52CDC9',164,'PRM-B3-20-Dida','JELANTIK',166500.00,'082121419449','didhadwinugraha@gmail.com','2025-09-26','2025-10-01','Kadaluarsa','https://checkout.xendit.co/web/68d601df8f3b6222f62e08c4',NULL,NULL,'68d601df8f3b6222f62e08c4','Jelantik/ftth/DidaDwiNugraha/Oktober-2025/Parama/270',NULL,NULL,0,'2025-09-26 10:00:46','2025-10-05 00:16:47',NULL),(271,'INV-20250926-330AFC',165,'PRM-B6-9-Vidi','JELANTIK',166500.00,'0895412435399','vidi.andany95@gmail.com','2025-09-26','2025-10-01','Lunas','https://checkout.xendit.co/web/68d601df8f3b6222f62e08d4',NULL,NULL,'68d601df8f3b6222f62e08d4','Jelantik/ftth/VidiAndany/Oktober-2025/Parama/271',166500.00,'2025-09-30 17:05:50',0,'2025-09-26 10:00:47','2025-10-01 07:05:53',NULL),(272,'INV-20250926-D1C262',167,'PRM-B2-2-Holid','JELANTIK',166500.00,'085157674439','holidcadek@gmail.com','2025-09-26','2025-10-01','Lunas','https://checkout.xendit.co/web/68d601e00867127f90e6065e',NULL,NULL,'68d601e00867127f90e6065e','Jelantik/ftth/Holid/Oktober-2025/Parama/272',166500.00,'2025-10-01 00:09:39',0,'2025-09-26 10:00:47','2025-10-01 14:09:41',NULL),(273,'INV-20250926-B604FA',168,'PRM-B7-13-Calvin','JELANTIK',231990.00,'085237142424','calvinncornelis@gmail.com','2025-09-26','2025-10-01','Lunas','https://checkout.xendit.co/web/68d601e08f3b6222f62e08e4',NULL,NULL,'68d601e08f3b6222f62e08e4','Jelantik/ftth/CalvinAntonio/Oktober-2025/Parama/273',231990.00,'2025-09-26 08:52:07',0,'2025-09-26 10:00:48','2025-09-26 22:52:09',NULL),(274,'INV-20250926-A93A13',169,'PRM-B6-05-Lala','JELANTIK',166500.00,'087844036776','ahmadrofieldarojat@gmail.com','2025-09-26','2025-10-01','Lunas','https://checkout.xendit.co/web/68d601e060a68bd84fea2917',NULL,NULL,'68d601e060a68bd84fea2917','Jelantik/ftth/LalaZahrotunNazilah/Oktober-2025/Parama/274',166500.00,'2025-10-04 18:43:35',0,'2025-09-26 10:00:48','2025-10-05 08:43:36',NULL),(275,'INV-20250926-EDB985',170,'PRM-B11-22-Habib','JELANTIK',166500.00,'085714791211','habibirsyad99@gmail.com','2025-09-26','2025-10-01','Kadaluarsa','https://checkout.xendit.co/web/68d601e14013b4443fa277dc',NULL,NULL,'68d601e14013b4443fa277dc','Jelantik/ftth/HabibIrsyadZaki/Oktober-2025/Parama/275',NULL,NULL,0,'2025-09-26 10:00:48','2025-10-05 00:18:38',NULL),(276,'INV-20250926-48E608',171,'PRM-B12-5-Aziz','JELANTIK',166500.00,'081282578234','azizhafiz220699@gmail.com','2025-09-26','2025-10-01','Kadaluarsa','https://checkout.xendit.co/web/68d601e1c01f3ebbb3a747e9',NULL,NULL,'68d601e1c01f3ebbb3a747e9','Jelantik/ftth/AzizHafizNasution/Oktober-2025/Parama/276',NULL,NULL,0,'2025-09-26 10:00:49','2025-10-05 00:18:38',NULL),(277,'INV-20250926-BA705F',173,'PRM-B10-18-Hardiansyah','JELANTIK',166500.00,'082297404822','rizkyhard6@gmail.com','2025-09-26','2025-10-01','Lunas','https://checkout.xendit.co/web/68d601e18f3b6222f62e08f9',NULL,NULL,'68d601e18f3b6222f62e08f9','Jelantik/ftth/RizkiHardiansyah/Oktober-2025/Parama/277',166500.00,'2025-09-26 19:12:29',0,'2025-09-26 10:00:49','2025-09-27 09:12:31',NULL),(278,'INV-20250926-BB2608',175,'WRG-A6-8-Somad','JELANTIK',231990.00,'087772868098','somadmesrah123@gmail.com','2025-09-26','2025-10-01','Lunas','https://checkout.xendit.co/web/68d601e10867127f90e60687',NULL,NULL,'68d601e10867127f90e60687','Jelantik/ftth/Somadmesrah/Oktober-2025/Waringin/278',231990.00,'2025-09-30 16:59:36',0,'2025-09-26 10:00:49','2025-10-01 06:59:38',NULL),(279,'INV-20250926-60D056',180,'WRG-B6-9-Dadan','JELANTIK',231990.00,'085773311909','dadan.krw.dn@gmail.com','2025-09-26','2025-10-01','Lunas','https://checkout.xendit.co/web/68d601e24013b4443fa27801',NULL,NULL,'68d601e24013b4443fa27801','Jelantik/ftth/DadanNuryaman/Oktober-2025/Waringin/279',231990.00,'2025-09-25 22:42:06',0,'2025-09-26 10:00:50','2025-09-26 12:42:16',NULL),(280,'INV-20250926-B44E21',186,'WRG-B5-23-Suhendar','JELANTIK',166500.00,'087844090638','muslihahanakhendar@gmail.com','2025-09-26','2025-10-01','Lunas','https://checkout.xendit.co/web/68d601e207391cd5cc89c996',NULL,NULL,'68d601e207391cd5cc89c996','Jelantik/ftth/Suhendar/Oktober-2025/Waringin/280',166500.00,'2025-09-28 06:25:33',0,'2025-09-26 10:00:50','2025-09-28 20:30:45',NULL),(281,'INV-20250926-705D20',189,'NGR-TWR3-0811-niko','JELANTIK NAGRAK',150000.00,'089601738261','nikofalentino95@gmail.com','2025-09-26','2025-10-01','Lunas','https://checkout.xendit.co/web/68d6654c14894d81b31fab46',NULL,NULL,'68d6654c14894d81b31fab46','Nagrak/ftth/NikoFalentino/Oktober-2025/Rusun/281',150000.00,'2025-10-03 21:32:01',0,'2025-09-26 17:05:00','2025-10-04 11:32:18',NULL),(282,'INV-20250926-268B15',190,'NGR-TWR2-Khadijah','JELANTIK NAGRAK',150000.00,'082311837847','rizkyhaikal0408@gmail.com','2025-09-26','2025-10-01','Kadaluarsa','https://checkout.xendit.co/web/68d6654c6ffc7d8cfc6a8134',NULL,NULL,'68d6654c6ffc7d8cfc6a8134','Nagrak/ftth/SitiKhodijah/Oktober-2025/Rusun/282',NULL,NULL,0,'2025-09-26 17:05:00','2025-10-06 17:05:23',NULL),(283,'INV-20250926-F4E989',191,'NGR-TWR3-0904-Rosliati','JELANTIK NAGRAK',150000.00,'085693931377','rosliati1405@gmail.com','2025-09-26','2025-10-01','Lunas','https://checkout.xendit.co/web/68d6654d4013b4443fa9a38a',NULL,NULL,'68d6654d4013b4443fa9a38a','Nagrak/ftth/Ainun/Oktober-2025/Rusun/283',150000.00,'2025-10-04 04:44:19',0,'2025-09-26 17:05:01','2025-10-04 18:44:23',NULL),(284,'INV-20250926-BE6AF3',192,'NGR-TWR2-1013-Ferdi','JELANTIK NAGRAK',150000.00,'0881012979921','ferdirifani22@gmail.com','2025-09-26','2025-10-01','Lunas','https://checkout.xendit.co/web/68d6654d3dd77a6f1a911c08',NULL,NULL,'68d6654d3dd77a6f1a911c08','Nagrak/ftth/FerdiRifani/Oktober-2025/Rusun/284',150000.00,'2025-09-30 04:53:18',0,'2025-09-26 17:05:01','2025-09-30 18:53:26',NULL),(285,'INV-20250926-F8CDC6',193,'NGR-TWR1-1511-Rani','JELANTIK NAGRAK',150000.00,'0895401368212','anggaseptianto600@gmail.com','2025-09-26','2025-10-01','Lunas','https://checkout.xendit.co/web/68d6654e5c819cb276474334',NULL,NULL,'68d6654e5c819cb276474334','Nagrak/ftth/RaniSurya/Oktober-2025/Rusun/285',150000.00,'2025-10-05 07:30:39',0,'2025-09-26 17:05:01','2025-10-05 21:31:22',NULL),(286,'INV-20250926-DFCBD8',194,'NGR-TWR3-99-EFFY','JELANTIK NAGRAK',150000.00,'081282019196','effymarcelina@gmail.com','2025-09-26','2025-10-01','Lunas','https://checkout.xendit.co/web/68d6654e14894d81b31fab73',NULL,NULL,'68d6654e14894d81b31fab73','Nagrak/ftth/Effy/Oktober-2025/Rusun/286',150000.00,'2025-10-05 16:01:03',0,'2025-09-26 17:05:02','2025-10-06 06:01:11',NULL),(287,'INV-20250926-CA42B8',195,'NGR-TWR3-3912-Erna','JELANTIK NAGRAK',150000.00,'0895326152761','erna@gmail.com','2025-09-26','2025-10-01','Kadaluarsa','https://checkout.xendit.co/web/68d6654e14894d81b31fab7f',NULL,NULL,'68d6654e14894d81b31fab7f','Nagrak/ftth/ErnaZea/Oktober-2025/Rusun/287',NULL,NULL,0,'2025-09-26 17:05:02','2025-10-06 17:05:24',NULL),(288,'INV-20250926-A14FFF',196,'NGR-TWR1-602-Mulyanil','JELANTIK NAGRAK',150000.00,'089644546578','mulyanisby308@gmail.com','2025-09-26','2025-10-01','Lunas','https://checkout.xendit.co/web/68d6654f3dd77a6f1a911c2e',NULL,NULL,'68d6654f3dd77a6f1a911c2e','Nagrak/ftth/Mulyani/Oktober-2025/Rusun/288',150000.00,'2025-09-29 21:46:46',0,'2025-09-26 17:05:02','2025-09-30 11:46:52',NULL),(289,'INV-20250926-D7CCFD',197,'NGR-TWR1-606-Riyani','JELANTIK NAGRAK',150000.00,'085959602180','prudentialtriyani@gmail.com','2025-09-26','2025-10-01','Kadaluarsa','https://checkout.xendit.co/web/68d6654f3dd77a6f1a911c3a',NULL,NULL,'68d6654f3dd77a6f1a911c3a','Nagrak/ftth/Riyani/Oktober-2025/Rusun/289',NULL,NULL,0,'2025-09-26 17:05:03','2025-10-05 00:18:39',NULL),(290,'INV-20250926-591E06',198,'NGR-TWR3-812-Indarto','JELANTIK NAGRAK',150000.00,'083872088473','indartodarti@gmail.com','2025-09-26','2025-10-01','Lunas','https://checkout.xendit.co/web/68d6654f14894d81b31faba6',NULL,NULL,'68d6654f14894d81b31faba6','Nagrak/ftth/Indarto/Oktober-2025/Rusun/290',150000.00,'2025-09-28 04:48:57',0,'2025-09-26 17:05:03','2025-09-28 18:49:00',NULL),(291,'INV-20250926-AD5544',199,'NGR-TWR3-1010-Achmad','JELANTIK NAGRAK',220890.00,'081315433163','evarusdiyanti50@gmail.com','2025-09-26','2025-10-01','Lunas','https://checkout.xendit.co/web/68d665505c819cb27647435c',NULL,NULL,'68d665505c819cb27647435c','Nagrak/ftth/AchmadZaini/Oktober-2025/Rusun/291',220890.00,'2025-10-01 20:36:08',0,'2025-09-26 17:05:03','2025-10-02 10:36:20',NULL),(292,'INV-20250926-3313A1',200,'NGR-TWR3-801-Heppi ','JELANTIK NAGRAK',150000.00,'087884540062','heppits01@gmail.com','2025-09-26','2025-10-01','Lunas','https://checkout.xendit.co/web/68d6655014894d81b31fabbe',NULL,NULL,'68d6655014894d81b31fabbe','Nagrak/ftth/HeppiTriSulistyo/Oktober-2025/Rusun/292',150000.00,'2025-09-26 16:25:30',0,'2025-09-26 17:05:04','2025-09-27 06:26:02',NULL),(293,'INV-20250926-5D8326',201,'NGR-TWR2-910-Jubaidah','JELANTIK NAGRAK',150000.00,'085281131056','jubaidah7253@gmail.com','2025-09-26','2025-10-01','Lunas','https://checkout.xendit.co/web/68d665503dd77a6f1a911c5d',NULL,NULL,'68d665503dd77a6f1a911c5d','Nagrak/ftth/Jubaidah/Oktober-2025/Rusun/293',150000.00,'2025-10-04 23:16:32',0,'2025-09-26 17:05:04','2025-10-05 13:16:33',NULL),(294,'INV-20250926-BB62F4',202,'NGR-TWR3-1004-Rizki','JELANTIK NAGRAK',248640.00,'087788775107','rizky123@gmail.com','2025-09-26','2025-10-01','Kadaluarsa','https://checkout.xendit.co/web/68d665514013b4443fa9a3f9',NULL,NULL,'68d665514013b4443fa9a3f9','Nagrak/ftth/Rizki/Oktober-2025/Rusun/294',NULL,NULL,0,'2025-09-26 17:05:04','2025-10-06 17:05:22',NULL),(295,'INV-20250926-DE0392',203,'NGR-TWR1-614-Andri','JELANTIK NAGRAK',150000.00,'08979190238','alvianbulbul@gmail.com','2025-09-26','2025-10-01','Kadaluarsa','https://checkout.xendit.co/web/68d665516ffc7d8cfc6a81c7',NULL,NULL,'68d665516ffc7d8cfc6a81c7','Nagrak/ftth/Andri/Oktober-2025/Rusun/295',NULL,NULL,0,'2025-09-26 17:05:05','2025-10-06 17:05:23',NULL),(296,'INV-20250926-F45EE8',204,'NGR-TWR3-807-Abdul','JELANTIK NAGRAK',150000.00,'085711360350','slaluberbuatbaik@gmail.com','2025-09-26','2025-10-01','Lunas','https://checkout.xendit.co/web/68d665516ffc7d8cfc6a81d9',NULL,NULL,'68d665516ffc7d8cfc6a81d9','Nagrak/ftth/AbdulManan/Oktober-2025/Rusun/296',150000.00,'2025-09-30 05:55:03',0,'2025-09-26 17:05:05','2025-09-30 19:55:22',NULL),(297,'INV-20250926-E980C7',205,'NGR-TWR2-1512-Wulan','JELANTIK NAGRAK',150000.00,'087777608008','wulannovi388@gmail.com','2025-09-26','2025-10-01','Kadaluarsa','https://checkout.xendit.co/web/68d665526ffc7d8cfc6a81e7',NULL,NULL,'68d665526ffc7d8cfc6a81e7','Nagrak/ftth/Wulan/Oktober-2025/Rusun/297',NULL,NULL,0,'2025-09-26 17:05:05','2025-10-06 17:05:23',NULL),(298,'INV-20250926-05046A',206,'NGR-TWR1-1014-Rita','JELANTIK NAGRAK',150000.00,'08881451087','ritanovitas94@gmail.com','2025-09-26','2025-10-01','Lunas','https://checkout.xendit.co/web/68d665523dd77a6f1a911c8d',NULL,NULL,'68d665523dd77a6f1a911c8d','Nagrak/ftth/RitaNovitaSari/Oktober-2025/Rusun/298',150000.00,'2025-10-05 01:05:39',0,'2025-09-26 17:05:06','2025-10-05 15:05:42',NULL),(299,'INV-20250926-560052',207,'NGR-TWR2-1211-Ayu','JELANTIK NAGRAK',150000.00,'081283186546','aoktaviani112@gmail.com','2025-09-26','2025-10-01','Lunas','https://checkout.xendit.co/web/68d665523dd77a6f1a911c99',NULL,NULL,'68d665523dd77a6f1a911c99','Nagrak/ftth/AyuOktaviani/Oktober-2025/Rusun/299',150000.00,'2025-10-06 02:17:06',0,'2025-09-26 17:05:06','2025-10-06 16:17:09',NULL),(300,'INV-20250926-CFFA8C',208,'NGR-TWR1-149-Alwani','JELANTIK NAGRAK',150000.00,'082123683598','kadeklissa@gmail.com','2025-09-26','2025-10-01','Lunas','https://checkout.xendit.co/web/68d6655314894d81b31fac0a',NULL,NULL,'68d6655314894d81b31fac0a','Nagrak/ftth/Alwani/Oktober-2025/Rusun/300',150000.00,'2025-10-01 06:34:24',0,'2025-09-26 17:05:06','2025-10-01 20:34:26',NULL),(301,'INV-20250926-A30DB6',209,'NGR-TWR3-307- Diana','JELANTIK NAGRAK',150000.00,'08388705489','asmi1094@gmail.com','2025-09-26','2025-10-01','Lunas','https://checkout.xendit.co/web/68d665534013b4443fa9a447',NULL,NULL,'68d665534013b4443fa9a447','Nagrak/ftth/Diana/Oktober-2025/Rusun/301',150000.00,'2025-10-04 21:33:27',0,'2025-09-26 17:05:07','2025-10-05 11:33:28',NULL),(302,'INV-20250926-34AFED',210,'NGR-TWR3-610-Suherpi','JELANTIK NAGRAK',150000.00,'081213383330','suherpi333@gmail.com','2025-09-26','2025-10-01','Lunas','https://checkout.xendit.co/web/68d665535c819cb27647438d',NULL,NULL,'68d665535c819cb27647438d','Nagrak/ftth/Suherpi/Oktober-2025/Rusun/302',150000.00,'2025-10-02 05:43:06',0,'2025-09-26 17:05:07','2025-10-02 19:43:07',NULL),(303,'INV-20250926-697D97',211,'NGR-TWR3-810-Opik','JELANTIK NAGRAK',150000.00,'081221612775','opik1234@gmail.com','2025-09-26','2025-10-01','Lunas','https://checkout.xendit.co/web/68d66553197d210f36a079d0',NULL,NULL,'68d66553197d210f36a079d0','Nagrak/ftth/Opik/Oktober-2025/Rusun/303',150000.00,'2025-10-04 19:56:06',0,'2025-09-26 17:05:07','2025-10-05 09:56:10',NULL),(304,'INV-20250926-F94122',212,'NGR-TWR2-1112-Nur','JELANTIK NAGRAK',150000.00,'088801382730','nur123456@gmail.com','2025-09-26','2025-10-01','Lunas','https://checkout.xendit.co/web/68d665546ffc7d8cfc6a822d',NULL,NULL,'68d665546ffc7d8cfc6a822d','Nagrak/ftth/muhammadnur/Oktober-2025/Rusun/304',150000.00,'2025-10-02 05:16:36',0,'2025-09-26 17:05:08','2025-10-02 19:16:39',NULL),(305,'INV-20250926-7BFD1F',213,'NGR-TWR2-1505-Rochaeni','JELANTIK NAGRAK',150000.00,'0895619612172','weniw740@gmail.com','2025-09-26','2025-10-01','Kadaluarsa','https://checkout.xendit.co/web/68d665544013b4443fa9a476',NULL,NULL,'68d665544013b4443fa9a476','Nagrak/ftth/Rochaeni/Oktober-2025/Rusun/305',NULL,NULL,0,'2025-09-26 17:05:08','2025-10-06 17:05:23',NULL),(306,'INV-20250926-646C19',214,'NGR-TWR2-1210-Akbar','JELANTIK NAGRAK',150000.00,'085959328424','ra5392322@gmail.com','2025-09-26','2025-10-01','Lunas','https://checkout.xendit.co/web/68d665554013b4443fa9a481',NULL,NULL,'68d665554013b4443fa9a481','Nagrak/ftth/Akbar/Oktober-2025/Rusun/306',150000.00,'2025-10-01 23:02:03',0,'2025-09-26 17:05:08','2025-10-02 13:08:29',NULL),(307,'INV-20250926-CABBCE',215,'NGR-TWR-7706- Maulana','JELANTIK NAGRAK',150000.00,'081381480453','dermaestro0@gmail.com','2025-09-26','2025-10-01','Lunas','https://checkout.xendit.co/web/68d665555c819cb27647439d',NULL,NULL,'68d665555c819cb27647439d','Nagrak/ftth/KakaMaulana/Oktober-2025/Rusun/307',150000.00,'2025-09-30 04:12:40',0,'2025-09-26 17:05:09','2025-09-30 18:12:41',NULL),(308,'INV-20250926-DD08AC',216,'NGR-TWR2-705-Rahmatudin','JELANTIK NAGRAK',150000.00,'087887149137','rahmat123@gmail.com','2025-09-26','2025-10-01','Lunas','https://checkout.xendit.co/web/68d665556ffc7d8cfc6a8258',NULL,NULL,'68d665556ffc7d8cfc6a8258','Nagrak/ftth/Rahmatudin/Oktober-2025/Rusun/308',150000.00,'2025-09-28 01:56:37',0,'2025-09-26 17:05:09','2025-09-28 15:56:40',NULL),(309,'INV-20250926-EC3EB1',217,'NGR-TWR2-1204-Sefianty','JELANTIK NAGRAK',150000.00,'081288300058','vanilove74@gmail.com','2025-09-26','2025-10-01','Lunas','https://checkout.xendit.co/web/68d6655614894d81b31fac5a',NULL,NULL,'68d6655614894d81b31fac5a','Nagrak/ftth/Sefianty/Oktober-2025/Rusun/309',150000.00,'2025-10-04 23:18:48',0,'2025-09-26 17:05:09','2025-10-05 13:18:58',NULL),(310,'INV-20250926-397C00',218,'NGR-TWR3-1006-juju','JELANTIK NAGRAK',150000.00,'08811789877','juju.gdt75@gmail.com','2025-09-26','2025-10-01','Lunas','https://checkout.xendit.co/web/68d6655614894d81b31fac5f',NULL,NULL,'68d6655614894d81b31fac5f','Nagrak/ftth/Jujujuwariah/Oktober-2025/Rusun/310',150000.00,'2025-10-05 08:17:41',0,'2025-09-26 17:05:10','2025-10-05 22:17:53',NULL),(311,'INV-20250926-F3DEDD',219,'NGR-TWR3-612-desta','JELANTIK NAGRAK',150000.00,'081298646097','damalia405@gmail.com','2025-09-26','2025-10-01','Lunas','https://checkout.xendit.co/web/68d66556197d210f36a079e8',NULL,NULL,'68d66556197d210f36a079e8','Nagrak/ftth/DestaRizkiAmalia/Oktober-2025/Rusun/311',150000.00,'2025-09-28 20:56:41',0,'2025-09-26 17:05:10','2025-09-29 10:56:44',NULL),(312,'INV-20250926-E37FCE',220,'NGR-TWR3-1110-maiti','JELANTIK NAGRAK',150000.00,'082122839704','sitikayla425@gmail.com','2025-09-26','2025-10-01','Lunas','https://checkout.xendit.co/web/68d665576ffc7d8cfc6a8281',NULL,NULL,'68d665576ffc7d8cfc6a8281','Nagrak/ftth/Maiti/Oktober-2025/Rusun/312',150000.00,'2025-10-05 03:24:38',0,'2025-09-26 17:05:10','2025-10-05 17:24:40',NULL),(313,'INV-20250926-65F783',221,'NGR-TWR1-1112-resmia','JELANTIK NAGRAK',150000.00,'085939564111','resmiadamayanthi19@gmail.com','2025-09-26','2025-10-01','Lunas','https://checkout.xendit.co/web/68d665576ffc7d8cfc6a8287',NULL,NULL,'68d665576ffc7d8cfc6a8287','Nagrak/ftth/ResmiaDamayanthi/Oktober-2025/Rusun/313',150000.00,'2025-10-05 18:33:09',0,'2025-09-26 17:05:11','2025-10-06 08:33:10',NULL),(314,'INV-20250926-40E278',222,'NGR-TWR2-905-Mulyani','JELANTIK NAGRAK',150000.00,'089502412599','ckanplay@gmail.com','2025-09-26','2025-10-01','Lunas','https://checkout.xendit.co/web/68d665573dd77a6f1a911d08',NULL,NULL,'68d665573dd77a6f1a911d08','Nagrak/ftth/SriMulyani/Oktober-2025/Rusun/314',150000.00,'2025-10-04 10:25:13',0,'2025-09-26 17:05:11','2025-10-05 00:25:16',NULL),(315,'INV-20250926-6A90E7',223,'NGR-TWR3-411-Rahman','JELANTIK NAGRAK',150000.00,'083870828012','bangkoka119@gmail.com','2025-09-26','2025-10-01','Lunas','https://checkout.xendit.co/web/68d66558197d210f36a079f7',NULL,NULL,'68d66558197d210f36a079f7','Nagrak/ftth/RahmanEdy/Oktober-2025/Rusun/315',150000.00,'2025-10-01 06:36:43',0,'2025-09-26 17:05:11','2025-10-01 20:36:45',NULL),(316,'INV-20250926-1BDB32',224,'NGR-TWR3-1106-Hayati','JELANTIK NAGRAK',150000.00,'081770269831','rievan785@gmail.com','2025-09-26','2025-10-01','Lunas','https://checkout.xendit.co/web/68d665584013b4443fa9a4f9',NULL,NULL,'68d665584013b4443fa9a4f9','Nagrak/ftth/Hayati/Oktober-2025/Rusun/316',150000.00,'2025-10-04 21:35:06',0,'2025-09-26 17:05:12','2025-10-05 11:35:07',NULL),(317,'INV-20250926-AEE7FD',225,'NGR-TWR3-13-samudra','JELANTIK NAGRAK',150000.00,'089526581496','tonidimas191@gmail.com','2025-09-26','2025-10-01','Kadaluarsa','https://checkout.xendit.co/web/68d6655814894d81b31fac93',NULL,NULL,'68d6655814894d81b31fac93','Nagrak/ftth/Samudra/Oktober-2025/Rusun/317',NULL,NULL,0,'2025-09-26 17:05:12','2025-10-05 00:18:40',NULL),(318,'INV-20250926-1F57A0',226,'NGR-TWR2-909-Nella','JELANTIK NAGRAK',150000.00,'088289141290','nellasayuda059@gmail.com','2025-09-26','2025-10-01','Lunas','https://checkout.xendit.co/web/68d665594013b4443fa9a506',NULL,NULL,'68d665594013b4443fa9a506','Nagrak/ftth/NellaSayuda/Oktober-2025/Rusun/318',150000.00,'2025-10-03 04:14:12',0,'2025-09-26 17:05:12','2025-10-03 18:14:16',NULL),(319,'INV-20250926-067397',227,'NGR-TWR2-1314-Yofri','JELANTIK NAGRAK',150000.00,'081381555875','yofribahan23@gmail.com','2025-09-26','2025-10-01','Kadaluarsa','https://checkout.xendit.co/web/68d6655914894d81b31faca8',NULL,NULL,'68d6655914894d81b31faca8','Nagrak/ftth/YofriBahan/Oktober-2025/Rusun/319',NULL,NULL,0,'2025-09-26 17:05:13','2025-10-05 00:18:40',NULL),(320,'INV-20250926-384ED6',228,'NGR-TWR2-1407-Febriyanti','JELANTIK NAGRAK',150000.00,'087724696861','febiyantisofia90@gmail.com','2025-09-26','2025-10-01','Lunas','https://checkout.xendit.co/web/68d665593dd77a6f1a911d34',NULL,NULL,'68d665593dd77a6f1a911d34','Nagrak/ftth/FebiyantiS/Oktober-2025/Rusun/320',150000.00,'2025-10-02 00:30:03',0,'2025-09-26 17:05:13','2025-10-02 14:30:06',NULL),(321,'INV-20250926-E685A8',229,'NGR-TWR3-513-Mega','JELANTIK NAGRAK',150000.00,'085892447808','megaabdillah05@gmail.com','2025-09-26','2025-10-01','Lunas','https://checkout.xendit.co/web/68d6655a4013b4443fa9a52c',NULL,NULL,'68d6655a4013b4443fa9a52c','Nagrak/ftth/MegaRosliawati/Oktober-2025/Rusun/321',150000.00,'2025-09-26 04:13:26',0,'2025-09-26 17:05:13','2025-09-26 18:13:36',NULL),(322,'INV-20250926-5C85B5',230,'NGR-TWR2-1006-Arsiahwati','JELANTIK NAGRAK',150000.00,'087786211329','arsiahwatia@gmail.com','2025-09-26','2025-10-01','Lunas','https://checkout.xendit.co/web/68d6655a14894d81b31facc4',NULL,NULL,'68d6655a14894d81b31facc4','Nagrak/ftth/Arsiahwati/Oktober-2025/Rusun/322',150000.00,'2025-10-01 17:09:55',0,'2025-09-26 17:05:14','2025-10-02 07:10:08',NULL),(323,'INV-20250926-78D9F4',231,'NGR-TWR3-151-Didi','JELANTIK NAGRAK',150000.00,'087721928922','syfha2003@gmail.com','2025-09-26','2025-10-01','Kadaluarsa','https://checkout.xendit.co/web/68d6655a14894d81b31faccb',NULL,NULL,'68d6655a14894d81b31faccb','Nagrak/ftth/DidiSuhandi/Oktober-2025/Rusun/323',NULL,NULL,0,'2025-09-26 17:05:14','2025-10-06 17:05:23',NULL),(324,'INV-20250926-DE5C02',232,'NGR-TWR1-1510-Diky','JELANTIK NAGRAK',150000.00,'085167071748','dikywahyudi0503@gmail.com','2025-09-26','2025-10-01','Lunas','https://checkout.xendit.co/web/68d6655b4013b4443fa9a53d',NULL,NULL,'68d6655b4013b4443fa9a53d','Nagrak/ftth/DikyWahyudi/Oktober-2025/Rusun/324',150000.00,'2025-10-02 05:12:41',0,'2025-09-26 17:05:14','2025-10-02 19:12:44',NULL),(325,'INV-20250926-351BCD',233,'NGR-TWR1-159-Tri','JELANTIK NAGRAK',248640.00,'089518473218','cintachlodiyacinta@gmail.com','2025-09-26','2025-10-01','Kadaluarsa','https://checkout.xendit.co/web/68d6655b4013b4443fa9a548',NULL,NULL,'68d6655b4013b4443fa9a548','Nagrak/ftth/TriMartiningsih/Oktober-2025/Rusun/325',NULL,NULL,0,'2025-09-26 17:05:15','2025-10-06 17:05:22',NULL),(326,'INV-20250926-1A07D2',234,'NGR-TWR1-1411-Gilang','JELANTIK NAGRAK',150000.00,'609514176868','trigilang903@gmail.com','2025-09-26','2025-10-01','Kadaluarsa','https://checkout.xendit.co/web/68d6655b14894d81b31face0',NULL,NULL,'68d6655b14894d81b31face0','Nagrak/ftth/TriGilangMartyanto/Oktober-2025/Rusun/326',NULL,NULL,0,'2025-09-26 17:05:15','2025-10-06 17:05:23',NULL),(327,'INV-20250926-455EC1',235,'NGR-TWR3-609-Indah','JELANTIK NAGRAK',150000.00,'085813007911','afifahaurel555@gmail.com','2025-09-26','2025-10-01','Lunas','https://checkout.xendit.co/web/68d6655c4013b4443fa9a55c',NULL,NULL,'68d6655c4013b4443fa9a55c','Nagrak/ftth/IndahEkaWati/Oktober-2025/Rusun/327',150000.00,'2025-10-04 07:23:44',0,'2025-09-26 17:05:15','2025-10-04 21:23:45',NULL),(328,'INV-20250926-F19B58',236,'NGR-TWR3-613-Langit','JELANTIK NAGRAK',150000.00,'08567618745','fakhrihani51@gmail.com','2025-09-26','2025-10-01','Kadaluarsa','https://checkout.xendit.co/web/68d6655c3dd77a6f1a911d68',NULL,NULL,'68d6655c3dd77a6f1a911d68','Nagrak/ftth/NiaBiruLangit/Oktober-2025/Rusun/328',NULL,NULL,0,'2025-09-26 17:05:16','2025-10-05 00:18:41',NULL),(329,'INV-20250926-3D453A',237,'NGR-TWR3-408-Sueni','JELANTIK NAGRAK',150000.00,'0895620550685','eeni73250@gmail.com','2025-09-26','2025-10-01','Kadaluarsa','https://checkout.xendit.co/web/68d6655c3dd77a6f1a911d73',NULL,NULL,'68d6655c3dd77a6f1a911d73','Nagrak/ftth/Sueni/Oktober-2025/Rusun/329',NULL,NULL,0,'2025-09-26 17:05:16','2025-10-06 17:05:23',NULL),(330,'INV-20250926-6C35C8',238,'NGR-TWR1-910-Virsya','JELANTIK NAGRAK',150000.00,'085782582021','achnaffelizy@gmail.com','2025-09-26','2025-10-01','Kadaluarsa','https://checkout.xendit.co/web/68d6655d4013b4443fa9a57a',NULL,NULL,'68d6655d4013b4443fa9a57a','Nagrak/ftth/MmVirsya/Oktober-2025/Rusun/330',NULL,NULL,0,'2025-09-26 17:05:16','2025-10-05 00:18:41',NULL),(331,'INV-20250926-2715CE',239,'NGR-TWR3-152-Suwandi','JELANTIK NAGRAK',150000.00,'0895364570821','asengwestjava2911@gmail.com','2025-09-26','2025-10-01','Lunas','https://checkout.xendit.co/web/68d6655d4013b4443fa9a585',NULL,NULL,'68d6655d4013b4443fa9a585','Nagrak/ftth/Suwandi/Karman/Oktober-2025/Rusun/331',150000.00,'2025-10-02 05:46:48',0,'2025-09-26 17:05:17','2025-10-02 19:50:01',NULL),(332,'INV-20250926-F12547',240,'NGR-TWR2-1208-Herlina','JELANTIK NAGRAK',150000.00,'089691278160','herlina12putri@gmail.com','2025-09-26','2025-10-01','Lunas','https://checkout.xendit.co/web/68d6655d3dd77a6f1a911d93',NULL,NULL,'68d6655d3dd77a6f1a911d93','Nagrak/ftth/HerlinaSusilaningsih/Oktober-2025/Rusun/332',150000.00,'2025-10-04 19:29:13',0,'2025-09-26 17:05:17','2025-10-05 09:36:34',NULL),(333,'INV-20250926-E920C3',241,'NGR-TWR3-508-Neneng','JELANTIK NAGRAK',150000.00,'087874087567','sneneng071@gmail.com','2025-09-26','2025-10-01','Lunas','https://checkout.xendit.co/web/68d6655e3dd77a6f1a911d9a',NULL,NULL,'68d6655e3dd77a6f1a911d9a','Nagrak/ftth/NenengSriMulyati/Oktober-2025/Rusun/333',150000.00,'2025-10-01 16:20:14',0,'2025-09-26 17:05:17','2025-10-02 06:20:51',NULL),(334,'INV-20250926-B6DBA5',242,'NGR-TWR3-095-fitriyanih','JELANTIK NAGRAK',150000.00,'088293848961','raseljulianmorenorasel@gmail.com','2025-09-26','2025-10-01','Lunas','https://checkout.xendit.co/web/68d6655e197d210f36a07a99',NULL,NULL,'68d6655e197d210f36a07a99','Nagrak/ftth/Fitriyanih/Oktober-2025/Rusun/334',150000.00,'2025-10-01 22:55:03',0,'2025-09-26 17:05:18','2025-10-02 12:55:14',NULL),(335,'INV-20250926-3C306F',243,'628770877949118','JAKINET',248640.00,'087708779491','verianapermatasariirawan@gmail.com','2025-09-26','2025-10-01','Kadaluarsa','https://checkout.xendit.co/web/68d68d24197d210f36a3a945',NULL,NULL,'68d68d24197d210f36a3a945','Jakinet/ftth/VerianaPermatasari/Oktober-2025/Rusun/335',NULL,NULL,0,'2025-09-26 19:55:00','2025-10-05 00:18:41',NULL),(336,'INV-20250926-E0621F',245,'62811193200418','JAKINET',150000.00,'08111932004','octaviana.tia03@gmail.com','2025-09-26','2025-10-01','Lunas','https://checkout.xendit.co/web/68d68d2414894d81b322fb34',NULL,NULL,'68d68d2414894d81b322fb34','Jakinet/ftth/CynthiaRatnaOctaviana/Oktober-2025/Rusun/336',150000.00,'2025-10-03 23:06:17',0,'2025-09-26 19:55:00','2025-10-04 13:06:21',NULL),(337,'INV-20250926-954852',246,'CKG-BRT-B-107-10-1023-Firmansyah','JAKINET',150000.00,'085710210830','fandollysyah453@gmail.com','2025-09-26','2025-10-01','Lunas','https://checkout.xendit.co/web/68d68d2514894d81b322fb48',NULL,NULL,'68d68d2514894d81b322fb48','Jakinet/ftth/Firmansyah/Oktober-2025/Rusun/337',150000.00,'2025-10-06 02:22:51',0,'2025-09-26 19:55:01','2025-10-06 16:22:53',NULL),(338,'INV-20250926-47322C',247,'CKG-BRT--B-308-10-0424-Rendra','JAKINET',150000.00,'089692500562','rendrasetyawan0718@gmail.com','2025-09-26','2025-10-01','Lunas','https://checkout.xendit.co/web/68d68d25197d210f36a3a96f',NULL,NULL,'68d68d25197d210f36a3a96f','Jakinet/ftth/RendraSetyawan/Oktober-2025/Rusun/338',150000.00,'2025-09-26 18:07:18',0,'2025-09-26 19:55:01','2025-09-27 08:10:21',NULL),(339,'INV-20250926-6DC7BE',248,'CKB-G-205-Selly','JAKINET',150000.00,'087786730341','sellyayuirawaty@gmail.com','2025-09-26','2025-10-01','Kadaluarsa','https://checkout.xendit.co/web/68d68d25197d210f36a3a984',NULL,NULL,'68d68d25197d210f36a3a984','Jakinet/ftth/SellyAyuIrawaty/Oktober-2025/Rusun/339',NULL,NULL,0,'2025-09-26 19:55:01','2025-10-06 19:55:25',NULL),(340,'INV-20250926-F4447A',249,'CKB-B-402- Micka','JAKINET',150000.00,'081311043367','mickaafianto@gmail.com','2025-09-26','2025-10-01','Lunas','https://checkout.xendit.co/web/68d68d268d453981d33fcd2e',NULL,NULL,'68d68d268d453981d33fcd2e','Jakinet/ftth/MickaAfianto/Oktober-2025/Rusun/340',150000.00,'2025-10-01 12:04:49',0,'2025-09-26 19:55:02','2025-10-02 02:04:59',NULL),(341,'INV-20250926-2D23C2',250,'CKB-A-506-Nadya','JAKINET',150000.00,'0895601704007','nadyapatricia919@gmail.com','2025-09-26','2025-10-01','Kadaluarsa','https://checkout.xendit.co/web/68d68d263dd77a6f1a944aeb',NULL,NULL,'68d68d263dd77a6f1a944aeb','Jakinet/ftth/Nadya/Oktober-2025/Rusun/341',NULL,NULL,0,'2025-09-26 19:55:02','2025-10-05 00:18:42',NULL),(342,'INV-20250926-0F323A',251,'CKG-BRT-F-404-Ranto','JAKINET',248640.00,'081284530505','rantz.87@gmail.com','2025-09-26','2025-10-01','Lunas','https://checkout.xendit.co/web/68d68d2614894d81b322fb86',NULL,NULL,'68d68d2614894d81b322fb86','Jakinet/ftth/RantoSupyanto/Oktober-2025/Rusun/342',248640.00,'2025-10-01 05:16:25',0,'2025-09-26 19:55:02','2025-10-01 19:16:28',NULL),(343,'INV-20250926-0B334F',252,'CKG-BRT-E-511-Akhmad','JAKINET',220890.00,'085183324112','akhmadbayhaqy@gmail.com','2025-09-26','2025-10-01','Lunas','https://checkout.xendit.co/web/68d68d275c819cb2764a9b97',NULL,NULL,'68d68d275c819cb2764a9b97','Jakinet/ftth/AkhmadBayhaqi/Oktober-2025/Rusun/343',220890.00,'2025-09-29 20:48:03',0,'2025-09-26 19:55:03','2025-09-30 10:48:11',NULL),(344,'INV-20250926-D9B8BD',253,'CKG-BRT-B-409-Lina','JAKINET',150000.00,'081213806037','harlinpilar@gmail.com','2025-09-26','2025-10-01','Lunas','https://checkout.xendit.co/web/68d68d27197d210f36a3a9a8',NULL,NULL,'68d68d27197d210f36a3a9a8','Jakinet/ftth/LinaManafe/Oktober-2025/Rusun/344',150000.00,'2025-10-04 18:23:54',0,'2025-09-26 19:55:03','2025-10-05 08:23:57',NULL),(345,'INV-20250926-81F818',254,'CKG-BRT-A-5505-Tiurma','JAKINET',150000.00,'085817728745','tiurmasiallagann@gmail.com','2025-09-26','2025-10-01','Lunas','https://checkout.xendit.co/web/68d68d2814894d81b322fbaf',NULL,NULL,'68d68d2814894d81b322fbaf','Jakinet/ftth/TiurmaDebora/Oktober-2025/Rusun/345',150000.00,'2025-09-29 23:24:54',0,'2025-09-26 19:55:03','2025-09-30 13:24:56',NULL),(346,'INV-20250926-932FF4',255,'CKG-BRT-F-402-Yosa','JAKINET',150000.00,'081296715396','riannita_rakyatprintworks@yahoo.com','2025-09-26','2025-10-01','Lunas','https://checkout.xendit.co/web/68d68d2814894d81b322fbb9',NULL,NULL,'68d68d2814894d81b322fbb9','Jakinet/ftth/YosaAndikhaTampilang/Oktober-2025/Rusun/346',150000.00,'2025-10-05 06:02:21',0,'2025-09-26 19:55:04','2025-10-05 20:02:24',NULL),(347,'INV-20250926-EE33EA',256,'628226000505020','JAKINET',281940.00,'082260005050','yooody@pm.me','2025-09-26','2025-10-01','Kadaluarsa','https://checkout.xendit.co/web/68d68d283dd77a6f1a944b2a',NULL,NULL,'68d68d283dd77a6f1a944b2a','Jakinet/ftth/Axl/Oktober-2025/Rusun/347',NULL,NULL,0,'2025-09-26 19:55:04','2025-10-06 19:55:24',NULL),(348,'INV-20250926-B37FE9',257,'628125955031871','JAKINET',248640.00,'081259550318','asaelreinhart1@gmail.com','2025-09-26','2025-10-01','Lunas','https://checkout.xendit.co/web/68d68d293dd77a6f1a944b33',NULL,NULL,'68d68d293dd77a6f1a944b33','Jakinet/ftth/AsaelReinhart/Oktober-2025/Rusun/348',248640.00,'2025-10-04 11:39:03',0,'2025-09-26 19:55:04','2025-10-05 01:39:14',NULL),(349,'INV-20250926-D06841',258,'CKG-TPR-RSML-310-20-1123-Febry','JAKINET',150000.00,'081286515557','papilayanona5@gmail.com','2025-09-26','2025-10-01','Lunas','https://checkout.xendit.co/web/68d68d298d453981d33fcd65',NULL,NULL,'68d68d298d453981d33fcd65','Jakinet/ftth/FebryPapilaya/Oktober-2025/Rusun/349',150000.00,'2025-10-04 16:41:55',0,'2025-09-26 19:55:05','2025-10-05 06:41:57',NULL),(350,'INV-20250926-73CE77',259,'CKG-TPR-PSP-118-Binsar','JAKINET',248640.00,'081219595553','binsarmfs@gmail.com','2025-09-26','2025-10-01','Lunas','https://checkout.xendit.co/web/68d68d296ffc7d8cfc6dab16',NULL,NULL,'68d68d296ffc7d8cfc6dab16','Jakinet/ftth/BinsarMSilaen/Oktober-2025/Rusun/350',248640.00,'2025-09-28 19:08:54',0,'2025-09-26 19:55:05','2025-09-29 09:08:56',NULL),(351,'INV-20250926-93C4C1',260,'CKG-TPR-MER-319-Nadia','JAKINET',150000.00,'081315197631','nadiaulfasenduk@gmail.com','2025-09-26','2025-10-01','Kadaluarsa','https://checkout.xendit.co/web/68d68d2a5c819cb2764a9bac',NULL,NULL,'68d68d2a5c819cb2764a9bac','Jakinet/ftth/NadiaUlfa/Oktober-2025/Rusun/351',NULL,NULL,0,'2025-09-26 19:55:05','2025-10-06 19:55:24',NULL),(352,'INV-20250926-EC2908',261,'CKG-TPR-JTS-112-Devi','JAKINET',150000.00,'081284868687','winterdevayani@gmail.com','2025-09-26','2025-10-01','Kadaluarsa','https://checkout.xendit.co/web/68d68d2a6ffc7d8cfc6dab32',NULL,NULL,'68d68d2a6ffc7d8cfc6dab32','Jakinet/ftth/DeviDevayani/Oktober-2025/Rusun/352',NULL,NULL,0,'2025-09-26 19:55:06','2025-10-06 19:55:24',NULL),(353,'INV-20250926-740003',262,'CKG-TPR-ANG-002-Parti','JAKINET',150000.00,'0895363635240','parti301180@gmail.com','2025-09-26','2025-10-01','Lunas','https://checkout.xendit.co/web/68d68d2a3dd77a6f1a944b73',NULL,NULL,'68d68d2a3dd77a6f1a944b73','Jakinet/ftth/Parti/Oktober-2025/Rusun/353',150000.00,'2025-10-04 23:05:58',0,'2025-09-26 19:55:06','2025-10-05 13:06:10',NULL),(354,'INV-Humaidisyafri-202509-82F6',263,'PRM-B4-11-Humaidi','JELANTIK',188700.00,'081945403934','humaidisyafri110@gmail.com','2025-09-27','2025-09-30','Lunas','https://checkout.xendit.co/web/68d757c25c819cb27653db51',NULL,NULL,'68d757c25c819cb27653db51','Jelantik/ftth/Humaidisyafri/September-2025/Parama/354',188700.00,'2025-09-26 23:44:29',0,'2025-09-27 10:19:30','2025-09-27 13:44:37',NULL),(356,'INV-AfsohulFashihin-202510-FEE5',265,'WRG-B1-6-Fashihin','JELANTIK',276390.00,'08568360223','afsohul@gmail.com','2025-09-29','2025-10-01','Lunas','https://checkout.xendit.co/web/68da2d0e79952c4e528e2d95',NULL,NULL,'68da2d0e79952c4e528e2d95','Jelantik/ftth/AfsohulFashihin/Oktober-2025/Waringin/356',276390.00,'2025-09-29 02:33:55',0,'2025-09-29 13:54:06','2025-09-29 16:33:56',NULL),(357,'INV-YASINTAERLIANTI-202510-4B51',266,'WRG-D7-15-YASINTA','JELANTIK',166500.00,'088291901284','erlianti0930@gmail.com','2025-09-29','2025-10-01','Lunas','https://checkout.xendit.co/web/68da2d5728c967039c7e663d',NULL,NULL,'68da2d5728c967039c7e663d','Jelantik/ftth/YASINTAERLIANTI/Oktober-2025/Waringin/357',166500.00,'2025-09-29 06:36:54',0,'2025-09-29 13:55:19','2025-09-29 21:02:38',NULL),(358,'INV-MeiLisda-202510-A995',264,'WRG-D9-25-Mei','JELANTIK',231990.00,'087776772766','meilisdarinyana0@gmail.com','2025-09-30','2025-10-01','Lunas','https://checkout.xendit.co/web/68db46090ffd89bf3914c2cf',NULL,NULL,'68db46090ffd89bf3914c2cf','Jelantik/ftth/MeiLisda/Oktober-2025/Waringin/358',231990.00,'2025-09-29 23:36:39',0,'2025-09-30 09:52:57','2025-09-30 13:36:47',NULL),(359,'INV-DewiRosita-202510-5B85',135,'PRM-A4-11-Dewi','JELANTIK',166500.00,'085216337181','dewirosita@gmail.com','2025-10-01','2025-10-01','Lunas','https://checkout.xendit.co/web/68dc76fb6fcc44e12c381120',NULL,NULL,'68dc76fb6fcc44e12c381120','Jelantik/ftth/DewiRosita/Oktober-2025/Parama/359',166500.00,'2025-09-30 21:55:29',0,'2025-10-01 07:34:03','2025-10-01 12:10:00',NULL),(360,'INV-Jaenuri-202510-14D2',267,'WRG-A2-15-Jaenuri','JELANTIK',166500.00,'081227065677','rayhannuriseptian2309@gmail.com','2025-10-01','2025-10-01','Lunas','https://checkout.xendit.co/web/68dc9cc36fcc44e12c3aa1d2',NULL,NULL,'68dc9cc36fcc44e12c3aa1d2','Jelantik/ftth/Jaenuri/Oktober-2025/Waringin/360',166500.00,'2025-09-30 21:00:47',0,'2025-10-01 10:15:15','2025-10-01 11:00:48',NULL),(361,'INV-Nurulfadilah-202510-F2CE',72,'WRG-C1-12-Nurul','JELANTIK',231990.00,'087809264742','dilaf502@gmail.com','2025-10-01','2025-10-01','Lunas','https://checkout.xendit.co/web/68dcf16ebf7ce6eeac610728',NULL,NULL,'68dcf16ebf7ce6eeac610728','Jelantik/ftth/Nurulfadilah/Oktober-2025/Waringin/361',231990.00,'2025-10-01 02:22:23',0,'2025-10-01 16:16:30','2025-10-01 16:22:46',NULL),(362,'INV-AbdulMuis-202510-5C33',268,'WRG-C1-3-Muis','JELANTIK',166500.00,'0895402492149','sofianazilah1@gmail.com','2025-10-02','2025-10-01','Lunas','https://checkout.xendit.co/web/68dde7ebdb8b25569857619a',NULL,NULL,'68dde7ebdb8b25569857619a','Jelantik/ftth/AbdulMuis/Oktober-2025/Waringin/362',166500.00,'2025-10-01 21:31:20',0,'2025-10-02 09:48:11','2025-10-02 11:31:33',NULL),(363,'INV-Rojudin-202510-4F17',269,'WRG-D4-15-Rojudin','JELANTIK',161129.00,'089638805294','abenkdoank208@gmail.com','2025-10-02','2025-10-31','Lunas','https://checkout.xendit.co/web/68de37e3b3d10cada051048b',NULL,NULL,'68de37e3b3d10cada051048b','Jelantik/ftth/Rojudin/Oktober-2025/Waringin/363',161129.00,'2025-10-02 05:10:21',0,'2025-10-02 15:29:22','2025-10-02 19:10:23',NULL),(364,'INV-VickyAryansyah-202510-B303',172,'PRM-B10-17-Vicky','JELANTIK',217023.00,'085216182821','ayuu220906@gmail.com','2025-10-03','2025-10-31','Lunas','https://checkout.xendit.co/web/68dfc7e5639355e30e33ea4e',NULL,NULL,'68dfc7e5639355e30e33ea4e','Jelantik/ftth/VickyAryansyah/Oktober-2025/Parama/364',217023.00,'2025-10-03 06:37:42',0,'2025-10-03 19:56:05','2025-10-03 20:37:50',NULL),(365,'INV-OktaRiaHayuVarera-202510-B39B',271,'rayhan@noc.com','JELANTIK',150387.00,'0895609940953','oktariyahayu99@gmail.com','2025-10-04','2025-10-31','Lunas','https://checkout.xendit.co/web/68e0c626c511c122fa9a1ae6',NULL,NULL,'68e0c626c511c122fa9a1ae6','Jelantik/ftth/OktaRiaHayuVarera/Oktober-2025/Waringin/365',150387.00,'2025-10-04 02:03:11',0,'2025-10-04 14:00:53','2025-10-04 16:03:15',NULL),(366,'INV-MuhamadIdris-202510-2588',273,'PRM-A5-9-Idris','JELANTIK',139645.00,'082110806269','hanzlouw@gmail.com','2025-10-06','2025-10-31','Lunas','https://checkout.xendit.co/web/68e32eec8cfcbab32575b421',NULL,NULL,'68e32eec8cfcbab32575b421','Jelantik/ftth/MuhamadIdris/Oktober-2025/Parama/366',139645.00,'2025-10-05 21:34:27',0,'2025-10-06 09:52:27','2025-10-06 11:34:37',NULL),(367,'INV-AsepSukandar-202510-2C14',274,'PRM-B5-4-Asep','JELANTIK',194572.00,'082124610383','sukandara904@gmail.com','2025-10-06','2025-10-31','Lunas','https://checkout.xendit.co/web/68e33e3f04fee01650691ec5',NULL,NULL,'68e33e3f04fee01650691ec5','Jelantik/ftth/AsepSukandar/Oktober-2025/Parama/367',194572.00,'2025-10-06 04:04:27',0,'2025-10-06 10:57:51','2025-10-06 18:04:42',NULL),(368,'INV-RaswaJaya-202510-1BED',35,'WRG-A3-15-Raswa','JELANTIK',194572.00,'0895330000000','raswajaya@gmail.com','2025-10-06','2025-10-31','Lunas','https://checkout.xendit.co/web/68e3604c5d2202dbafaecad1',NULL,NULL,'68e3604c5d2202dbafaecad1','Jelantik/ftth/RaswaJaya/Oktober-2025/Waringin/368',194572.00,'2025-10-05 23:28:13',0,'2025-10-06 13:23:08','2025-10-06 13:28:15',NULL),(369,'INV-ErniaPuspitasari-202510-EBCF',71,'WRG-A5-9-Ernia','JELANTIK',139645.00,'087771102228','erniania60@gmail.com','2025-10-06','2025-10-31','Lunas','https://checkout.xendit.co/web/68e3752e8abdb7f2869a1a9f',NULL,NULL,'68e3752e8abdb7f2869a1a9f','Jelantik/ftth/ErniaPuspitasari/Oktober-2025/Waringin/369',139645.00,'2025-10-06 05:34:25',0,'2025-10-06 14:52:14','2025-10-06 19:34:27',NULL),(370,'INV-AyuPutriany-202510-446F',7,'KMD-1205-Ayu-2024','JELANTIK',139645.00,'085778780731','ayuputriany91@gmail.com','2025-10-06','2025-10-31','Lunas','https://checkout.xendit.co/web/68e3b23cb71c2dd16f812ec7',NULL,NULL,'68e3b23cb71c2dd16f812ec7','Jelantik/ftth/AyuPutriany/Oktober-2025/Luar/370',139645.00,'2025-10-06 05:26:26',0,'2025-10-06 19:12:44','2025-10-06 19:26:38',NULL),(371,'INV-Kholifah-202510-0244',131,'PRM-A1-40-Kholifah','JELANTIK',187089.00,'08815691241','kholifahsipur@gmail.com','2025-10-07','2025-10-31','Lunas','https://checkout.xendit.co/web/68e4871d4b17e9129589bca7',NULL,NULL,'68e4871d4b17e9129589bca7','Jelantik/ftth/Kholifah/Oktober-2025/Parama/371',187089.00,'2025-10-07 04:38:06',0,'2025-10-07 10:21:01','2025-10-07 18:38:33',NULL),(372,'INV-DidiSuyanto-202510-9407',97,'WRG-D7-3-Didi','JELANTIK',134274.00,'088809189020','didisuyanto56@gmail.com','2025-10-07','2025-10-31','Lunas','https://checkout.xendit.co/web/68e487892ecf81e25b9af211',NULL,NULL,'68e487892ecf81e25b9af211','Jelantik/ftth/DidiSuyanto/Oktober-2025/Waringin/372',134274.00,'2025-10-06 20:24:28',0,'2025-10-07 10:22:48','2025-10-07 10:24:42',NULL),(373,'INV-DidaDwiNugraha-202510-86A5',164,'PRM-B3-20-Dida','JELANTIK',134274.00,'082121419449','didhadwinugraha@gmail.com','2025-10-07','2025-10-31','Lunas','https://checkout.xendit.co/web/68e487ef4b17e9129589c85f',NULL,NULL,'68e487ef4b17e9129589c85f','Jelantik/ftth/DidaDwiNugraha/Oktober-2025/Parama/373',134274.00,'2025-10-06 22:23:51',0,'2025-10-07 10:24:31','2025-10-07 12:24:12',NULL),(374,'INV-VerianaPermatasari-202510-7A0C',243,'628770877949118','JAKINET',200516.00,'087708779491','verianapermatasariirawan@gmail.com','2025-10-07','2025-10-31','Lunas','https://checkout.xendit.co/web/68e48894837203a8dfafc1e8',NULL,NULL,'68e48894837203a8dfafc1e8','Jakinet/ftth/VerianaPermatasari/Oktober-2025/Rusun/374',200516.00,'2025-10-06 20:59:17',0,'2025-10-07 10:27:16','2025-10-07 10:59:19',NULL),(375,'INV-DilaUpitasari-202510-84BC',41,'WRG-A7-11-Dila','JELANTIK',134274.00,'085600566936','upitasariajja@gmail.com','2025-10-07','2025-10-31','Lunas','https://checkout.xendit.co/web/68e502647707ae4950dc49cd',NULL,NULL,'68e502647707ae4950dc49cd','Jelantik/ftth/DilaUpitasari/Oktober-2025/Waringin/375',134274.00,'2025-10-07 06:32:11',0,'2025-10-07 19:07:00','2025-10-07 20:32:15',NULL),(376,'INV-SaidusSabil-202510-7459',64,'WRG-A4-22-Saidul','JELANTIK',134274.00,'085280487311','saiduss608@gmail.com','2025-10-07','2025-10-31','Lunas','https://checkout.xendit.co/web/68e502c4aa83859186cd5eb3',NULL,NULL,'68e502c4aa83859186cd5eb3','Jelantik/ftth/SaidusSabil/Oktober-2025/Waringin/376',134274.00,'2025-10-07 05:16:40',0,'2025-10-07 19:08:35','2025-10-07 19:16:42',NULL),(377,'INV-AzizHafizNasution-202510-AFAC',171,'PRM-B12-5-Aziz','JELANTIK',128903.00,'081282578234','azizhafiz220699@gmail.com','2025-10-08','2025-10-31','Lunas','https://checkout.xendit.co/web/68e5ed9ef6025c03ef4eba67',NULL,NULL,'68e5ed9ef6025c03ef4eba67','Jelantik/ftth/AzizHafizNasution/Oktober-2025/Parama/377',128903.00,'2025-10-07 21:56:23',0,'2025-10-08 11:50:38','2025-10-08 11:56:25',NULL),(378,'INV-Riyani-202510-9C3D',197,'NGR-TWR1-606-Riyani','JELANTIK NAGRAK',116129.00,'085959602180','prudentialtriyani@gmail.com','2025-10-08','2025-10-31','Lunas','https://checkout.xendit.co/web/68e631b97707ae4950ea6796',NULL,NULL,'68e631b97707ae4950ea6796','Nagrak/ftth/Riyani/Oktober-2025/Rusun/378',116129.00,'2025-10-08 02:42:09',0,'2025-10-08 16:41:13','2025-10-08 16:42:18',NULL),(379,'INV-MAbuBakar-202510-70BA',56,'WRG-A2-15-Abu','JELANTIK',128903.00,'082113565005','abu03203@mail.com','2025-10-08','2025-10-31','Lunas','https://checkout.xendit.co/web/68e63ac518c2c83abf378f24',NULL,NULL,'68e63ac518c2c83abf378f24','Jelantik/ftth/MAbuBakar/Oktober-2025/Waringin/379',128903.00,'2025-10-08 03:40:16',0,'2025-10-08 17:19:49','2025-10-08 17:40:28',NULL),(380,'INV-Sanuri-202510-9EFA',50,'WRG-D2-11-Sanuri','JELANTIK',128903.00,'08594056760','wshugos@gmail.com','2025-10-08','2025-10-31','Lunas','https://checkout.xendit.co/web/68e6545318c2c83abf392655',NULL,NULL,'68e6545318c2c83abf392655','Jelantik/ftth/Sanuri/Oktober-2025/Waringin/380',128903.00,'2025-10-08 05:33:05',0,'2025-10-08 19:08:50','2025-10-08 19:33:06',NULL),(381,'INV-NiaBiruLangit-202510-3CC3',236,'NGR-TWR3-613-Langit','JELANTIK NAGRAK',116129.00,'08567618745','fakhrihani51@gmail.com','2025-10-08','2025-10-31','Lunas','https://checkout.xendit.co/web/68e65b5b20916c413a114f52',NULL,NULL,'68e65b5b20916c413a114f52','Nagrak/ftth/NiaBiruLangit/Oktober-2025/Rusun/381',116129.00,'2025-10-08 05:42:13',0,'2025-10-08 19:38:51','2025-10-08 19:42:17',NULL),(382,'INV-Yulinar-202510-F7F2',278,'WRG-D7-9-Yulinar','JELANTIK',205064.00,'081221691841','risna171091@gmail.com','2025-10-09','2025-10-31','Lunas','https://checkout.xendit.co/web/68e73a624c6bc4da49b305b1',NULL,NULL,'68e73a624c6bc4da49b305b1','Jelantik/ftth/Yulinar/Oktober-2025/Waringin/382',205064.00,'2025-10-09 03:57:03',0,'2025-10-09 11:30:26','2025-10-09 17:57:13',NULL),(383,'INV-MmVirsya-202510-1E97',238,'NGR-TWR1-910-Virsya','JELANTIK NAGRAK',111290.00,'085782582021','achnaffelizy@gmail.com','2025-10-09','2025-10-31','Lunas','https://checkout.xendit.co/web/68e7804b753033045383604f',NULL,NULL,'68e7804b753033045383604f','Nagrak/ftth/MmVirsya/Oktober-2025/Rusun/383',111290.00,'2025-10-09 22:33:51',0,'2025-10-09 16:28:43','2025-10-10 12:33:52',NULL),(384,'INV-Aldy-202510-842C',34,'WRG-B3-9-Aldy','JELANTIK',123532.00,'087871675249','s6max.23@gmail.com','2025-10-09','2025-10-31','Lunas','https://checkout.xendit.co/web/68e7d67de535cdedd0109121',NULL,NULL,'68e7d67de535cdedd0109121','Jelantik/ftth/Aldy/Oktober-2025/Waringin/384',123532.00,'2025-10-09 09:02:49',0,'2025-10-09 22:36:29','2025-10-09 23:02:58',NULL),(385,'INV-Tegarfebrian-202510-BEBB',280,'WRG-B7-3-tegar','JELANTIK',118161.00,'085691845301','tfebrian270@gmail.com','2025-10-10','2025-10-31','Lunas','https://checkout.xendit.co/web/68e8762cc955c82bfbb2f9d5',NULL,NULL,'68e8762cc955c82bfbb2f9d5','Jelantik/ftth/Tegarfebrian/Oktober-2025/Waringin/385',118161.00,'2025-10-10 02:18:34',0,'2025-10-10 09:57:48','2025-10-10 16:19:53',NULL),(386,'INV-Atika-202510-FB16',281,'WRG-D1-10-Atika','JELANTIK',118161.00,'08993882905','atikamayasari29@gmail.com','2025-10-10','2025-10-31','Lunas','https://checkout.xendit.co/web/68e87679e8a90d857d0217e1',NULL,NULL,'68e87679e8a90d857d0217e1','Jelantik/ftth/Atika/Oktober-2025/Waringin/386',118161.00,'2025-10-10 00:26:38',0,'2025-10-10 09:59:05','2025-10-10 14:26:41',NULL),(387,'INV-Munisah-202510-2A59',279,'NGR-TWR1-907-munisah','JELANTIK NAGRAK',106452.00,'087872456263','maheyramaher77@gmail.com','2025-10-10','2025-10-31','Lunas','https://checkout.xendit.co/web/68e87ca36fad6d6459a70dc2',NULL,NULL,'68e87ca36fad6d6459a70dc2','Nagrak/ftth/Munisah/Oktober-2025/Rusun/387',106452.00,'2025-10-10 01:07:14',0,'2025-10-10 10:25:23','2025-10-10 15:07:16',NULL);
/*!40000 ALTER TABLE `invoices` ENABLE KEYS */;
UNLOCK TABLES;

--
-- Table structure for table `langganan`
--

DROP TABLE IF EXISTS `langganan`;
/*!40101 SET @saved_cs_client     = @@character_set_client */;
/*!40101 SET character_set_client = utf8mb4 */;
CREATE TABLE `langganan` (
  `id` bigint(20) NOT NULL AUTO_INCREMENT,
  `pelanggan_id` bigint(20) NOT NULL,
  `paket_layanan_id` bigint(20) NOT NULL,
  `tgl_jatuh_tempo` date DEFAULT NULL,
  `tgl_invoice_terakhir` date DEFAULT NULL,
  `metode_pembayaran` varchar(50) NOT NULL DEFAULT 'Otomatis',
  `harga_awal` decimal(15,2) DEFAULT NULL,
  `status` varchar(100) NOT NULL DEFAULT 'Aktif',
  `created_at` datetime DEFAULT current_timestamp(),
  `updated_at` datetime DEFAULT current_timestamp(),
  `tgl_mulai_langganan` date DEFAULT NULL,
  `tgl_berhenti` date DEFAULT NULL,
  PRIMARY KEY (`id`),
  KEY `paket_layanan_id` (`paket_layanan_id`),
  KEY `ix_langganan_pelanggan_id` (`pelanggan_id`),
  CONSTRAINT `langganan_ibfk_1` FOREIGN KEY (`pelanggan_id`) REFERENCES `pelanggan` (`id`),
  CONSTRAINT `langganan_ibfk_2` FOREIGN KEY (`paket_layanan_id`) REFERENCES `paket_layanan` (`id`),
  CONSTRAINT `langganan_ibfk_3` FOREIGN KEY (`pelanggan_id`) REFERENCES `pelanggan` (`id`)
) ENGINE=InnoDB AUTO_INCREMENT=266 DEFAULT CHARSET=utf8mb4 COLLATE=utf8mb4_unicode_ci;
/*!40101 SET character_set_client = @saved_cs_client */;

--
-- Dumping data for table `langganan`
--

LOCK TABLES `langganan` WRITE;
/*!40000 ALTER TABLE `langganan` DISABLE KEYS */;
INSERT INTO `langganan` VALUES (1,1,5,'2025-11-01','2025-10-02','Otomatis',150000.00,'Aktif','2025-08-22 15:47:06','2025-10-02 13:26:59',NULL,NULL),(2,2,5,'2025-10-01','2025-09-02','Otomatis',150000.00,'Suspended','2025-08-22 15:47:06','2025-10-05 00:16:38',NULL,NULL),(3,3,5,'2025-11-01','2025-09-30','Otomatis',150000.00,'Aktif','2025-08-22 15:47:06','2025-09-30 16:50:58',NULL,NULL),(4,4,5,'2025-11-01','2025-09-30','Otomatis',150000.00,'Aktif','2025-08-22 15:47:06','2025-09-30 20:44:13',NULL,NULL),(5,5,5,'2025-11-01','2025-09-26','Otomatis',150000.00,'Aktif','2025-08-22 15:47:06','2025-09-26 16:00:12',NULL,NULL),(6,6,5,'2025-11-01','2025-10-03','Otomatis',166500.00,'Aktif','2025-08-22 15:47:06','2025-10-03 22:18:08',NULL,NULL),(7,7,5,'2025-11-01','2025-10-06','Otomatis',166500.00,'Aktif','2025-08-22 15:47:06','2025-10-06 19:26:38',NULL,NULL),(8,8,7,'2025-10-01','2025-09-05','Otomatis',249000.00,'Suspended','2025-08-22 15:47:06','2025-10-05 00:16:39',NULL,NULL),(9,9,5,'2025-11-01','2025-10-04','Otomatis',150000.00,'Aktif','2025-08-22 15:47:06','2025-10-04 10:49:48',NULL,NULL),(10,10,5,'2025-11-01','2025-09-29','Otomatis',150000.00,'Aktif','2025-08-22 15:47:06','2025-09-29 21:34:33',NULL,NULL),(11,11,5,'2025-11-01','2025-10-01','Otomatis',150000.00,'Aktif','2025-08-22 15:47:06','2025-10-01 08:33:21',NULL,NULL),(12,12,5,'2025-11-01','2025-09-27','Otomatis',150000.00,'Aktif','2025-08-22 15:47:06','2025-09-27 08:16:42',NULL,NULL),(13,13,5,'2025-11-01','2025-10-04','Otomatis',150000.00,'Aktif','2025-08-22 15:47:06','2025-10-04 10:02:45',NULL,NULL),(14,14,5,'2025-11-01','2025-10-04','Otomatis',150000.00,'Aktif','2025-08-22 15:47:06','2025-10-04 11:28:40',NULL,NULL),(15,15,5,'2025-11-01','2025-10-04','Otomatis',166500.00,'Aktif','2025-08-22 15:47:06','2025-10-04 16:03:47',NULL,NULL),(16,16,5,'2025-10-01','2025-09-05','Otomatis',150000.00,'Suspended','2025-08-22 15:47:06','2025-10-05 00:16:39',NULL,NULL),(17,17,6,'2025-11-01','2025-10-05','Otomatis',209000.00,'Aktif','2025-08-22 15:47:06','2025-10-05 06:44:25',NULL,NULL),(18,18,5,'2025-09-01',NULL,'Otomatis',166500.00,'Berhenti','2025-08-22 15:47:06','2025-08-27 10:41:34',NULL,NULL),(19,19,6,'2025-11-01','2025-10-04','Otomatis',231990.00,'Aktif','2025-08-22 15:47:06','2025-10-04 05:24:00',NULL,NULL),(20,20,6,'2025-11-01','2025-10-04','Otomatis',209000.00,'Aktif','2025-08-22 15:47:06','2025-10-04 23:47:19',NULL,NULL),(21,21,6,'2025-11-01','2025-09-30','Otomatis',209000.00,'Aktif','2025-08-22 15:47:06','2025-09-30 11:36:41',NULL,NULL),(22,22,5,'2025-11-01','2025-10-03','Otomatis',150000.00,'Aktif','2025-08-22 15:47:06','2025-10-03 20:43:39',NULL,NULL),(23,23,6,'2025-11-01','2025-09-28','Otomatis',209000.00,'Aktif','2025-08-22 15:47:06','2025-09-28 11:27:17',NULL,NULL),(24,24,5,'2025-11-01','2025-10-05','Otomatis',150000.00,'Aktif','2025-08-22 15:47:06','2025-10-05 06:57:12',NULL,NULL),(25,25,5,'2025-11-01','2025-09-26','Otomatis',150000.00,'Aktif','2025-08-22 15:47:06','2025-09-26 10:27:39',NULL,NULL),(26,26,5,'2025-10-01','2025-09-05','Otomatis',150000.00,'Suspended','2025-08-22 15:47:06','2025-10-05 00:16:40',NULL,NULL),(27,27,5,'2025-11-01','2025-10-05','Otomatis',150000.00,'Aktif','2025-08-22 15:47:06','2025-10-05 12:01:04',NULL,NULL),(28,28,5,'2025-10-01','2025-09-11','Otomatis',166500.00,'Suspended','2025-08-22 15:47:06','2025-10-05 00:16:40',NULL,NULL),(29,29,8,'2025-11-01','2025-10-05','Otomatis',289900.00,'Aktif','2025-08-22 15:47:06','2025-10-05 00:22:59',NULL,NULL),(30,30,5,'2025-11-01','2025-10-01','Otomatis',150000.00,'Aktif','2025-08-22 15:47:06','2025-10-01 17:57:15',NULL,NULL),(31,31,5,'2025-11-01','2025-10-01','Otomatis',150000.00,'Aktif','2025-08-22 15:47:06','2025-10-01 11:45:24',NULL,NULL),(32,32,6,'2025-11-01','2025-10-05','Otomatis',209000.00,'Aktif','2025-08-22 15:47:06','2025-10-05 06:55:53',NULL,NULL),(33,33,5,'2025-11-01','2025-10-05','Otomatis',150000.00,'Aktif','2025-08-22 15:47:06','2025-10-05 07:20:53',NULL,NULL),(34,34,5,'2025-11-01','2025-10-09','Otomatis',166500.00,'Aktif','2025-08-22 15:47:06','2025-10-09 23:02:58',NULL,NULL),(35,35,6,'2025-11-01','2025-10-06','Otomatis',231990.00,'Aktif','2025-08-22 15:47:06','2025-10-06 13:28:15',NULL,NULL),(36,36,5,'2025-09-01',NULL,'Otomatis',150000.00,'Suspended','2025-08-22 15:47:06','2025-08-22 15:47:06',NULL,NULL),(37,37,5,'2025-11-01','2025-10-05','Otomatis',150000.00,'Aktif','2025-08-22 15:47:06','2025-10-05 10:49:22',NULL,NULL),(38,38,5,'2025-11-01','2025-09-26','Otomatis',150000.00,'Aktif','2025-08-22 15:47:06','2025-09-26 20:13:30',NULL,NULL),(39,39,5,'2025-11-01','2025-10-03','Otomatis',150000.00,'Aktif','2025-08-22 15:47:06','2025-10-03 09:45:58',NULL,NULL),(40,40,5,'2025-11-01','2025-10-03','Otomatis',150000.00,'Aktif','2025-08-22 15:47:06','2025-10-03 09:46:49',NULL,NULL),(41,41,5,'2025-11-01','2025-10-07','Otomatis',166500.00,'Aktif','2025-08-22 15:47:06','2025-10-07 20:32:15',NULL,NULL),(42,42,6,'2025-09-01',NULL,'Otomatis',209000.00,'Suspended','2025-08-22 15:47:06','2025-09-05 00:09:08',NULL,NULL),(43,43,5,'2025-11-01','2025-09-29','Otomatis',166500.00,'Aktif','2025-08-22 15:47:06','2025-09-29 19:27:31',NULL,NULL),(44,44,5,'2025-11-01','2025-10-05','Otomatis',150000.00,'Aktif','2025-08-22 15:47:06','2025-10-05 08:53:16',NULL,NULL),(45,45,5,'2025-11-01','2025-10-04','Otomatis',150000.00,'Aktif','2025-08-22 15:47:06','2025-10-04 16:34:07',NULL,NULL),(46,46,5,'2025-09-01',NULL,'Otomatis',150000.00,'Suspended','2025-08-22 15:47:06','2025-08-22 15:47:06',NULL,NULL),(47,47,6,'2025-11-01','2025-10-01','Otomatis',209000.00,'Aktif','2025-08-22 15:47:06','2025-10-01 16:26:25',NULL,NULL),(48,48,6,'2025-11-01','2025-10-05','Otomatis',209000.00,'Aktif','2025-08-22 15:47:06','2025-10-05 08:18:26',NULL,NULL),(49,49,5,'2025-11-01','2025-10-01','Otomatis',150000.00,'Aktif','2025-08-22 15:47:06','2025-10-01 08:21:09',NULL,NULL),(50,50,5,'2025-11-01','2025-10-08','Otomatis',166500.00,'Aktif','2025-08-22 15:47:06','2025-10-08 19:33:06',NULL,NULL),(51,51,5,'2025-11-01','2025-09-28','Otomatis',150000.00,'Aktif','2025-08-22 15:47:06','2025-09-28 16:27:14',NULL,NULL),(52,52,5,'2025-11-01','2025-10-02','Otomatis',166500.00,'Aktif','2025-08-22 15:47:06','2025-10-02 07:53:02',NULL,NULL),(53,53,5,'2025-09-01',NULL,'Otomatis',150000.00,'Suspended','2025-08-22 15:47:06','2025-08-22 15:47:06',NULL,NULL),(54,54,5,'2025-11-01','2025-09-26','Otomatis',150000.00,'Aktif','2025-08-22 15:47:06','2025-09-26 10:15:30',NULL,NULL),(55,55,5,'2025-09-01',NULL,'Otomatis',150000.00,'Suspended','2025-08-22 15:47:06','2025-08-22 15:47:06',NULL,NULL),(56,56,5,'2025-11-01','2025-10-08','Otomatis',166500.00,'Aktif','2025-08-22 15:47:06','2025-10-08 17:40:28',NULL,NULL),(57,57,5,'2025-10-01','2025-09-05','Otomatis',150000.00,'Suspended','2025-08-22 15:47:06','2025-10-05 00:16:42',NULL,NULL),(58,58,6,'2025-11-01','2025-10-01','Otomatis',209000.00,'Aktif','2025-08-22 15:47:06','2025-10-01 17:39:30',NULL,NULL),(59,59,7,'2025-11-01','2025-10-05','Otomatis',249000.00,'Aktif','2025-08-22 15:47:06','2025-10-05 08:47:58',NULL,NULL),(60,60,5,'2025-11-01','2025-09-27','Otomatis',150000.00,'Aktif','2025-08-22 15:47:06','2025-09-27 07:50:26',NULL,NULL),(61,61,5,'2025-11-01','2025-10-04','Otomatis',150000.00,'Aktif','2025-08-22 15:47:06','2025-10-04 06:49:11',NULL,NULL),(62,62,5,'2025-09-01',NULL,'Otomatis',150000.00,'Suspended','2025-08-22 15:47:06','2025-08-22 15:47:06',NULL,NULL),(63,63,5,'2025-11-01','2025-10-05','Otomatis',150000.00,'Aktif','2025-08-22 15:47:06','2025-10-05 11:19:13',NULL,NULL),(64,64,5,'2025-11-01','2025-10-07','Otomatis',166500.00,'Aktif','2025-08-22 15:47:06','2025-10-07 19:16:42',NULL,NULL),(65,65,5,'2025-11-01','2025-10-01','Otomatis',150000.00,'Aktif','2025-08-22 15:47:06','2025-10-01 08:13:31',NULL,NULL),(66,66,5,'2025-11-01','2025-10-02','Otomatis',150000.00,'Aktif','2025-08-22 15:47:06','2025-10-02 00:58:28',NULL,NULL),(67,67,6,'2025-11-01','2025-09-30','Otomatis',209000.00,'Aktif','2025-08-22 15:47:06','2025-09-30 17:36:36',NULL,NULL),(68,68,5,'2025-11-01','2025-09-26','Otomatis',150000.00,'Aktif','2025-08-22 15:47:06','2025-09-26 16:44:57',NULL,NULL),(69,69,5,'2025-11-01','2025-10-05','Otomatis',150000.00,'Aktif','2025-08-22 15:47:06','2025-10-05 07:08:00',NULL,NULL),(70,70,5,'2025-11-01','2025-09-26','Otomatis',150000.00,'Aktif','2025-08-22 15:47:06','2025-09-26 18:50:18',NULL,NULL),(71,71,5,'2025-11-01','2025-10-06','Otomatis',166500.00,'Aktif','2025-08-22 15:47:06','2025-10-06 19:34:27',NULL,NULL),(72,72,6,'2025-11-01','2025-10-01','Otomatis',231990.00,'Aktif','2025-08-22 15:47:06','2025-10-01 16:22:46',NULL,NULL),(73,73,7,'2025-11-01','2025-10-01','Otomatis',249000.00,'Aktif','2025-08-22 15:47:06','2025-10-01 18:55:08',NULL,NULL),(74,74,5,'2025-11-01','2025-09-29','Otomatis',150000.00,'Aktif','2025-08-22 15:47:06','2025-09-29 08:02:37',NULL,NULL),(75,75,6,'2025-11-01','2025-10-01','Otomatis',209000.00,'Aktif','2025-08-22 15:47:06','2025-10-01 06:19:42',NULL,NULL),(76,76,5,'2025-11-01','2025-10-02','Otomatis',150000.00,'Aktif','2025-08-22 15:47:06','2025-10-02 16:08:28',NULL,NULL),(77,77,6,'2025-11-01','2025-10-03','Otomatis',209000.00,'Aktif','2025-08-22 15:47:06','2025-10-03 06:25:17',NULL,NULL),(78,78,5,'2025-11-01','2025-09-30','Otomatis',150000.00,'Aktif','2025-08-22 15:47:06','2025-09-30 08:06:05',NULL,NULL),(79,79,5,'2025-11-01','2025-09-26','Otomatis',150000.00,'Aktif','2025-08-22 15:47:06','2025-09-26 16:00:36',NULL,NULL),(80,80,5,'2025-11-01','2025-10-05','Otomatis',150000.00,'Aktif','2025-08-22 15:47:06','2025-10-05 10:28:21',NULL,NULL),(81,81,6,'2025-11-01','2025-10-01','Otomatis',209000.00,'Aktif','2025-08-22 15:47:06','2025-10-01 06:31:23',NULL,NULL),(82,82,5,'2025-11-01','2025-10-05','Otomatis',150000.00,'Aktif','2025-08-22 15:47:06','2025-10-05 04:43:56',NULL,NULL),(83,83,5,'2025-11-01','2025-09-26','Otomatis',150000.00,'Aktif','2025-08-22 15:47:06','2025-09-26 16:17:39',NULL,NULL),(84,84,5,'2025-11-01','2025-10-06','Otomatis',150000.00,'Aktif','2025-08-22 15:47:06','2025-10-06 09:33:55',NULL,NULL),(85,85,5,'2025-11-01','2025-10-02','Otomatis',150000.00,'Aktif','2025-08-22 15:47:06','2025-10-02 12:17:44',NULL,NULL),(86,86,5,'2025-11-01','2025-10-01','Otomatis',150000.00,'Aktif','2025-08-22 15:47:06','2025-10-01 13:44:34',NULL,NULL),(87,87,5,'2025-11-01','2025-09-26','Otomatis',150000.00,'Aktif','2025-08-22 15:47:06','2025-09-26 11:04:26',NULL,NULL),(88,88,5,'2025-10-01','2025-09-07','Otomatis',166500.00,'Suspended','2025-08-22 15:47:06','2025-10-05 00:16:44',NULL,NULL),(89,89,5,'2025-10-01','2025-09-01','Otomatis',150000.00,'Suspended','2025-08-22 15:47:06','2025-10-05 00:16:44',NULL,NULL),(90,90,6,'2025-11-01','2025-09-29','Otomatis',209000.00,'Aktif','2025-08-22 15:47:06','2025-09-29 06:00:46',NULL,NULL),(91,91,5,'2025-11-01','2025-10-05','Otomatis',150000.00,'Aktif','2025-08-22 15:47:06','2025-10-05 11:16:26',NULL,NULL),(92,92,5,'2025-11-01','2025-09-26','Otomatis',150000.00,'Aktif','2025-08-22 15:47:06','2025-09-26 11:12:13',NULL,NULL),(93,93,5,'2025-11-01','2025-09-27','Otomatis',150000.00,'Aktif','2025-08-22 15:47:06','2025-09-27 07:58:54',NULL,NULL),(94,94,6,'2025-11-01','2025-10-05','Otomatis',209000.00,'Aktif','2025-08-22 15:47:06','2025-10-05 20:01:02',NULL,NULL),(95,95,5,'2025-11-01','2025-09-30','Otomatis',150000.00,'Aktif','2025-08-22 15:47:06','2025-09-30 07:42:37',NULL,NULL),(96,96,6,'2025-11-01','2025-10-05','Otomatis',209000.00,'Aktif','2025-08-22 15:47:06','2025-10-05 08:57:27',NULL,NULL),(97,97,5,'2025-11-01','2025-10-07','Otomatis',166500.00,'Aktif','2025-08-22 15:47:06','2025-10-07 10:24:42',NULL,NULL),(98,98,5,'2025-11-01','2025-10-06','Otomatis',150000.00,'Aktif','2025-08-22 15:47:06','2025-10-06 07:23:43',NULL,NULL),(99,99,6,'2025-10-01','2025-09-06','Otomatis',231990.00,'Suspended','2025-08-22 15:47:06','2025-10-05 00:16:45',NULL,NULL),(100,100,5,'2025-11-01','2025-10-04','Otomatis',150000.00,'Aktif','2025-08-22 15:47:06','2025-10-04 19:26:14',NULL,NULL),(101,101,5,'2025-11-01','2025-10-05','Otomatis',150000.00,'Aktif','2025-08-22 15:47:06','2025-10-05 00:21:31',NULL,NULL),(102,102,6,'2025-11-01','2025-10-05','Otomatis',209000.00,'Aktif','2025-08-22 15:47:06','2025-10-05 01:39:05',NULL,NULL),(103,103,5,'2025-11-01','2025-10-02','Otomatis',150000.00,'Aktif','2025-08-22 15:47:06','2025-10-02 21:34:22',NULL,NULL),(104,104,6,'2025-11-01','2025-09-11','Otomatis',1000.00,'Aktif','2025-08-22 15:47:06','2025-09-11 13:02:40',NULL,NULL),(105,105,6,'2025-09-01',NULL,'Otomatis',209000.00,'Suspended','2025-08-22 15:47:06','2025-09-05 00:09:11',NULL,NULL),(106,106,5,'2025-11-01','2025-09-27','Otomatis',166500.00,'Aktif','2025-08-27 11:06:45','2025-09-27 06:22:45','2025-08-27',NULL),(107,107,7,'2025-11-01','2025-09-28','Otomatis',276390.00,'Aktif','2025-08-28 10:15:12','2025-09-28 07:15:09','2025-08-28',NULL),(108,108,5,'2025-11-01','2025-10-01','Otomatis',166500.00,'Aktif','2025-08-29 13:32:16','2025-10-01 06:20:47','2025-08-29',NULL),(110,110,5,'2025-11-01','2025-10-02','Otomatis',166500.00,'Aktif','2025-08-30 14:04:49','2025-10-02 13:00:43','2025-08-30',NULL),(113,113,9,'2025-11-01','2025-10-02','Otomatis',150000.00,'Aktif','2025-09-02 10:34:57','2025-10-02 15:03:36','2025-09-02',NULL),(114,114,6,'2025-11-01','2025-09-30','Otomatis',231990.00,'Aktif','2025-09-02 11:01:00','2025-09-30 18:05:24','2025-09-02',NULL),(115,115,5,'2025-11-01','2025-10-03','Otomatis',166500.00,'Aktif','2025-09-02 11:03:42','2025-10-03 09:51:01','2025-09-02',NULL),(116,116,5,'2025-11-01','2025-09-30','Otomatis',166500.00,'Aktif','2025-09-02 11:05:40','2025-09-30 19:32:21','2025-09-02',NULL),(117,117,5,'2025-11-01','2025-09-26','Otomatis',166500.00,'Aktif','2025-09-02 11:12:21','2025-09-26 10:29:18','2025-09-02',NULL),(118,118,9,'2025-10-01','2025-09-04','Otomatis',150000.00,'Suspended','2025-09-03 16:37:46','2025-10-05 00:16:46','2025-09-04',NULL),(119,119,5,'2025-11-01','2025-10-03','Otomatis',166500.00,'Aktif','2025-09-03 17:11:51','2025-10-03 10:48:31','2025-09-03',NULL),(120,121,6,'2025-11-01','2025-10-05','Otomatis',231990.00,'Aktif','2025-09-06 10:18:17','2025-10-05 05:46:40','2025-09-06',NULL),(123,124,5,'2025-11-01','2025-10-01','Otomatis',166500.00,'Aktif','2025-09-08 09:16:03','2025-10-01 11:18:14','2025-09-08',NULL),(124,126,5,'2025-11-01','2025-10-01','Otomatis',166500.00,'Aktif','2025-09-08 09:18:40','2025-10-01 09:53:12','2025-09-08',NULL),(125,127,5,'2025-11-01','2025-10-02','Otomatis',166500.00,'Aktif','2025-09-08 14:06:30','2025-10-02 08:15:11','2025-09-10',NULL),(126,128,5,'2025-11-01','2025-09-30','Otomatis',166500.00,'Aktif','2025-09-08 14:08:13','2025-09-30 12:57:42','2025-09-11',NULL),(128,131,6,'2025-11-01','2025-10-07','Otomatis',231990.00,'Aktif','2025-09-10 10:14:38','2025-10-07 18:38:33',NULL,NULL),(129,132,7,'2025-10-01',NULL,'Otomatis',249000.00,'Suspended','2025-09-10 10:14:38','2025-09-10 10:14:38',NULL,NULL),(130,133,6,'2025-10-01',NULL,'Otomatis',209000.00,'Suspended','2025-09-10 10:14:38','2025-09-10 10:14:38',NULL,NULL),(131,134,5,'2025-11-01','2025-10-02','Otomatis',150000.00,'Aktif','2025-09-10 10:14:38','2025-10-02 08:58:04',NULL,NULL),(132,135,5,'2025-11-01','2025-10-01','Otomatis',166500.00,'Aktif','2025-09-10 10:14:38','2025-10-01 12:10:00',NULL,NULL),(133,136,5,'2025-10-01',NULL,'Otomatis',150000.00,'Suspended','2025-09-10 10:14:38','2025-09-10 10:14:38',NULL,NULL),(134,137,5,'2025-11-01','2025-10-05','Otomatis',150000.00,'Aktif','2025-09-10 10:14:38','2025-10-05 14:29:20',NULL,NULL),(135,138,5,'2025-11-01','2025-10-05','Otomatis',150000.00,'Aktif','2025-09-10 10:14:38','2025-10-05 08:05:18',NULL,NULL),(136,139,5,'2025-11-01','2025-09-26','Otomatis',150000.00,'Aktif','2025-09-10 10:14:38','2025-09-26 10:02:07',NULL,NULL),(137,140,5,'2025-11-01','2025-10-05','Otomatis',150000.00,'Aktif','2025-09-10 10:14:38','2025-10-05 07:15:19',NULL,NULL),(138,141,5,'2025-10-01',NULL,'Otomatis',150000.00,'Suspended','2025-09-10 10:14:38','2025-09-10 10:14:38',NULL,NULL),(139,142,6,'2025-11-01','2025-10-05','Otomatis',209000.00,'Aktif','2025-09-10 10:14:38','2025-10-05 08:52:32',NULL,NULL),(140,143,5,'2025-10-01',NULL,'Otomatis',150000.00,'Suspended','2025-09-10 10:14:38','2025-09-10 10:14:38',NULL,NULL),(141,144,6,'2025-11-01','2025-09-27','Otomatis',209000.00,'Aktif','2025-09-10 10:14:38','2025-09-27 19:28:38',NULL,NULL),(142,145,5,'2025-11-01','2025-10-05','Otomatis',150000.00,'Aktif','2025-09-10 10:14:38','2025-10-05 21:25:04',NULL,NULL),(143,146,5,'2025-11-01','2025-09-26','Otomatis',150000.00,'Aktif','2025-09-10 10:14:38','2025-09-26 10:36:05',NULL,NULL),(144,147,5,'2025-11-01','2025-10-01','Otomatis',150000.00,'Aktif','2025-09-10 10:14:38','2025-10-01 12:13:25',NULL,NULL),(145,148,5,'2025-11-01','2025-09-26','Otomatis',150000.00,'Aktif','2025-09-10 10:14:38','2025-09-26 11:08:14',NULL,NULL),(146,149,5,'2025-11-01','2025-09-26','Otomatis',150000.00,'Aktif','2025-09-10 10:14:38','2025-09-26 11:14:49',NULL,NULL),(148,151,5,'2025-11-01','2025-10-01','Otomatis',150000.00,'Aktif','2025-09-10 10:14:38','2025-10-01 07:41:24',NULL,NULL),(149,152,5,'2025-11-01','2025-09-26','Otomatis',150000.00,'Aktif','2025-09-10 10:14:38','2025-09-26 10:02:39',NULL,NULL),(150,153,5,'2025-11-01','2025-10-05','Otomatis',150000.00,'Aktif','2025-09-10 10:14:38','2025-10-05 14:46:25',NULL,NULL),(151,154,5,'2025-10-01',NULL,'Otomatis',150000.00,'Suspended','2025-09-10 10:14:38','2025-09-10 10:14:38',NULL,NULL),(152,155,5,'2025-10-01',NULL,'Otomatis',150000.00,'Suspended','2025-09-10 10:14:38','2025-09-10 10:14:38',NULL,NULL),(153,156,5,'2025-11-01','2025-09-27','Otomatis',150000.00,'Aktif','2025-09-10 10:14:38','2025-09-27 14:42:54',NULL,NULL),(154,157,5,'2025-10-01',NULL,'Otomatis',150000.00,'Suspended','2025-09-10 10:14:38','2025-09-10 10:14:38',NULL,NULL),(155,158,5,'2025-10-01',NULL,'Otomatis',150000.00,'Suspended','2025-09-10 10:14:38','2025-09-10 10:14:38',NULL,NULL),(156,159,6,'2025-11-01','2025-09-28','Otomatis',209000.00,'Aktif','2025-09-10 10:14:38','2025-09-28 01:37:33',NULL,NULL),(157,160,7,'2025-10-01',NULL,'Otomatis',249000.00,'Suspended','2025-09-10 10:14:38','2025-09-10 10:14:38',NULL,NULL),(158,161,7,'2025-10-01',NULL,'Otomatis',249000.00,'Suspended','2025-09-10 10:14:38','2025-09-10 10:14:38',NULL,NULL),(159,162,5,'2025-10-01',NULL,'Otomatis',150000.00,'Suspended','2025-09-10 10:14:38','2025-09-10 10:14:38',NULL,NULL),(160,163,5,'2025-11-01','2025-09-28','Otomatis',150000.00,'Aktif','2025-09-10 10:14:38','2025-09-28 18:10:41',NULL,NULL),(161,164,5,'2025-11-01','2025-10-07','Otomatis',166500.00,'Aktif','2025-09-10 10:14:38','2025-10-07 12:24:12',NULL,NULL),(162,165,5,'2025-11-01','2025-10-01','Otomatis',150000.00,'Aktif','2025-09-10 10:14:38','2025-10-01 07:05:53',NULL,NULL),(163,166,7,'2025-10-01',NULL,'Otomatis',249000.00,'Suspended','2025-09-10 10:14:38','2025-09-10 10:14:38',NULL,NULL),(164,167,5,'2025-11-01','2025-10-01','Otomatis',150000.00,'Aktif','2025-09-10 10:14:38','2025-10-01 14:09:41',NULL,NULL),(165,168,6,'2025-11-01','2025-09-26','Otomatis',209000.00,'Aktif','2025-09-10 10:14:38','2025-09-26 22:52:09',NULL,NULL),(166,169,5,'2025-11-01','2025-10-05','Otomatis',166500.00,'Aktif','2025-09-10 10:14:38','2025-10-05 08:43:36',NULL,NULL),(167,170,5,'2025-10-01',NULL,'Otomatis',150000.00,'Suspended','2025-09-10 10:14:38','2025-10-05 00:18:38',NULL,NULL),(168,171,5,'2025-11-01','2025-10-08','Otomatis',166500.00,'Aktif','2025-09-10 10:14:38','2025-10-08 11:56:25',NULL,NULL),(169,172,6,'2025-11-01','2025-10-03','Otomatis',231990.00,'Aktif','2025-09-10 10:14:38','2025-10-03 20:37:50',NULL,NULL),(170,173,5,'2025-11-01','2025-09-27','Otomatis',150000.00,'Aktif','2025-09-10 10:14:38','2025-09-27 09:12:31',NULL,NULL),(171,175,6,'2025-11-01','2025-10-01','Otomatis',231990.00,'Aktif','2025-09-13 10:33:41','2025-10-01 06:59:38','2025-09-13',NULL),(172,180,6,'2025-11-01','2025-09-26','Otomatis',231990.00,'Aktif','2025-09-15 14:00:41','2025-09-26 12:42:16','2025-09-16',NULL),(173,186,5,'2025-11-01','2025-09-28','Otomatis',166500.00,'Aktif','2025-09-19 09:27:34','2025-09-28 20:30:45','2025-09-19',NULL),(174,187,6,'2025-11-01','2025-09-24','Otomatis',231990.00,'Aktif','2025-09-24 16:59:40','2025-09-24 19:54:38','2025-09-24',NULL),(175,189,9,'2025-11-01','2025-10-04','Otomatis',150000.00,'Aktif','2025-09-26 16:59:18','2025-10-04 11:32:18',NULL,NULL),(176,190,9,'2025-10-01',NULL,'Otomatis',150000.00,'Suspended','2025-09-26 16:59:18','2025-09-26 17:06:59',NULL,NULL),(177,191,9,'2025-11-01','2025-10-04','Otomatis',135135.00,'Aktif','2025-09-26 16:59:18','2025-10-04 18:44:23',NULL,NULL),(178,192,9,'2025-11-01','2025-09-30','Otomatis',135135.00,'Aktif','2025-09-26 16:59:18','2025-09-30 18:53:26',NULL,NULL),(179,193,9,'2025-11-01','2025-10-05','Otomatis',135135.00,'Aktif','2025-09-26 16:59:18','2025-10-05 21:31:22',NULL,NULL),(180,194,9,'2025-11-01','2025-10-06','Otomatis',135135.00,'Aktif','2025-09-26 16:59:18','2025-10-06 06:01:11',NULL,NULL),(181,195,9,'2025-10-01',NULL,'Otomatis',150000.00,'Suspended','2025-09-26 16:59:18','2025-09-26 17:07:10',NULL,NULL),(182,196,9,'2025-11-01','2025-09-30','Otomatis',135135.00,'Aktif','2025-09-26 16:59:18','2025-09-30 11:46:52',NULL,NULL),(183,197,9,'2025-11-01','2025-10-08','Otomatis',150000.00,'Aktif','2025-09-26 16:59:18','2025-10-08 16:42:18',NULL,NULL),(184,198,9,'2025-11-01','2025-09-28','Otomatis',135135.00,'Aktif','2025-09-26 16:59:18','2025-09-28 18:49:00',NULL,NULL),(185,199,10,'2025-11-01','2025-10-02','Otomatis',199000.00,'Aktif','2025-09-26 16:59:18','2025-10-02 10:36:20',NULL,NULL),(186,200,9,'2025-11-01','2025-09-27','Otomatis',135135.00,'Aktif','2025-09-26 16:59:18','2025-09-27 06:26:02',NULL,NULL),(187,201,9,'2025-11-01','2025-10-05','Otomatis',135135.00,'Aktif','2025-09-26 16:59:18','2025-10-05 13:16:33',NULL,NULL),(188,202,11,'2025-10-01',NULL,'Otomatis',248640.00,'Suspended','2025-09-26 16:59:18','2025-09-26 17:07:36',NULL,NULL),(189,203,9,'2025-10-01',NULL,'Otomatis',150000.00,'Suspended','2025-09-26 16:59:18','2025-09-26 17:07:58',NULL,NULL),(190,204,9,'2025-11-01','2025-09-30','Otomatis',135135.00,'Aktif','2025-09-26 16:59:18','2025-09-30 19:55:22',NULL,NULL),(191,205,9,'2025-10-01',NULL,'Otomatis',150000.00,'Suspended','2025-09-26 16:59:18','2025-09-26 17:08:12',NULL,NULL),(192,206,9,'2025-11-01','2025-10-05','Otomatis',135135.00,'Aktif','2025-09-26 16:59:18','2025-10-05 15:05:42',NULL,NULL),(193,207,9,'2025-11-01','2025-10-06','Otomatis',135135.00,'Aktif','2025-09-26 16:59:18','2025-10-06 16:17:09',NULL,NULL),(194,208,9,'2025-11-01','2025-10-01','Otomatis',135135.00,'Aktif','2025-09-26 16:59:18','2025-10-01 20:34:26',NULL,NULL),(195,209,9,'2025-11-01','2025-10-05','Otomatis',135135.00,'Aktif','2025-09-26 16:59:18','2025-10-05 11:33:28',NULL,NULL),(196,210,9,'2025-11-01','2025-10-02','Otomatis',135135.00,'Aktif','2025-09-26 16:59:18','2025-10-02 19:43:07',NULL,NULL),(197,211,9,'2025-11-01','2025-10-05','Otomatis',135135.00,'Aktif','2025-09-26 16:59:18','2025-10-05 09:56:10',NULL,NULL),(198,212,9,'2025-11-01','2025-10-02','Otomatis',135135.00,'Aktif','2025-09-26 16:59:18','2025-10-02 19:16:39',NULL,NULL),(199,213,9,'2025-10-01',NULL,'Otomatis',150000.00,'Suspended','2025-09-26 16:59:18','2025-09-26 17:08:23',NULL,NULL),(200,214,9,'2025-11-01','2025-10-02','Otomatis',135135.00,'Aktif','2025-09-26 16:59:18','2025-10-02 13:08:29',NULL,NULL),(201,215,9,'2025-11-01','2025-09-30','Otomatis',135135.00,'Aktif','2025-09-26 16:59:18','2025-09-30 18:12:41',NULL,NULL),(202,216,9,'2025-11-01','2025-09-28','Otomatis',135135.00,'Aktif','2025-09-26 16:59:18','2025-09-28 15:56:40',NULL,NULL),(203,217,9,'2025-11-01','2025-10-05','Otomatis',135135.00,'Aktif','2025-09-26 16:59:18','2025-10-05 13:18:58',NULL,NULL),(204,218,9,'2025-11-01','2025-10-05','Otomatis',135135.00,'Aktif','2025-09-26 16:59:18','2025-10-05 22:17:53',NULL,NULL),(205,219,9,'2025-11-01','2025-09-29','Otomatis',150000.00,'Aktif','2025-09-26 16:59:18','2025-09-29 10:56:44',NULL,NULL),(206,220,9,'2025-11-01','2025-10-05','Otomatis',135135.00,'Aktif','2025-09-26 16:59:18','2025-10-05 17:24:40',NULL,NULL),(207,221,9,'2025-11-01','2025-10-06','Otomatis',135135.00,'Aktif','2025-09-26 16:59:18','2025-10-06 08:33:10',NULL,NULL),(208,222,9,'2025-11-01','2025-10-05','Otomatis',135135.00,'Aktif','2025-09-26 16:59:18','2025-10-05 00:25:16',NULL,NULL),(209,223,9,'2025-11-01','2025-10-01','Otomatis',135135.00,'Aktif','2025-09-26 16:59:18','2025-10-01 20:36:45',NULL,NULL),(210,224,9,'2025-11-01','2025-10-05','Otomatis',135135.00,'Aktif','2025-09-26 16:59:18','2025-10-05 11:35:07',NULL,NULL),(211,225,9,'2025-10-01',NULL,'Otomatis',135135.00,'Suspended','2025-09-26 16:59:18','2025-10-05 00:18:40',NULL,NULL),(212,226,9,'2025-11-01','2025-10-03','Otomatis',135135.00,'Aktif','2025-09-26 16:59:18','2025-10-03 18:14:16',NULL,NULL),(213,227,9,'2025-10-01',NULL,'Otomatis',135135.00,'Suspended','2025-09-26 16:59:18','2025-10-05 00:18:40',NULL,NULL),(214,228,9,'2025-11-01','2025-10-02','Otomatis',135135.00,'Aktif','2025-09-26 16:59:18','2025-10-02 14:30:06',NULL,NULL),(215,229,9,'2025-11-01','2025-09-26','Otomatis',135135.00,'Aktif','2025-09-26 16:59:18','2025-09-26 18:13:36',NULL,NULL),(216,230,9,'2025-11-01','2025-10-02','Otomatis',135135.00,'Aktif','2025-09-26 16:59:18','2025-10-02 07:10:08',NULL,NULL),(217,231,9,'2025-10-01',NULL,'Otomatis',150000.00,'Suspended','2025-09-26 16:59:18','2025-09-26 17:09:07',NULL,NULL),(218,232,9,'2025-11-01','2025-10-02','Otomatis',150000.00,'Aktif','2025-09-26 16:59:18','2025-10-02 19:12:44',NULL,NULL),(219,233,11,'2025-10-01',NULL,'Otomatis',248640.00,'Suspended','2025-09-26 16:59:18','2025-09-26 17:09:29',NULL,NULL),(220,234,9,'2025-10-01',NULL,'Otomatis',150000.00,'Suspended','2025-09-26 16:59:18','2025-09-26 17:09:38',NULL,NULL),(221,235,9,'2025-11-01','2025-10-04','Otomatis',135135.00,'Aktif','2025-09-26 16:59:18','2025-10-04 21:23:45',NULL,NULL),(222,236,9,'2025-11-01','2025-10-08','Otomatis',150000.00,'Aktif','2025-09-26 16:59:18','2025-10-08 19:42:17',NULL,NULL),(223,237,9,'2025-10-01',NULL,'Otomatis',150000.00,'Suspended','2025-09-26 16:59:18','2025-09-26 17:09:47',NULL,NULL),(224,238,9,'2025-11-01','2025-10-10','Otomatis',150000.00,'Aktif','2025-09-26 16:59:18','2025-10-10 12:33:52',NULL,NULL),(225,239,9,'2025-11-01','2025-10-02','Otomatis',135135.00,'Aktif','2025-09-26 16:59:18','2025-10-02 19:50:01',NULL,NULL),(226,240,9,'2025-11-01','2025-10-05','Otomatis',135135.00,'Aktif','2025-09-26 16:59:18','2025-10-05 09:36:34',NULL,NULL),(227,241,9,'2025-11-01','2025-10-02','Otomatis',135135.00,'Aktif','2025-09-26 16:59:18','2025-10-02 06:20:51',NULL,NULL),(228,242,9,'2025-11-01','2025-10-02','Otomatis',135135.00,'Aktif','2025-09-26 16:59:18','2025-10-02 12:55:14',NULL,NULL),(229,243,3,'2025-11-01','2025-10-07','Otomatis',248640.00,'Aktif','2025-09-26 19:50:12','2025-10-07 10:59:19',NULL,NULL),(230,244,2,'2025-11-01',NULL,'Otomatis',199000.00,'Aktif','2025-09-26 19:50:12','2025-09-26 19:50:12',NULL,NULL),(231,245,1,'2025-11-01','2025-10-04','Otomatis',135135.00,'Aktif','2025-09-26 19:50:12','2025-10-04 13:06:21',NULL,NULL),(232,246,1,'2025-11-01','2025-10-06','Otomatis',135135.00,'Aktif','2025-09-26 19:50:12','2025-10-06 16:22:53',NULL,NULL),(233,247,1,'2025-11-01','2025-09-27','Otomatis',135135.00,'Aktif','2025-09-26 19:50:12','2025-09-27 08:10:21',NULL,NULL),(234,248,1,'2025-10-01',NULL,'Otomatis',150000.00,'Suspended','2025-09-26 19:50:12','2025-09-27 10:25:28',NULL,NULL),(235,249,1,'2025-11-01','2025-10-02','Otomatis',135135.00,'Aktif','2025-09-26 19:50:12','2025-10-02 02:04:59',NULL,NULL),(236,250,1,'2025-10-01',NULL,'Otomatis',135135.00,'Suspended','2025-09-26 19:50:12','2025-10-05 00:18:42',NULL,NULL),(237,251,3,'2025-11-01','2025-10-01','Otomatis',224000.00,'Aktif','2025-09-26 19:50:12','2025-10-01 19:16:28',NULL,NULL),(238,252,2,'2025-11-01','2025-09-30','Otomatis',199000.00,'Aktif','2025-09-26 19:50:12','2025-09-30 10:48:11',NULL,NULL),(239,253,1,'2025-11-01','2025-10-05','Otomatis',135135.00,'Aktif','2025-09-26 19:50:12','2025-10-05 08:23:57',NULL,NULL),(240,254,1,'2025-11-01','2025-09-30','Otomatis',135135.00,'Aktif','2025-09-26 19:50:12','2025-09-30 13:24:56',NULL,NULL),(241,255,1,'2025-11-01','2025-10-05','Otomatis',135135.00,'Aktif','2025-09-26 19:50:12','2025-10-05 20:02:24',NULL,NULL),(242,256,4,'2025-10-01',NULL,'Otomatis',281940.00,'Suspended','2025-09-26 19:50:12','2025-09-27 10:25:48',NULL,NULL),(243,257,3,'2025-11-01','2025-10-05','Otomatis',224000.00,'Aktif','2025-09-26 19:50:12','2025-10-05 01:39:14',NULL,NULL),(244,258,1,'2025-11-01','2025-10-05','Otomatis',135135.00,'Aktif','2025-09-26 19:50:12','2025-10-05 06:41:57',NULL,NULL),(245,259,3,'2025-11-01','2025-09-29','Otomatis',224000.00,'Aktif','2025-09-26 19:50:12','2025-09-29 09:08:56',NULL,NULL),(246,260,1,'2025-10-01',NULL,'Otomatis',150000.00,'Suspended','2025-09-26 19:50:12','2025-09-27 10:26:19',NULL,NULL),(247,261,1,'2025-10-01',NULL,'Otomatis',150000.00,'Suspended','2025-09-26 19:50:12','2025-09-27 10:26:38',NULL,NULL),(248,262,1,'2025-11-01','2025-10-05','Otomatis',135135.00,'Aktif','2025-09-26 19:50:12','2025-10-05 13:06:10',NULL,NULL),(249,263,5,'2025-11-01','2025-09-27','Otomatis',166500.00,'Aktif','2025-09-27 09:46:19','2025-09-27 13:44:37','2025-09-27',NULL),(250,264,6,'2025-11-01','2025-09-30','Otomatis',231990.00,'Aktif','2025-09-29 11:37:44','2025-09-30 13:36:47','2025-09-29',NULL),(251,265,7,'2025-11-01','2025-09-29','Otomatis',276390.00,'Aktif','2025-09-29 13:22:40','2025-09-29 16:33:56','2025-09-29',NULL),(252,266,5,'2025-11-01','2025-09-29','Otomatis',166500.00,'Aktif','2025-09-29 13:22:50','2025-09-29 21:02:38','2025-09-29',NULL),(253,267,5,'2025-11-01','2025-10-01','Otomatis',166500.00,'Aktif','2025-10-01 10:08:06','2025-10-01 11:00:48','2025-10-01',NULL),(254,268,5,'2025-11-01','2025-10-02','Otomatis',166500.00,'Aktif','2025-10-02 09:47:27','2025-10-02 11:31:33','2025-10-02',NULL),(255,269,5,'2025-11-01','2025-10-02','Otomatis',166500.00,'Aktif','2025-10-02 15:16:27','2025-10-02 19:10:23','2025-10-02',NULL),(257,271,5,'2025-11-01','2025-10-04','Otomatis',166500.00,'Aktif','2025-10-04 13:53:55','2025-10-04 16:03:15','2025-10-04',NULL),(258,272,1,'2025-10-31',NULL,'Prorate',125806.00,'Aktif','2025-10-06 09:50:23','2025-10-06 09:50:23','2025-10-06',NULL),(259,273,5,'2025-11-01','2025-10-06','Otomatis',166500.00,'Aktif','2025-10-06 09:51:11','2025-10-06 11:34:37','2025-10-06',NULL),(260,274,6,'2025-11-01','2025-10-06','Otomatis',231990.00,'Aktif','2025-10-06 10:57:20','2025-10-06 18:04:42','2025-10-06',NULL),(261,275,9,'2025-10-31',NULL,'Prorate',116129.00,'Aktif','2025-10-08 10:20:16','2025-10-08 10:20:16','2025-10-08',NULL),(262,278,7,'2025-11-01','2025-10-09','Otomatis',276390.00,'Aktif','2025-10-09 11:30:15','2025-10-09 17:57:13','2025-10-09',NULL),(263,279,9,'2025-11-01','2025-10-10','Otomatis',150000.00,'Aktif','2025-10-09 17:50:34','2025-10-10 15:07:16','2025-10-10',NULL),(264,281,5,'2025-11-01','2025-10-10','Otomatis',166500.00,'Aktif','2025-10-10 09:56:15','2025-10-10 14:26:41','2025-10-10',NULL),(265,280,5,'2025-11-01','2025-10-10','Otomatis',166500.00,'Aktif','2025-10-10 09:57:07','2025-10-10 16:19:53','2025-10-10',NULL);
/*!40000 ALTER TABLE `langganan` ENABLE KEYS */;
UNLOCK TABLES;

--
-- Table structure for table `mikrotik_servers`
--

DROP TABLE IF EXISTS `mikrotik_servers`;
/*!40101 SET @saved_cs_client     = @@character_set_client */;
/*!40101 SET character_set_client = utf8mb4 */;
CREATE TABLE `mikrotik_servers` (
  `id` bigint(20) NOT NULL AUTO_INCREMENT,
  `name` varchar(191) NOT NULL,
  `host_ip` varchar(191) NOT NULL,
  `username` varchar(191) NOT NULL,
  `password` text NOT NULL,
  `port` int(11) NOT NULL,
  `ros_version` varchar(191) DEFAULT NULL,
  `is_active` tinyint(1) NOT NULL,
  `last_connection_status` varchar(191) DEFAULT NULL,
  `last_connected_at` datetime DEFAULT NULL,
  `created_at` datetime DEFAULT current_timestamp(),
  `updated_at` datetime DEFAULT current_timestamp(),
  PRIMARY KEY (`id`),
  UNIQUE KEY `ix_mikrotik_servers_name` (`name`),
  KEY `ix_mikrotik_servers_last_connection_status` (`last_connection_status`),
  KEY `ix_mikrotik_servers_is_active` (`is_active`),
  KEY `ix_mikrotik_servers_host_ip` (`host_ip`)
) ENGINE=InnoDB AUTO_INCREMENT=8 DEFAULT CHARSET=utf8mb4 COLLATE=utf8mb4_unicode_ci;
/*!40101 SET character_set_client = @saved_cs_client */;

--
-- Dumping data for table `mikrotik_servers`
--

LOCK TABLES `mikrotik_servers` WRITE;
/*!40000 ALTER TABLE `mikrotik_servers` DISABLE KEYS */;
INSERT INTO `mikrotik_servers` VALUES (1,'Tambun','17.17.17.2','userapi','masukapi123!',9729,'6.48.6',1,'Success','2025-10-05 00:30:34','2025-07-31 12:57:28','2025-10-05 00:30:34'),(2,'Pinus','12.12.12.10','userapi','masukapi123!',9729,'7.1.2',1,'Success','2025-10-05 00:30:32','2025-08-13 10:09:09','2025-10-05 00:30:32'),(3,'Waringin','18.18.18.6','userapi','masukapi123',9729,'7.14.2',1,'Success','2025-10-05 00:30:30','2025-08-13 10:15:41','2025-10-05 00:30:30'),(4,'Nagrak','18.18.18.2','userapi','masukapi123.!!',9729,'7.12.2',1,'Success','2025-10-05 00:30:29','2025-09-02 10:31:19','2025-10-05 00:30:29'),(5,'Pulogebang','12.12.12.2','userapi','masukapi123!!',9729,'7.0.4',1,'Success','2025-10-05 00:30:27','2025-09-07 10:07:54','2025-10-05 00:30:27'),(6,'Parama','18.18.18.4','userapi','masukapi123.!!',9729,'7.14.2',1,'Success','2025-10-06 10:49:49','2025-09-10 10:11:25','2025-10-06 10:49:49'),(7,'Tipar Cakung','12.12.12.6','userapi','masukapi123!',9729,'7.14.2',1,'Success','2025-10-05 00:30:26','2025-09-26 18:11:22','2025-10-05 00:30:26');
/*!40000 ALTER TABLE `mikrotik_servers` ENABLE KEYS */;
UNLOCK TABLES;

--
-- Table structure for table `odp`
--

DROP TABLE IF EXISTS `odp`;
/*!40101 SET @saved_cs_client     = @@character_set_client */;
/*!40101 SET character_set_client = utf8mb4 */;
CREATE TABLE `odp` (
  `id` int(11) NOT NULL AUTO_INCREMENT,
  `kode_odp` varchar(100) NOT NULL,
  `alamat` varchar(255) DEFAULT NULL,
  `kapasitas_port` int(11) NOT NULL,
  `latitude` float DEFAULT NULL,
  `longitude` float DEFAULT NULL,
  `parent_odp_id` int(11) DEFAULT NULL,
  `olt_id` int(11) NOT NULL,
  PRIMARY KEY (`id`),
  UNIQUE KEY `kode_odp` (`kode_odp`),
  KEY `parent_odp_id` (`parent_odp_id`),
  KEY `olt_id` (`olt_id`),
  KEY `ix_odp_id` (`id`),
  CONSTRAINT `odp_ibfk_1` FOREIGN KEY (`parent_odp_id`) REFERENCES `odp` (`id`),
  CONSTRAINT `odp_ibfk_2` FOREIGN KEY (`olt_id`) REFERENCES `olt` (`id`)
) ENGINE=InnoDB AUTO_INCREMENT=6 DEFAULT CHARSET=utf8mb4 COLLATE=utf8mb4_unicode_ci;
/*!40101 SET character_set_client = @saved_cs_client */;

--
-- Dumping data for table `odp`
--

LOCK TABLES `odp` WRITE;
/*!40000 ALTER TABLE `odp` DISABLE KEYS */;
INSERT INTO `odp` VALUES (1,'ODP-PRM-2025-001','Jl. Parama Pelamunan, Kecamaan Kramatwatu, Kabupaten Serang Banten',16,-6.0796,106.12,NULL,4),(2,'ODP-PRM-2025-002','Jl. Parama Pelamunan, Kecamaan Kramatwatu, Kabupaten Serang Banten',16,-6.07939,106.12,NULL,4),(3,'ODP-TMB-KMB-001','Jl. Kamboja II Blok C20 No.18, Mekarsari, Kec. Tambun Sel., Kabupaten Bekasi, Jawa Barat 17510',8,-6.25514,107.074,NULL,2),(4,'ODP-TMB-KMB-002','Jl. Kamboja II Blok C20 No.18, Mekarsari, Kec. Tambun Sel., Kabupaten Bekasi, Jawa Barat 17510',8,-6.25507,107.075,NULL,2),(5,'ODP-TMB-PAAN-003','Mekarsari,Kec. Tambun Sel., Kabupaten Bekasi, Jawa Barat',8,-6.25562,107.074,NULL,2);
/*!40000 ALTER TABLE `odp` ENABLE KEYS */;
UNLOCK TABLES;

--
-- Table structure for table `olt`
--

DROP TABLE IF EXISTS `olt`;
/*!40101 SET @saved_cs_client     = @@character_set_client */;
/*!40101 SET character_set_client = utf8mb4 */;
CREATE TABLE `olt` (
  `id` int(11) NOT NULL AUTO_INCREMENT,
  `nama_olt` varchar(100) NOT NULL,
  `ip_address` varchar(100) NOT NULL,
  `tipe_olt` varchar(50) NOT NULL,
  `username` varchar(100) DEFAULT NULL,
  `password` varchar(100) DEFAULT NULL,
  `mikrotik_server_id` bigint(20) DEFAULT NULL,
  PRIMARY KEY (`id`),
  UNIQUE KEY `nama_olt` (`nama_olt`),
  UNIQUE KEY `ip_address` (`ip_address`),
  KEY `mikrotik_server_id` (`mikrotik_server_id`),
  KEY `ix_olt_id` (`id`),
  CONSTRAINT `olt_ibfk_1` FOREIGN KEY (`mikrotik_server_id`) REFERENCES `mikrotik_servers` (`id`)
) ENGINE=InnoDB AUTO_INCREMENT=5 DEFAULT CHARSET=utf8mb4 COLLATE=utf8mb4_unicode_ci;
/*!40101 SET character_set_client = @saved_cs_client */;

--
-- Dumping data for table `olt`
--

LOCK TABLES `olt` WRITE;
/*!40000 ALTER TABLE `olt` DISABLE KEYS */;
INSERT INTO `olt` VALUES (2,'TAMBUN','10.10.100.1','HSGQ','root','gAAAAABouxmrD0Xi0Eg0S9INuSbKc-0ftLsGun5kMsQKgXdEbUA7FNKbWjftumw_v_M2bo4iMhOVIVnIhg7sKGQd4PPJab-9yw==',1),(4,'PARAMA','192.168.100.10','HSGQ','root','gAAAAABow8nfVtlE_OhPf5kyjPl7dQBijo9-nXb4_rVS0CWSwDVrZ35VM8sRCHsMVofee4qYmrXIqWB_0Brm0-qEEGblEKG2-w==',6);
/*!40000 ALTER TABLE `olt` ENABLE KEYS */;
UNLOCK TABLES;

--
-- Table structure for table `paket_layanan`
--

DROP TABLE IF EXISTS `paket_layanan`;
/*!40101 SET @saved_cs_client     = @@character_set_client */;
/*!40101 SET character_set_client = utf8mb4 */;
CREATE TABLE `paket_layanan` (
  `id` bigint(20) NOT NULL AUTO_INCREMENT,
  `id_brand` varchar(191) NOT NULL,
  `nama_paket` varchar(191) NOT NULL,
  `kecepatan` int(11) NOT NULL,
  `harga` decimal(15,2) NOT NULL,
  PRIMARY KEY (`id`),
  KEY `id_brand` (`id_brand`),
  CONSTRAINT `paket_layanan_ibfk_1` FOREIGN KEY (`id_brand`) REFERENCES `harga_layanan` (`id_brand`)
) ENGINE=InnoDB AUTO_INCREMENT=13 DEFAULT CHARSET=utf8mb4 COLLATE=utf8mb4_unicode_ci;
/*!40101 SET character_set_client = @saved_cs_client */;

--
-- Dumping data for table `paket_layanan`
--

LOCK TABLES `paket_layanan` WRITE;
/*!40000 ALTER TABLE `paket_layanan` DISABLE KEYS */;
INSERT INTO `paket_layanan` VALUES (1,'ajn-01','Internet 10 Mbps',10,135135.00),(2,'ajn-01','Internet 20 Mbps',20,199000.00),(3,'ajn-01','Internet 30 Mbps',30,224000.00),(4,'ajn-01','Internet 50 Mbps',50,254000.00),(5,'ajn-02','Internet 10 Mbps',10,150000.00),(6,'ajn-02','Internet 20 Mbps',20,209000.00),(7,'ajn-02','Internet 30 Mbps',30,249000.00),(8,'ajn-02','Internet 50 Mbps',50,289900.00),(9,'ajn-03','Internet 10 Mbps',10,135135.00),(10,'ajn-03','Internet 20 Mbps',20,199000.00),(11,'ajn-03','Internet 30 Mbps',30,224000.00),(12,'ajn-03','Internet 50 Mbps',50,254000.00);
/*!40000 ALTER TABLE `paket_layanan` ENABLE KEYS */;
UNLOCK TABLES;

--
-- Table structure for table `pelanggan`
--

DROP TABLE IF EXISTS `pelanggan`;
/*!40101 SET @saved_cs_client     = @@character_set_client */;
/*!40101 SET character_set_client = utf8mb4 */;
CREATE TABLE `pelanggan` (
  `id` bigint(20) NOT NULL AUTO_INCREMENT,
  `no_ktp` varchar(191) NOT NULL,
  `nama` varchar(191) NOT NULL,
  `alamat` varchar(191) NOT NULL,
  `alamat_custom` varchar(191) DEFAULT NULL,
  `alamat_2` text DEFAULT NULL,
  `tgl_instalasi` date DEFAULT NULL,
  `blok` varchar(191) NOT NULL,
  `unit` varchar(191) NOT NULL,
  `no_telp` varchar(191) NOT NULL,
  `email` varchar(191) NOT NULL,
  `id_brand` varchar(191) DEFAULT NULL,
  `layanan` varchar(191) DEFAULT NULL,
  `brand_default` varchar(191) DEFAULT NULL,
  `mikrotik_server_id` bigint(20) DEFAULT NULL,
  PRIMARY KEY (`id`),
  UNIQUE KEY `ix_pelanggan_email` (`email`),
  KEY `ix_pelanggan_alamat` (`alamat`),
  KEY `ix_pelanggan_no_telp` (`no_telp`),
  KEY `ix_pelanggan_nama` (`nama`),
  KEY `ix_pelanggan_id_brand` (`id_brand`),
  KEY `ix_pelanggan_id` (`id`),
  KEY `mikrotik_server_id` (`mikrotik_server_id`),
  CONSTRAINT `pelanggan_ibfk_1` FOREIGN KEY (`id_brand`) REFERENCES `harga_layanan` (`id_brand`),
  CONSTRAINT `pelanggan_ibfk_2` FOREIGN KEY (`id_brand`) REFERENCES `harga_layanan` (`id_brand`),
  CONSTRAINT `pelanggan_ibfk_3` FOREIGN KEY (`mikrotik_server_id`) REFERENCES `mikrotik_servers` (`id`)
) ENGINE=InnoDB AUTO_INCREMENT=282 DEFAULT CHARSET=utf8mb4 COLLATE=utf8mb4_unicode_ci;
/*!40101 SET character_set_client = @saved_cs_client */;

--
-- Dumping data for table `pelanggan`
--

LOCK TABLES `pelanggan` WRITE;
/*!40000 ALTER TABLE `pelanggan` DISABLE KEYS */;
INSERT INTO `pelanggan` VALUES (1,'0000000000000000','Fajar','Tambun',NULL,'Jl. Kamboja 2 blok C 20A nomor 21, Tambun Selatan','2024-01-01','C','21','081310117883','fajar@gmail.com','ajn-02','Internet 10 Mbps',NULL,NULL),(2,'0000000000000000','M. Yusuf','Tambun',NULL,'Jl. Mangga 1 RT 05/06 no 109 Tridaya  Sakti, Tambun Selatan','2024-01-01','N/A','109','081310117883','aprilia.pransiska@gmail.com','ajn-02','Internet 10 Mbps',NULL,NULL),(3,'0000000000000000','Delif','Tambun',NULL,'Jl. KH. Masud no 42 RT 4 RW 5 Sasak Tiga, Tambun Selatan','2024-01-01','N/A','42','087881417961','n7895746@gmail.com','ajn-02','Internet 10 Mbps',NULL,NULL),(4,'0000000000000000','Jaenudin','Tambun',NULL,'Jl. Cendana blok C 14 no 8 kompas indah, Tambun Selatan','2024-01-01','C','14','08973082650','wahabjaenudin@gmail.com','ajn-02','Internet 10 Mbps',NULL,NULL),(5,'0000000000000000','Mansur Harahap','Tambun',NULL,'Jl. Sasak 3 RT 05 RW 06 Tridaya, Tambun Selatan','2024-01-01','N/A','3','081287192295','mansur123@gmail.com','ajn-02','Internet 10 Mbps',NULL,NULL),(6,'0000000000000000','Khairo','Luar Pinus Elok',NULL,'Jl. P. Komarudin RT 07 RW 05 No 50 A Pulogebang Jakarta Timur','2024-01-01','A','50','087877393805','kiroramadhan@gmail.com','ajn-02','Internet 10 Mbps',NULL,NULL),(7,'0000000000000000','Ayu Putriany','Luar Pinus Elok',NULL,'Jl. P. Komarudin RT 12 RW 05 No 51 Pulogebang Jakarta Timur','2024-01-01','N/A','51','085778780731','ayuputriany91@gmail.com','ajn-02','Internet 10 Mbps',NULL,NULL),(8,'0000000000000000','Abu Bakar','Luar Pinus Elok',NULL,'jl pahlawan Komarudin RT 12 RW 05 no 50C Pulogebang Cakung Jakarta Timur','2024-01-01','C','50','081313131141','abubakarcm3@gmail.com','ajn-02','Internet 30 Mbps',NULL,NULL),(9,'0000000000000000','Ahmad Hamdani','Luar Pinus Elok',NULL,'Jl.P.Komarudin RT 12/05 No. 50A Pulogebang Cakung Jakarta Timur','2024-01-01','A','50','08780570814','hmdhmdndani@gmail.com','ajn-02','Internet 10 Mbps',NULL,NULL),(10,'0000000000000000','Sutata','Luar Pinus Elok',NULL,'Komarudin RT 7 RW 5 No.33A Pulogebang Cakung','2024-01-01','A','33','085697186546','tsuta1440@gmail.com','ajn-02','Internet 10 Mbps',NULL,NULL),(11,'0000000000000000','Ika Sari','Luar Pinus Elok',NULL,'Jln komarudin lama rt 12 rw 05 no 12 A','2024-01-01','A','12','081212854123','ikasari585@gmail.com','ajn-02','Internet 10 Mbps',NULL,NULL),(12,'0000000000000000','Muafi','Luar Pinus Elok',NULL,'Jl. Komarudin Gg. Kabel Rt/Rw: 7/5 No 51 A Pulogebang, Jaktim','2024-01-01','A','51','085940475413','muafiputra@gmail.com','ajn-02','Internet 10 Mbps',NULL,NULL),(13,'0000000000000000','Slamet Widiyanto','Luar Pinus Elok',NULL,'jl. Komarudin lama gg kabel rt 07 rw 05 pulogebang cakung','2024-01-01','N/A','N/A','087770031146','cimolkentang954@gmail.com','ajn-02','Internet 10 Mbps',NULL,NULL),(14,'0000000000000000','Thoharoh Januri Putra','Luar Pinus Elok',NULL,'Ujung krawang no 12 rt 12 rw 05 kel: pulogebang, kec: cakung jakarta timur 13950','2024-01-01','N/A','12','085885126323','rafa.alamry1@gmail.com','ajn-02','Internet 10 Mbps',NULL,NULL),(15,'0000000000000000','Maman','Waringin',NULL,'Perumahan Waringin Blok','2024-01-01','B6','2','085212388332','maman123@gmail.com','ajn-02','Internet 10 Mbps',NULL,NULL),(16,'0000000000000000','Slamet','Waringin',NULL,'Perumahan Waringin Blok','2024-01-01','B5','16','085878156132','slamet12@gmail.com','ajn-02','Internet 10 Mbps',NULL,NULL),(17,'0000000000000000','Rita','Waringin',NULL,'Perumahan Waringin Blok','2024-01-01','B5','22','082180314993','susansamsung106@gmail.com','ajn-02','Internet 20 Mbps',NULL,NULL),(18,'0000000000000000','Rian','Waringin',NULL,'Perumahan Waringin Blok','2024-01-01','A3','1','082114968477','riyanadjah6@gmail.com','ajn-02','Internet 10 Mbps',NULL,NULL),(19,'0000000000000000','Neneng Sri Widayanti','Waringin',NULL,'Perumahan Waringin Blok','2024-01-01','A3','10','08577084305','widayantinengsri@gmail.com','ajn-02','Internet 20 Mbps',NULL,NULL),(20,'0000000000000000','Dewi Hartati','Waringin',NULL,'Perumahan Waringin Blok','2024-01-01','A3','9','089688085445','amiribrahimserang24@gmail.com','ajn-02','Internet 20 Mbps',NULL,NULL),(21,'0000000000000000','Adien','Waringin',NULL,'Perumahan Waringin Blok','2024-01-01','A1','7','081382131591','adiengm@gmail.com','ajn-02','Internet 20 Mbps',NULL,NULL),(22,'0000000000000000','Yopan','Waringin',NULL,'Perumahan Waringin Blok','2024-01-01','A2','9','081280039235','riskalianita94@gmail.com','ajn-02','Internet 10 Mbps',NULL,NULL),(23,'0000000000000000','Anton Saputra','Waringin',NULL,'Perumahan Waringin Blok','2024-01-01','A4','2','081395416850','newntonn@gmail.com','ajn-02','Internet 20 Mbps',NULL,NULL),(24,'0000000000000000','Yoga','Waringin',NULL,'Perumahan Waringin Blok','2024-01-01','B3','8','085890391485','yogaadinugroho1997@gmail.com','ajn-02','Internet 10 Mbps',NULL,NULL),(25,'0000000000000000','Sudira','Waringin',NULL,'Perumahan Waringin Blok','2024-01-01','A5','12','085920046190','sudirahusada7@gmail.com','ajn-02','Internet 10 Mbps',NULL,NULL),(26,'0000000000000000','Suproji','Waringin',NULL,'Perumahan Waringin Blok','2024-01-01','B5','20','08211301779','ramadhanaska687@gmail.com','ajn-02','Internet 10 Mbps',NULL,NULL),(27,'0000000000000000','Eli Sukasih','Waringin',NULL,'Perumahan Waringin Blok','2024-01-01','B4','3','087849750016','e81217069@gmail.com','ajn-02','Internet 10 Mbps',NULL,NULL),(28,'0000000000000000','Lima Dara','Waringin',NULL,'Perumahan Waringin Blok','2024-01-01','B1','1','081280676942','romadanikartika22@gmail.com','ajn-02','Internet 10 Mbps',NULL,NULL),(29,'0000000000000000','Vivian desilva','Waringin',NULL,'Perumahan Waringin Blok','2024-01-01','A6','2','081315503675','bdgbandung79@gmail.com','ajn-02','Internet 50 Mbps',NULL,NULL),(30,'0000000000000000','Fitri Lindawati','Waringin',NULL,'Perumahan Waringin Blok','2024-01-01','A4','11','082214042827','fitrilindawati00@gmail.com','ajn-02','Internet 10 Mbps',NULL,NULL),(31,'0000000000000000','Cipto','Waringin',NULL,'Perumahan Waringin Blok','2024-01-01','A4','15','08180053115','ciptobunong@gmail.com','ajn-02','Internet 10 Mbps',NULL,NULL),(32,'0000000000000000','Shelvi Dianeth','Waringin',NULL,'Perumahan Waringin Blok','2024-01-01','B1','11','085212358447','dianethshelvi@gmail.com','ajn-02','Internet 20 Mbps',NULL,NULL),(33,'0000000000000000','Restu Ady','Waringin',NULL,'Perumahan Waringin Blok','2024-01-01','A6','11','0895405000000','restuady020396@gmail.com','ajn-02','Internet 10 Mbps',NULL,NULL),(34,'0000000000000000','Aldy','Waringin',NULL,'Perumahan Waringin Blok','2024-01-01','B3','9','087871675249','s6max.23@gmail.com','ajn-02','Internet 10 Mbps',NULL,NULL),(35,'0000000000000000','Raswa Jaya','Waringin',NULL,'Perumahan Waringin Blok','2024-01-01','A3','15','0895330000000','raswajaya@gmail.com','ajn-02','Internet 20 Mbps',NULL,NULL),(36,'0000000000000000','Isnawati','Waringin',NULL,'Perumahan Waringin Blok','2024-01-01','B5','5','087764860776','isnawati123@gmail.com','ajn-02','Internet 10 Mbps',NULL,NULL),(37,'0000000000000000','Reza Eka Putra','Waringin',NULL,'Perumahan Waringin Blok','2024-01-01','B4','7','081311702260','rezaekaaa@gmail.com','ajn-02','Internet 10 Mbps',NULL,NULL),(38,'0000000000000000','Lis Budianto','Waringin',NULL,'Perumahan Waringin Blok','2024-01-01','B3','6','085285578088','lisbudianto71@gmail.com','ajn-02','Internet 10 Mbps',NULL,NULL),(39,'0000000000000000','Najmudin','Waringin',NULL,'Perumahan Waringin Blok','2024-01-01','A2','19','085945640734','najmudin123@gmail.com','ajn-02','Internet 10 Mbps',NULL,NULL),(40,'0000000000000000','Nadia Rahmahdani','Waringin',NULL,'Perumahan Waringin Blok','2024-01-01','B7','6','087877888334','dheanadia38@gmail.com','ajn-02','Internet 10 Mbps',NULL,NULL),(41,'0000000000000000','Dila Upitasari','Waringin',NULL,'Perumahan Waringin Blok','2024-01-01','A7','11','085600566936','upitasariajja@gmail.com','ajn-02','Internet 10 Mbps',NULL,NULL),(42,'0000000000000000','Dinda Rizki Aprilia','Waringin',NULL,'Perumahan Waringin Blok','2024-01-01','B6','26','081287598035','dindarizkiaprilia480@gmail.com','ajn-02','Internet 20 Mbps',NULL,NULL),(43,'0000000000000000','Tubagus Yahya Ramadhan Suhendar','Waringin',NULL,'Perumahan Waringin Blok','2024-01-01','A3','18','083813891335','ramayahya1516@gmail.com','ajn-02','Internet 10 Mbps',NULL,NULL),(44,'0000000000000000','Yudha Bagus Asmoro','Waringin',NULL,'Perumahan Waringin Blok','2024-01-01','A2','7','08817535919','houseasmoro@gmail.com','ajn-02','Internet 10 Mbps',NULL,NULL),(45,'0000000000000000','Tuty Rukmana','Waringin',NULL,'Perumahan Waringin Blok','2024-01-01','A2','5','08995729070','tutirukmana73@gemail.com','ajn-02','Internet 10 Mbps',NULL,NULL),(46,'0000000000000000','Alicia','Waringin',NULL,'Perumahan Waringin Blok','2024-01-01','B7','8','0881013000000','alicia.maysaa23@gmail.com','ajn-02','Internet 10 Mbps',NULL,NULL),(47,'0000000000000000','Faizal Firmansyah','Waringin',NULL,'Perumahan Waringin Blok','2024-01-01','B7','1','083894884900','faizalfirmansyah1111@gmail.com','ajn-02','Internet 20 Mbps',NULL,NULL),(48,'0000000000000000','Muhammad Aji','Waringin',NULL,'Perumahan Waringin Blok','2024-01-01','A6','4','087888075974','ajirizaldi007@gmail.com','ajn-02','Internet 20 Mbps',NULL,NULL),(49,'0000000000000000','Karsono','Waringin',NULL,'Perumahan Waringin Blok','2024-01-01','B5','15','081218206367','karsonoso04@gmail.com','ajn-02','Internet 10 Mbps',NULL,NULL),(50,'0000000000000000','Sanuri','Waringin',NULL,'Perumahan Waringin Blok','2024-01-01','D2','11','08594056760','wshugos@gmail.com','ajn-02','Internet 10 Mbps',NULL,NULL),(51,'0000000000000000','Iis Rosita','Waringin',NULL,'Perumahan Waringin Blok','2024-01-01','B6','12','083898861346','iisr6406@gmail.com','ajn-02','Internet 10 Mbps',NULL,NULL),(52,'0000000000000000','Ahmad Kherul','Waringin',NULL,'Perumahan Waringin Blok','2024-01-01','A6','14','087843138958','airul1992@gmail.com','ajn-02','Internet 10 Mbps',NULL,NULL),(53,'0000000000000000','Adawiyah','Waringin',NULL,'Perumahan Waringin Blok','2024-01-01','A3','4','083874688322','iyahadaw91@gmail.com','ajn-02','Internet 10 Mbps',NULL,NULL),(54,'0000000000000000','M Deni','Waringin',NULL,'Perumahan Waringin Blok','2024-01-01','A4','5','087809203279','denimuhammad526@gmail.com','ajn-02','Internet 10 Mbps',NULL,NULL),(55,'0000000000000000','Romansyah','Waringin',NULL,'Perumahan Waringin Blok','2024-01-01','B2','7','085311453823','romanyuni89@gmail.com','ajn-02','Internet 10 Mbps',NULL,NULL),(56,'0000000000000000','M Abu Bakar','Waringin',NULL,'Perumahan Waringin Blok','2024-01-01','A2','15','082113565005','abu03203@mail.com','ajn-02','Internet 10 Mbps',NULL,NULL),(57,'0000000000000000','Widia S','Waringin',NULL,'Perumahan Waringin Blok','2024-01-01','B9','4','085716998078','zillafazilla9@gmail.com','ajn-02','Internet 10 Mbps',NULL,NULL),(58,'3672024604790002','Asiyah','Waringin',NULL,'Perumahan Waringin Blok','2024-01-01','D2','4','085212998295','iamakbar16@gmail.com','ajn-02','Internet 20 Mbps',NULL,NULL),(59,'367202170189000','Ferly Pujiansyah','Waringin',NULL,'Perumahan Waringin Blok','2024-01-01','C1','2','081315131835','ferly.pujiansyah@gmail.com','ajn-02','Internet 30 Mbps',NULL,NULL),(60,'3604050908730006','Leo Agustin','Waringin',NULL,'Perumahan Waringin Blok','2024-01-01','A6','19','081293467840','japrax@gmail.com','ajn-02','Internet 10 Mbps',NULL,NULL),(61,'3604055911000003','Firdayani','Waringin',NULL,'Perumahan Waringin Blok','2024-01-01','A1','9','089536694408','firdayani500@gmail.com','ajn-02','Internet 10 Mbps',NULL,NULL),(62,'3604080106920004','Sanaji','Waringin',NULL,'Perumahan Waringin Blok','2024-01-01','B3','11','085282044430','najinajla434@gmail.com','ajn-02','Internet 10 Mbps',NULL,NULL),(63,'3217071603910006','Adisti Dewa','Waringin',NULL,'Perumahan Waringin Blok','2024-01-01','A5','3','081316746277','dewa16031991@gmail.com','ajn-02','Internet 10 Mbps',NULL,NULL),(64,'3604051305950003','Saidus Sabil','Waringin',NULL,'Perumahan Waringin Blok','2024-01-01','A4','22','085280487311','saiduss608@gmail.com','ajn-02','Internet 10 Mbps',NULL,NULL),(65,'3604050406860001','Yahyudi','Waringin',NULL,'Perumahan Waringin Blok','2024-01-01','A6','10','082125698557','wandi.genjo0606@gmail.com','ajn-02','Internet 10 Mbps',NULL,NULL),(66,'1871134507970004','Nabella Syahputri Miady','Waringin',NULL,'Perumahan Waringin Blok','2024-01-01','D2','12','08777748800','nabellansm@gmail.com','ajn-02','Internet 10 Mbps',NULL,NULL),(67,'3672055907910002','Melly Honey','Waringin',NULL,'Perumahan Waringin Blok','2024-01-01','B6','18','087878836682','melly.honey@ymail.com','ajn-02','Internet 20 Mbps',NULL,NULL),(68,'3672071504910001','Nasrulloh','Waringin',NULL,'Perumahan Waringin Blok','2024-01-01','B3','5','083813737576','nasrul.may@gmail.com','ajn-02','Internet 10 Mbps',NULL,NULL),(69,'3173041408750008','Krisna','Waringin',NULL,'Perumahan Waringin Blok','2024-01-01','B2','11','087778277788','krisna.port@gmail.com','ajn-02','Internet 10 Mbps',NULL,NULL),(70,'3672080712000001','Rico Prasetyo','Waringin',NULL,'Perumahan Waringin Blok','2024-01-01','B7','4','085782135280','prasetyorico43@gmail.com','ajn-02','Internet 10 Mbps',NULL,NULL),(71,'3604056705950002','Ernia Puspitasari','Waringin',NULL,'Perumahan Waringin Blok','2024-01-01','A5','9','087771102228','erniania60@gmail.com','ajn-02','Internet 10 Mbps',NULL,NULL),(72,'3604064506970001','Nurul fadilah','Waringin',NULL,'Perumahan Waringin Blok','2024-01-01','C1','12','087809264742','dilaf502@gmail.com','ajn-02','Internet 20 Mbps',NULL,NULL),(73,'3672011206950001','Abdul Ghofuur','Waringin',NULL,'Perumahan Waringin Blok','2024-01-01','B6','20','089651108692','h.abdghofuur@gmail.com','ajn-02','Internet 30 Mbps',NULL,NULL),(74,'3604051106910004','Rifki Junaedi','Waringin',NULL,'Perumahan Waringin Blok','2024-01-01','A4','6','087772672714','rifkijunaedi@gmail.com','ajn-02','Internet 10 Mbps',NULL,NULL),(75,'3604062805000001','Muhammad Rafli Nuralan','Waringin',NULL,'Perumahan Waringin Blok','2024-01-01','A5','14','087789522501','raflinuralam21@gmail.com','ajn-02','Internet 20 Mbps',NULL,NULL),(76,'3604054505830002','Sariyanti','Waringin',NULL,'Perumahan Waringin Blok','2024-01-01','B3','22','082310242576','annisasyahira56@gmail.com','ajn-02','Internet 10 Mbps',NULL,NULL),(77,'1807025504950007','Tika','Waringin',NULL,'Perumahan Waringin Blok','2024-01-01','C1','6','085212738012','tikavionarein@gmail.com','ajn-02','Internet 20 Mbps',NULL,NULL),(78,'3604073011920001','Haris Susanto','Waringin',NULL,'Perumahan Waringin Blok','2024-01-01','B6','11','081328565410','arispumpkins111@gmail.com','ajn-02','Internet 10 Mbps',NULL,NULL),(79,'3672031805000001','Deva Eryando','Waringin',NULL,'Perumahan Waringin Blok','2024-01-01','A6','18','081292096763','devaeryando04@gmail.com','ajn-02','Internet 10 Mbps',NULL,NULL),(80,'3604056505970006','Tias Suherni','Waringin',NULL,'Perumahan Waringin Blok','2024-01-01','C1','7','089699748373','tias123@gmail.com','ajn-02','Internet 10 Mbps',NULL,NULL),(81,'3672074505970001','Inez','Waringin',NULL,'Perumahan Waringin Blok','2024-01-01','B8','1','085173240505','inezadwip@gmail.com','ajn-02','Internet 20 Mbps',NULL,NULL),(82,'3309163012000001','Febi sulistiyo','Waringin',NULL,'Perumahan Waringin Blok','2024-01-01','B2','3','082123277294','bangebot45@gmail.com','ajn-02','Internet 10 Mbps',NULL,NULL),(83,'3309132803960002','Danang indriyanto','Waringin',NULL,'Perumahan Waringin Blok','2024-01-01','D1','11','081280553909','danangindriyanto000@gmail.com','ajn-02','Internet 10 Mbps',NULL,NULL),(84,'3601274208000004','Siti Patmawati','Waringin',NULL,'Perumahan Waringin Blok','2024-01-01','A1','8','085774252384','fatmawatisiti268@gmail.com','ajn-02','Internet 10 Mbps',NULL,NULL),(85,'3604062001920001','Suardi','Waringin',NULL,'Perumahan Waringin Blok','2024-01-01','A4','18','081541382602','ardivanhouten2@gmail.com','ajn-02','Internet 10 Mbps',NULL,NULL),(86,'1802021810930003','Romi Isnanto','Waringin',NULL,'Perumahan Waringin Blok','2024-01-01','B6','13','08531331470','romiisnanto802@gmail.com','ajn-02','Internet 10 Mbps',NULL,NULL),(87,'3672035008970001','Ferrent Dyah Widyawati','Waringin',NULL,'Perumahan Waringin Blok','2024-01-01','B6','7','081311434005','priyoriyadi20@gmail.co.id','ajn-02','Internet 10 Mbps',NULL,NULL),(88,'3604066911040001','Anisa Fatimah','Waringin',NULL,'Perumahan Waringin Blok','2024-01-01','B1','9','081937123119','anisafatimah0768@gmail.com','ajn-02','Internet 10 Mbps',NULL,NULL),(89,'3672084902000001','Fani Sri Rizki','Waringin',NULL,'Perumahan Waringin Blok','2024-01-01','D1','8','089676199496','sririzkifani34@gmail.com','ajn-02','Internet 10 Mbps',NULL,NULL),(90,'3672070808850004','Muhammad Sidik','Waringin',NULL,'Perumahan Waringin Blok','2024-01-01','C1','8','081222547687','muhammadsidik124@gmail.com','ajn-02','Internet 20 Mbps',NULL,NULL),(91,'3672016102740002','Wiwin','Waringin',NULL,'Perumahan Waringin Blok','2024-01-01','D2','2','081282326963','wiwin123@gmail.com','ajn-02','Internet 10 Mbps',NULL,NULL),(92,'3672082001010002','Maulani Irfan','Waringin',NULL,'Perumahan Waringin Blok','2024-01-01','A4','4','082258230116','maulaniirfan700@gmail.com','ajn-02','Internet 10 Mbps',NULL,NULL),(93,'3604080304910004','Agus Ali Dikri','Waringin',NULL,'Perumahan Waringin Blok','2024-01-01','D6','18','087871477685','ieiezawa11@gmail.com','ajn-02','Internet 10 Mbps',NULL,NULL),(94,'367203480780005','Eli Solihah','Waringin',NULL,'Perumahan Waringin Blok','2024-01-01','B5','10','081292435330','eli770225@gmail.com','ajn-02','Internet 20 Mbps',NULL,NULL),(95,'3604054506960005','Yeni farida','Waringin',NULL,'Perumahan Waringin Blok','2024-01-01','C2','5','089520309369','yf2210213@gmail.com','ajn-02','Internet 10 Mbps',NULL,NULL),(96,'1801086708930005','Siti Fatimah','Waringin',NULL,'Perumahan Waringin Blok','2024-01-01','D5','13','085281174306','fahrie14082012@gmail.com','ajn-02','Internet 20 Mbps',NULL,NULL),(97,'3604050912920001','Didi Suyanto','Waringin',NULL,'Perumahan Waringin Blok','2024-01-01','D7','3','088809189020','didisuyanto56@gmail.com','ajn-02','Internet 10 Mbps',NULL,NULL),(98,'3604061811920001','Nofan Andriyansyah','Waringin',NULL,'Perumahan Waringin Blok','2024-01-01','D7','14','085930065514','nophenks78@gmail.com','ajn-02','Internet 10 Mbps',NULL,NULL),(99,'3672020403960001','Fiki Fikramullah','Waringin',NULL,'Perumahan Waringin Blok','2024-01-01','B3','18','085281911052','fikifikramullah@gmail.com','ajn-02','Internet 20 Mbps',NULL,NULL),(100,'3601246802010005','Puput Saputri','Waringin',NULL,'Perumahan Waringin Blok','2024-01-02','D4','10','082258491231','puputsaputri2802@gmail.com','ajn-02','Internet 10 Mbps',NULL,NULL),(101,'3672014607960003','Eri Melani','Waringin',NULL,'Perumahan Waringin Blok','2024-01-03','D1','13','089502429103','erimelani226@gmail.com','ajn-02','Internet 10 Mbps',NULL,NULL),(102,'3604061803010002','Alfa Maulana','Waringin',NULL,'Perumahan Waringin Blok','2024-01-04','A4','17','088293418971','alfam8595@gmail.com','ajn-02','Internet 20 Mbps',NULL,NULL),(103,'3601141502960005','Moh Fitra Ramdan','Waringin',NULL,'Perumahan Waringin Blok','2024-01-05','D5','19','085891648272','fitraaht220@gmail.com','ajn-02','Internet 10 Mbps',NULL,NULL),(104,'2000000000000022','Ahmad Rizki','Tambun',NULL,'TEST','2024-01-05','AAAA','222','08986937819','ahmad@ajnusa.com','ajn-02','Internet 20 Mbps',NULL,NULL),(105,'0000000000000000','Adolf Renaldy','Tambun',NULL,'TEST','2024-01-05','AAAA','22','082114762400','adolf@ajnusa.com','ajn-02','Internet 20 Mbps',NULL,NULL),(106,'3604051906950004','Firman Ade Saputra','Waringin',NULL,'puri sava waringikurung blok a2 no 12','2025-08-27','A2','12','08983897747','firmanadesaputra798@gmail.com','ajn-02','Internet 10 Mbps',NULL,NULL),(107,'3173025710910004','Risna Octaviani','Waringin',NULL,'perumahan puri sava blok d6 no 16 waringin kurung','2025-08-28','D6','16','082246784428','octavianirisna1991@gmail.com','ajn-02','Internet 30 Mbps',NULL,NULL),(108,'3308041604900001','Handy Cahya Nugraha','Waringin',NULL,'Puri Safa blok A8 no 14','2025-08-29','A8','14','085200335007','handy.cahya.nugraha@gmail.com','ajn-02','Internet 10 Mbps',NULL,NULL),(110,'3672050303990001','Satya Triana','Waringin',NULL,'Purisava Waringinkurung Blok B3.16','2025-08-30','B3','16','082262001336','sibungsu3399@gmail.com','ajn-02','Internet 10 Mbps',NULL,NULL),(113,'3172034603910006','Irma','Rusun Nagrak',NULL,'rusun nagrak tower 2 lantai 14 unit 12','2025-09-02','Tower 2','1412','085779120414','irmanuraprilia06@gmail.com','ajn-03','Internet 10 Mbps',NULL,NULL),(114,'3672041812940003','DESHI ELSTARI','Waringin',NULL,'PuriSava Waringinkurung Blok B2 No 5','2025-09-02','B2','5','081903598959','deshylestari116@gmail.com','ajn-02','Internet 20 Mbps',NULL,NULL),(115,'1801081508880033','AGUS SRIANI','Waringin',NULL,'PERUM PURI SAVA BLOK B5 NO 24 waringin kurung','2025-09-02','B5','24','08970495292','shafakhalisa39@gmail.com','ajn-02','Internet 10 Mbps',NULL,NULL),(116,'3672074207000001','Mila Muftari','Waringin',NULL,'perumahan puri sava waringin kurung B4 nomor 15','2025-09-02','B4','15','087711916212','milaebod@gmail.com','ajn-02','Internet 10 Mbps',NULL,NULL),(117,'3209255605960066','Karunia Indriani Panji','Waringin',NULL,'purisava waringinkurung D7/21','2025-09-02','D7','21','082128700705','karuniaindrianipanji16@gmail.com','ajn-02','Internet 10 Mbps',NULL,NULL),(118,'3172015503700013','Jamini','Rusun Nagrak',NULL,'nagrak tower 1 no 908','2025-09-04','Tower 1','908','083109749459','nina123@gmail.com','ajn-03','Internet 10 Mbps',NULL,NULL),(119,'3672022708000002','Muhammad Reza Waluya','Waringin',NULL,'PERUMAHAN PURI SAVA BLOK D7 NO 23','2025-09-03','D7','23','081313875173','waluyaeza@gmail.com','ajn-02','Internet 10 Mbps',NULL,NULL),(121,'3201111608790004','Aris Sulistyanto','Waringin',NULL,'Puri Sava waringin Blok B5 / 19','2025-09-06','B5','19','08118170102','sulistyantoaris@gmail.com','ajn-02','Internet 20 Mbps',NULL,NULL),(124,'3604063004840001','Muhammad Soib','Waringin',NULL,'puri Sava blok D5 no 09','2025-09-08','D5','9','081287649590','muhammadsoib72@gmail.com','ajn-02','Internet 10 Mbps',NULL,NULL),(126,'1802071705990008','Aditya Cristiansyah','Waringin',NULL,'perumahan puri sava waringinkurung blok B6 no 17','2025-09-08','B6','17','085774454790','crisaditya2k18@gmail.com','ajn-02','Internet 10 Mbps',NULL,NULL),(127,'3604051410870003','Rudi Setiawan','Waringin',NULL,'perumahan puri sava Waringinkurung blok. B6 no. 21','2025-09-10','B6','21','081318771311','rudis8524@gmail.com','ajn-02','Internet 10 Mbps',NULL,NULL),(128,'3604051203950001','SAMSUL BAHRI','Waringin',NULL,'PERUMAHAN PURI SAVA WARINGINKURUNG BLOK D4 NO 13 SERANG BANTEN','2025-09-11','D4','13','089651842410','dewi14nursyamsu@gmail.com','ajn-02','Internet 10 Mbps',NULL,NULL),(131,'0000000000000000','Kholifah','Parama',NULL,'Parama','2025-01-10','A1','40','08815691241','kholifahsipur@gmail.com','ajn-02','Internet 20 Mbps',NULL,NULL),(132,'0000000000000000','Mustika','Parama',NULL,'Parama','2025-01-12','A5','8','085288674410','mustika.tanjungsari@gmail.com','ajn-02','Internet 30 Mbps',NULL,NULL),(133,'0000000000000000','Dheny Akbar Saputra','Parama',NULL,'Parama','2025-01-22','A1','46','085930471472','dhenyakbar7@gmail.com','ajn-02','Internet 20 Mbps',NULL,NULL),(134,'0000000000000000','Eka Nurullatim','Parama',NULL,'Parama','2025-01-07','A4','1','087782168249','ekanurul0696@gmail.com','ajn-02','Internet 10 Mbps',NULL,NULL),(135,'0000000000000000','Dewi Rosita','Parama',NULL,'Parama','2025-01-02','A4','11','085216337181','dewirosita@gmail.com','ajn-02','Internet 10 Mbps',NULL,NULL),(136,'0000000000000000','Popy Apriana','Parama',NULL,'Parama','2025-01-09','A1','34','087793463216','popyapriana934@gmail.com','ajn-02','Internet 10 Mbps',NULL,NULL),(137,'0000000000000000','Firman','Parama',NULL,'Parama','2025-01-01','B3','28','081808275320','firmansyah216@gmail.com','ajn-02','Internet 10 Mbps',NULL,NULL),(138,'0000000000000000','Anggi Rafsanjani','Parama',NULL,'Parama','2025-01-10','B3','21','085892767215','anggirafsanjani72@gmail.com','ajn-02','Internet 10 Mbps',NULL,NULL),(139,'0000000000000000','Jannatan Sang Adji','Parama',NULL,'Parama','2025-01-01','B1','12','081226884076','jantanadji@gmail.com','ajn-02','Internet 10 Mbps',NULL,NULL),(140,'0000000000000000','Jati Satria','Parama',NULL,'Parama','2025-01-01','B1','14','081294332221','satriia.jati@gmail.com','ajn-02','Internet 10 Mbps',NULL,NULL),(141,'0000000000000000','Muzahidin','Parama',NULL,'Parama','2025-01-01','A4','28','087848298930','muzahidindin3@gmail.com','ajn-02','Internet 10 Mbps',NULL,NULL),(142,'0000000000000000','Ivo astriani','Parama',NULL,'Parama','2025-01-10','A4','22','082258045530','choilim097@gmail.com','ajn-02','Internet 20 Mbps',NULL,NULL),(143,'0000000000000000','Annisa rizqiani','Parama',NULL,'Parama','2025-01-01','A4','13','083159980004','annisarizqianigoo@gmail.com','ajn-02','Internet 10 Mbps',NULL,NULL),(144,'0000000000000000','Amirul Khair','Parama',NULL,'Parama','2025-01-01','B4','7','081584061039','amirullkhair@gmail.com','ajn-02','Internet 20 Mbps',NULL,NULL),(145,'0000000000000000','Pita Azizah','Parama',NULL,'Parama','2025-01-05','A1','41','088214592967','pitaazizahh@gmail.com','ajn-02','Internet 10 Mbps',NULL,NULL),(146,'0000000000000000','Rachmat Irfanto','Parama',NULL,'Parama','2025-01-01','B1','3','085217117129','rachmatirfanto@gmail.com','ajn-02','Internet 10 Mbps',NULL,NULL),(147,'0000000000000000','Nasiroh','Parama',NULL,'Parama','2025-01-01','A1','37','085773405773','farahanisa2022@gmail.com','ajn-02','Internet 10 Mbps',NULL,NULL),(148,'0000000000000000','Ita','Parama',NULL,'Parama','2025-01-01','A4','7','081296466687','diahitha27@gmail.com','ajn-02','Internet 10 Mbps',NULL,NULL),(149,'0000000000000000','Rizki Ahmad Ghifari','Parama',NULL,'Parama','2025-01-10','B7','12','085871073093','kicamkiki@gmail.com','ajn-02','Internet 10 Mbps',NULL,NULL),(151,'0000000000000000','Nurhasanah','Parama',NULL,'Parama','2025-01-01','B2','1','081276619099','hasanahh.nurr11@gmail.com','ajn-02','Internet 10 Mbps',NULL,NULL),(152,'0000000000000000','Hanifah','Parama',NULL,'Parama','2025-01-01','B4','9','083876607396','fahh8935@gmail.com','ajn-02','Internet 10 Mbps',NULL,NULL),(153,'0000000000000000','Arsyil Fajri','Parama',NULL,'Parama','2025-01-01','B10','29','08886666777','arsyilfajri@gmail.com','ajn-02','Internet 10 Mbps',NULL,NULL),(154,'0000000000000000','Ridotul Juniah','Parama',NULL,'Parama','2025-01-01','B11','11','083896576412','ridotul-juniah@gmail.com','ajn-02','Internet 10 Mbps',NULL,NULL),(155,'0000000000000000','Ade Syahril','Parama',NULL,'Parama','2025-01-01','A1','38','089644406588','syahriljakmania28@gmail.com','ajn-02','Internet 10 Mbps',NULL,NULL),(156,'0000000000000000','Eni Gustini','Parama',NULL,'Parama','2025-01-07','B5','17','087771113527','enigustini111@gmail.com','ajn-02','Internet 10 Mbps',NULL,NULL),(157,'0000000000000000','Aliya','Parama',NULL,'Parama','2025-01-20','B4','22','083139514688','elalfarizky01@gmail.com','ajn-02','Internet 10 Mbps',NULL,NULL),(158,'0000000000000000','Zuyyina Anta Zakka','Parama',NULL,'Parama','2025-01-22','A5','6','085233204964','zuyyina.zaz@gmail.com','ajn-02','Internet 10 Mbps',NULL,NULL),(159,'0000000000000000','Muhammad Satria Saputra','Parama',NULL,'Parama','2025-02-16','B6','8','081367563949','msatriasaputra@gmail.com','ajn-02','Internet 20 Mbps',NULL,NULL),(160,'0000000000000000','Agi ashari','Parama',NULL,'Parama','2025-03-01','B1','7','082258456377','agi.ashari2020@gmail.com','ajn-02','Internet 30 Mbps',NULL,NULL),(161,'0000000000000000','Sugiarto Wahyu N','Parama',NULL,'Parama','2025-03-08','B3','30','08111561903','gamerzpinang2@gmail.com','ajn-02','Internet 30 Mbps',NULL,NULL),(162,'0000000000000000','Ahmad Fauzi','Parama',NULL,'Parama','2025-04-09','B11','17','089529799148','ahmadfauzi061209@gmail.com','ajn-02','Internet 10 Mbps',NULL,NULL),(163,'0000000000000000','Nur Afni','Parama',NULL,'Parama','2025-04-26','B6','11','081212970720','nuranurafni@gmail.com','ajn-02','Internet 10 Mbps',NULL,NULL),(164,'0000000000000000','Dida Dwi Nugraha','Parama',NULL,'Parama','2025-05-14','B3','20','082121419449','didhadwinugraha@gmail.com','ajn-02','Internet 10 Mbps',NULL,NULL),(165,'3404064806950000','Vidi Andany','Parama',NULL,'Parama','2025-06-08','B6','9','0895412435399','vidi.andany95@gmail.com','ajn-02','Internet 10 Mbps',NULL,NULL),(166,'3604115106800000','Lilis Sobriah','Parama',NULL,'Parama','2025-06-08','B4','23','087710206576','lilissobriah20@gmail.com','ajn-02','Internet 30 Mbps',NULL,NULL),(167,'3604301710740000','Holid','Parama',NULL,'Parama','2025-06-10','B2','2','085157674439','holidcadek@gmail.com','ajn-02','Internet 10 Mbps',NULL,NULL),(168,'5371021010960000','Calvin Antonio','Parama',NULL,'Parama','2025-07-03','B7','13','085237142424','calvinncornelis@gmail.com','ajn-02','Internet 20 Mbps',NULL,NULL),(169,'3602095212010000','Lala Zahrotun Nazilah','Parama',NULL,'Parama','2025-07-14','B6','5','087844036776','ahmadrofieldarojat@gmail.com','ajn-02','Internet 10 Mbps',NULL,NULL),(170,'3602262906020000','Habib Irsyad Zaki','Parama',NULL,'Parama','2025-07-23','B11','22','085714791211','habibirsyad99@gmail.com','ajn-02','Internet 10 Mbps',NULL,NULL),(171,'1271132206990000','Aziz Hafiz Nasution','Parama',NULL,'Parama','2025-07-25','B12','5','081282578234','azizhafiz220699@gmail.com','ajn-02','Internet 10 Mbps',NULL,NULL),(172,'3604052206990000','Vicky Aryansyah','Parama',NULL,'Parama','2025-08-01','B10','17','085216182821','ayuu220906@gmail.com','ajn-02','Internet 20 Mbps',NULL,NULL),(173,'3604091502980000','Rizki Hardiansyah','Parama',NULL,'Parama','2025-08-10','B10','18','082297404822','rizkyhard6@gmail.com','ajn-02','Internet 10 Mbps',NULL,NULL),(175,'3672030908880001','Somad mesrah','Waringin',NULL,'puri sava blok a6 no 8','2025-09-13','A6','8','087772868098','somadmesrah123@gmail.com','ajn-02','Internet 20 Mbps',NULL,NULL),(180,'3215131810890001','Dadan Nuryaman','Waringin',NULL,'Puri Sava Blok B6 No.9','2025-09-16','B6','9','085773311909','dadan.krw.dn@gmail.com','ajn-02','Internet 20 Mbps',NULL,NULL),(186,'3673020912920001','Suhendar','Waringin',NULL,'Puri sava  Blok B 5 no 23','2025-09-19','B5','23','087844090638','muslihahanakhendar@gmail.com','ajn-02','Internet 10 Mbps',NULL,NULL),(187,'3604056707919011','Denok yuly','Waringin',NULL,'Puri Sava Waringinkurung A1/4 Ds. Sambilawang Kec. Waringinkurung Kab. Serang','2025-09-24','A1','4','083870791901','defann28@gmail.com','ajn-02','Internet 20 Mbps',NULL,NULL),(189,'0000000000000000','Niko Falentino','Rusun Nagrak',NULL,'Nagrak Tower3 811','2024-05-08','Tower 3','811','089601738261','nikofalentino95@gmail.com','ajn-03','Internet 10 Mbps',NULL,NULL),(190,'0000000000000000','Siti Khodijah','Rusun Nagrak',NULL,'Nagrak Tower2 205','2024-05-15','Tower 2','205','082311837847','rizkyhaikal0408@gmail.com','ajn-03','Internet 10 Mbps',NULL,NULL),(191,'0000000000000000','Ainun','Rusun Nagrak',NULL,'Nagrak Tower3 907','2024-06-05','Tower 3','907','085693931377','rosliati1405@gmail.com','ajn-03','Internet 10 Mbps',NULL,NULL),(192,'0000000000000000','Ferdi Rifani','Rusun Nagrak',NULL,'Nagrak Tower2 1013','2024-07-03','Tower 2','1013','0881012979921','ferdirifani22@gmail.com','ajn-03','Internet 10 Mbps',NULL,NULL),(193,'0000000000000000','Rani Surya','Rusun Nagrak',NULL,'Nagrak Tower1 1511','2024-07-15','Tower 1','1511','0895401368212','anggaseptianto600@gmail.com','ajn-03','Internet 10 Mbps',NULL,NULL),(194,'0000000000000000','Effy','Rusun Nagrak',NULL,'Nagrak Tower3 909','2024-07-31','Tower 3','909','081282019196','effymarcelina@gmail.com','ajn-03','Internet 10 Mbps',NULL,NULL),(195,'0000000000000000','Erna Zea','Rusun Nagrak',NULL,'Nagrak Tower3 912','2024-08-05','Tower 3','912','0895326152761','erna@gmail.com','ajn-03','Internet 10 Mbps',NULL,NULL),(196,'0000000000000000','Mulyani','Rusun Nagrak',NULL,'Nagrak Tower1 602','2024-09-01','Tower 1','602','089644546578','mulyanisby308@gmail.com','ajn-03','Internet 10 Mbps',NULL,NULL),(197,'0000000000000000','Riyani','Rusun Nagrak',NULL,'Nagrak Tower1 606','2024-09-01','Tower 1','606','085959602180','prudentialtriyani@gmail.com','ajn-03','Internet 10 Mbps',NULL,NULL),(198,'0000000000000000','Indarto','Rusun Nagrak',NULL,'Nagrak Tower3 812','2024-09-01','Tower 3','812','083872088473','indartodarti@gmail.com','ajn-03','Internet 10 Mbps',NULL,NULL),(199,'0000000000000000','Achmad Zaini','Rusun Nagrak',NULL,'Nagrak Tower3 1010','2024-09-02','Tower 3','1010','081315433163','evarusdiyanti50@gmail.com','ajn-03','Internet 20 Mbps',NULL,NULL),(200,'0000000000000000','Heppi Tri Sulistyo','Rusun Nagrak',NULL,'Nagrak Tower3 801','2024-09-02','Tower 3','801','087884540062','heppits01@gmail.com','ajn-03','Internet 10 Mbps',NULL,NULL),(201,'0000000000000000','Jubaidah','Rusun Nagrak',NULL,'Nagrak Tower2 910','2024-09-02','Tower 2','910','085281131056','jubaidah7253@gmail.com','ajn-03','Internet 10 Mbps',NULL,NULL),(202,'0000000000000000','Rizki','Rusun Nagrak',NULL,'Nagrak Tower3 1004','2024-09-02','Tower 3','1004','087788775107','rizky123@gmail.com','ajn-03','Internet 30 Mbps',NULL,NULL),(203,'0000000000000000','Andri','Rusun Nagrak',NULL,'Nagrak Tower1 614','2024-09-02','Tower 1','614','08979190238','alvianbulbul@gmail.com','ajn-03','Internet 10 Mbps',NULL,NULL),(204,'0000000000000000','Abdul Manan','Rusun Nagrak',NULL,'Nagrak Tower3 807','2024-10-01','Tower 3','807','085711360350','slaluberbuatbaik@gmail.com','ajn-03','Internet 10 Mbps',NULL,NULL),(205,'0000000000000000','Wulan','Rusun Nagrak',NULL,'Nagrak Tower2 1512','2024-10-04','Tower 2','1512','087777608008','wulannovi388@gmail.com','ajn-03','Internet 10 Mbps',NULL,NULL),(206,'0000000000000000','Rita Novita Sari','Rusun Nagrak',NULL,'Nagrak Tower1 1014','2024-10-22','Tower 1','1014','08881451087','ritanovitas94@gmail.com','ajn-03','Internet 10 Mbps',NULL,NULL),(207,'0000000000000000','Ayu Oktaviani','Rusun Nagrak',NULL,'Nagrak Tower2 1211','2024-10-22','Tower 2','1211','081283186546','aoktaviani112@gmail.com','ajn-03','Internet 10 Mbps',NULL,NULL),(208,'0000000000000000','Alwani','Rusun Nagrak',NULL,'Nagrak Tower1 1409','2024-11-01','Tower 1','1409','082123683598','kadeklissa@gmail.com','ajn-03','Internet 10 Mbps',NULL,NULL),(209,'0000000000000000','Diana','Rusun Nagrak',NULL,'Nagrak Tower3 307','2024-11-01','Tower 3','307','08388705489','asmi1094@gmail.com','ajn-03','Internet 10 Mbps',NULL,NULL),(210,'0000000000000000','Suherpi','Rusun Nagrak',NULL,'Nagrak Tower3 610','2024-11-12','Tower 3','610','081213383330','suherpi333@gmail.com','ajn-03','Internet 10 Mbps',NULL,NULL),(211,'0000000000000000','Opik','Rusun Nagrak',NULL,'Nagrak Tower3 810','2024-11-12','Tower 3','810','081221612775','opik1234@gmail.com','ajn-03','Internet 10 Mbps',NULL,NULL),(212,'0000000000000000','muhammad nur','Rusun Nagrak',NULL,'Nagrak Tower2 1112','2024-11-12','Tower 2','1112','088801382730','nur123456@gmail.com','ajn-03','Internet 10 Mbps',NULL,NULL),(213,'0000000000000000','Rochaeni','Rusun Nagrak',NULL,'Nagrak Tower2 505','2024-11-14','Tower 2','505','0895619612172','weniw740@gmail.com','ajn-03','Internet 10 Mbps',NULL,NULL),(214,'0000000000000000','Akbar','Rusun Nagrak',NULL,'Nagrak Tower2 1210','2024-11-14','Tower 2','1210','085959328424','ra5392322@gmail.com','ajn-03','Internet 10 Mbps',NULL,NULL),(215,'0000000000000000','Kaka Maulana','Rusun Nagrak',NULL,'Nagrak Tower2 706','2024-11-29','Tower 2','706','081381480453','dermaestro0@gmail.com','ajn-03','Internet 10 Mbps',NULL,NULL),(216,'0000000000000000','Rahmatudin','Rusun Nagrak',NULL,'Nagrak Tower2 705','2024-12-03','Tower 2','705','087887149137','rahmat123@gmail.com','ajn-03','Internet 10 Mbps',NULL,NULL),(217,'0000000000000000','Sefianty','Rusun Nagrak',NULL,'Nagrak Tower2 1204','2024-12-03','Tower 2','1204','081288300058','vanilove74@gmail.com','ajn-03','Internet 10 Mbps',NULL,NULL),(218,'0000000000000000','Juju juwariah','Rusun Nagrak',NULL,'Nagrak Tower3 1006','2024-12-07','Tower 3','1006','08811789877','juju.gdt75@gmail.com','ajn-03','Internet 10 Mbps',NULL,NULL),(219,'0000000000000000','Desta Rizki Amalia','Rusun Nagrak',NULL,'Nagrak Tower3 612','2024-12-21','Tower 3','612','081298646097','damalia405@gmail.com','ajn-03','Internet 10 Mbps',NULL,NULL),(220,'0000000000000000','Maiti','Rusun Nagrak',NULL,'Nagrak Tower3 1110','2024-12-21','Tower 3','1110','082122839704','sitikayla425@gmail.com','ajn-03','Internet 10 Mbps',NULL,NULL),(221,'0000000000000000','Resmia Damayanthi','Rusun Nagrak',NULL,'Nagrak Tower1 1112','2024-12-31','Tower 1','1112','085939564111','resmiadamayanthi19@gmail.com','ajn-03','Internet 10 Mbps',NULL,NULL),(222,'0000000000000000','Sri Mulyani','Rusun Nagrak',NULL,'Nagrak Tower2 905','2025-01-08','Tower 2','905','089502412599','ckanplay@gmail.com','ajn-03','Internet 10 Mbps',NULL,NULL),(223,'0000000000000000','Rahman Edy','Rusun Nagrak',NULL,'Nagrak Tower3 411','2025-01-16','Tower 3','411','083870828012','bangkoka119@gmail.com','ajn-03','Internet 10 Mbps',NULL,NULL),(224,'0000000000000000','Hayati','Rusun Nagrak',NULL,'Nagrak Tower3 1106','2025-01-19','Tower 3','1106','081770269831','rievan785@gmail.com','ajn-03','Internet 10 Mbps',NULL,NULL),(225,'0000000000000000','Samudra','Rusun Nagrak',NULL,'Nagrak Tower3 313','2025-02-14','Tower 3','313','089526581496','tonidimas191@gmail.com','ajn-03','Internet 10 Mbps',NULL,NULL),(226,'3276056512830009','Nella Sayuda','Rusun Nagrak',NULL,'Nagrak Tower2 909','2025-03-08','Tower 2','909','088289141290','nellasayuda059@gmail.com','ajn-03','Internet 10 Mbps',NULL,NULL),(227,'5302046806870002','Yofri Bahan','Rusun Nagrak',NULL,'Nagrak Tower2 1314','2025-04-09','Tower 2','1314','081381555875','yofribahan23@gmail.com','ajn-03','Internet 10 Mbps',NULL,NULL),(228,'3172046302021001','Febiyanti S','Rusun Nagrak',NULL,'Nagrak Tower2 1407','2025-04-10','Tower 2','1407','087724696861','febiyantisofia90@gmail.com','ajn-03','Internet 10 Mbps',NULL,NULL),(229,'3171074507920002','Mega Rosliawati','Rusun Nagrak',NULL,'Nagrak Tower3 513','2025-04-19','Tower 3','513','085892447808','megaabdillah05@gmail.com','ajn-03','Internet 10 Mbps',NULL,NULL),(230,'317201411870001','Arsiahwati','Rusun Nagrak',NULL,'Nagrak Tower2 1006','2025-04-19','Tower 2','1006','087786211329','arsiahwatia@gmail.com','ajn-03','Internet 10 Mbps',NULL,NULL),(231,'3172042212720004','Didi Suhandi','Rusun Nagrak',NULL,'Nagrak Tower3 1501','2025-06-01','Tower 3','1501','087721928922','syfha2003@gmail.com','ajn-03','Internet 10 Mbps',NULL,NULL),(232,'3172040503030009','Diky Wahyudi','Rusun Nagrak',NULL,'Nagrak Tower1 1510','2025-06-17','Tower1','1510','085167071748','dikywahyudi0503@gmail.com','ajn-03','Internet 10 Mbps',NULL,NULL),(233,'3172034303810005','Tri Martiningsih','Rusun Nagrak',NULL,'Nagrak Tower1 1509','2025-06-19','Tower1','1509','089518473218','cintachlodiyacinta@gmail.com','ajn-03','Internet 30 Mbps',NULL,NULL),(234,'3172020103900003','Tri Gilang Martyanto','Rusun Nagrak',NULL,'Nagrak Tower1 1411','2025-06-23','Tower1','1411','609514176868','trigilang903@gmail.com','ajn-03','Internet 10 Mbps',NULL,NULL),(235,'3172014512920007','Indah Eka Wati','Rusun Nagrak',NULL,'Nagrak Tower3 609','2025-06-23','Tower 3','609','085813007911','afifahaurel555@gmail.com','ajn-03','Internet 10 Mbps',NULL,NULL),(236,'3172054903920001','Nia Biru Langit','Rusun Nagrak',NULL,'Nagrak Tower3 613','2025-06-23','Tower 3','613','08567618745','fakhrihani51@gmail.com','ajn-03','Internet 10 Mbps',NULL,NULL),(237,'3172046804830010','Sueni','Rusun Nagrak',NULL,'Nagrak Tower3 408','2025-06-28','Tower 3','408','0895620550685','eeni73250@gmail.com','ajn-03','Internet 10 Mbps',NULL,NULL),(238,'3172015808810002','Mm Virsya','Rusun Nagrak',NULL,'Nagrak Tower1 910','2025-07-15','Tower1','910','085782582021','achnaffelizy@gmail.com','ajn-03','Internet 10 Mbps',NULL,NULL),(239,'3172041902770014','Suwandi / Karman','Rusun Nagrak',NULL,'Nagrak Tower3 1502','2025-07-17','Tower 3','1502','0895364570821','asengwestjava2911@gmail.com','ajn-03','Internet 10 Mbps',NULL,NULL),(240,'3172014303881001','Herlina Susilaningsih','Rusun Nagrak',NULL,'Nagrak Tower2 1208','2025-08-27','Tower 2','1208','089691278160','herlina12putri@gmail.com','ajn-03','Internet 10 Mbps',NULL,NULL),(241,'3172054903740002','Neneng Sri Mulyati','Rusun Nagrak',NULL,'Nagrak Tower3 508','2025-09-14','Tower 3','508','087874087567','sneneng071@gmail.com','ajn-03','Internet 10 Mbps',NULL,NULL),(242,'3172057009841001','Fitriyanih','Rusun Nagrak',NULL,'Nagrak Tower3 509','2025-09-14','Tower 3','509','088293848961','raseljulianmorenorasel@gmail.com','ajn-03','Internet 10 Mbps',NULL,NULL),(243,'3204405612910002','Veriana Permatasari','Rusun Albo',NULL,'Cakung Barat D 103','2022-10-31','D','103','087708779491','verianapermatasariirawan@gmail.com','ajn-01','Internet 30 Mbps',NULL,NULL),(244,'3171012203770002','Marsel Kusoy','Rusun Albo',NULL,'Cakung Barat B 310','2022-11-17','B','310','0895337364513','marselkussoy22@gmail.com','ajn-01','Internet 20 Mbps',NULL,NULL),(245,'3175034310931005','Cynthia Ratna Octaviana','Rusun Albo',NULL,'Cakung Barat G 301','2022-12-22','G','301','08111932004','octaviana.tia03@gmail.com','ajn-01','Internet 10 Mbps',NULL,NULL),(246,'3171030604850001','Firmansyah','Rusun Albo',NULL,'Cakung Barat B 107','2023-10-06','B','107','085710210830','fandollysyah453@gmail.com','ajn-01','Internet 10 Mbps',NULL,NULL),(247,'0000000000000000','Rendra Setyawan','Rusun Albo',NULL,'Cakung Barat B 308','2024-05-02','B','308','089692500562','rendrasetyawan0718@gmail.com','ajn-01','Internet 10 Mbps',NULL,NULL),(248,'0000000000000000','Selly Ayu Irawaty','Rusun Albo',NULL,'Cakung Barat G 205','2024-09-04','G','205','087786730341','sellyayuirawaty@gmail.com','ajn-01','Internet 10 Mbps',NULL,NULL),(249,'0000000000000000','Micka Afianto','Rusun Albo',NULL,'Cakung Barat B 402','2024-09-15','B','402','081311043367','mickaafianto@gmail.com','ajn-01','Internet 10 Mbps',NULL,NULL),(250,'0000000000000000','Nadya','Rusun Albo',NULL,'Cakung Barat A 506','2024-11-05','A','506','0895601704007','nadyapatricia919@gmail.com','ajn-01','Internet 10 Mbps',NULL,NULL),(251,'3216060811870016','Ranto Supyanto','Rusun Albo',NULL,'Cakung Barat F 404','2025-05-02','F','404','081284530505','rantz.87@gmail.com','ajn-01','Internet 30 Mbps',NULL,NULL),(252,'3172062411951002','Akhmad Bayhaqi','Rusun Albo',NULL,'Cakung Barat E 511','2025-05-16','E','511','085183324112','akhmadbayhaqy@gmail.com','ajn-01','Internet 20 Mbps',NULL,NULL),(253,'3175044307860002','Lina Manafe','Rusun Albo',NULL,'Cakung Barat B 409','2025-06-11','B','409','081213806037','harlinpilar@gmail.com','ajn-01','Internet 10 Mbps',NULL,NULL),(254,'3175066011010006','Tiurma Debora','Rusun Albo',NULL,'Cakung Barat A 505','2025-07-05','A','505','085817728745','tiurmasiallagann@gmail.com','ajn-01','Internet 10 Mbps',NULL,NULL),(255,'7171072206920001','Yosa Andikha Tampilang','Rusun Albo',NULL,'Cakung Barat F 402','2025-08-11','F','402','081296715396','riannita_rakyatprintworks@yahoo.com','ajn-01','Internet 10 Mbps',NULL,NULL),(256,'0000000000000000','Axl','Rusun Tipar Cakung',NULL,'Tipar Cakung Angsana 514','2022-09-22','Angsana','514','082260005050','yooody@pm.me','ajn-01','Internet 50 Mbps',NULL,NULL),(257,'3171031105840008','Asael Reinhart','Rusun Tipar Cakung',NULL,'Tipar Cakung Akasia 120','2023-01-06','Akasia','120','081259550318','asaelreinhart1@gmail.com','ajn-01','Internet 30 Mbps',NULL,NULL),(258,'3172034302760008','Febry Papilaya','Rusun Tipar Cakung',NULL,'Tipar Cakung Rasamala 310','2023-11-14','Rasamala','310','081286515557','papilayanona5@gmail.com','ajn-01','Internet 10 Mbps',NULL,NULL),(259,'0000000000000000','Binsar M Silaen','Rusun Tipar Cakung',NULL,'Tipar Cakung Puspa 118','2024-10-10','Puspa','118','081219595553','binsarmfs@gmail.com','ajn-01','Internet 30 Mbps',NULL,NULL),(260,'0000000000000000','Nadia Ulfa','Rusun Tipar Cakung',NULL,'Tipar Cakung Meranti 319','2025-01-07','Meranti','319','081315197631','nadiaulfasenduk@gmail.com','ajn-01','Internet 10 Mbps',NULL,NULL),(261,'0000000000000000','Devi Devayani','Rusun Tipar Cakung',NULL,'Tipar Cakung Jatisari 112','2025-03-03','Jatisari','112','081284868687','winterdevayani@gmail.com','ajn-01','Internet 10 Mbps',NULL,NULL),(262,'1802097011800002','Parti','Rusun Tipar Cakung',NULL,'Tipar Cakung Angsana 002','2025-07-10','Angsana','2','0895363635240','parti301180@gmail.com','ajn-01','Internet 10 Mbps',NULL,NULL),(263,'3672081306000004','Humaidi syafri','Parama',NULL,'perum.parama by safa, blok b4 no11 serang','2025-09-27','B4','11','081945403934','humaidisyafri110@gmail.com','ajn-02','Internet 10 Mbps',NULL,NULL),(264,'3672014705990001','Mei Lisda','Waringin',NULL,'puri Sava waringinkurung blok D9 no 25','2025-09-29','D9','25','087776772766','meilisdarinyana0@gmail.com','ajn-02','Internet 20 Mbps',NULL,NULL),(265,'3604060708880004','Afsohul Fashihin','Waringin',NULL,'Puri sava , blok B1 no 6','2025-09-29','B1','6','08568360223','afsohul@gmail.com','ajn-02','Internet 30 Mbps',NULL,NULL),(266,'1605207009930003','YASINTA ERLIANTI','Waringin',NULL,'puri sava Waringin blok. D7 No.15','2025-09-29','D7','15','088291901284','erlianti0930@gmail.com','ajn-02','Internet 10 Mbps',NULL,NULL),(267,'3672051005830002','Jaenuri','Waringin',NULL,'purisava Waringin kurung, RT 1/RW 1 Blok A2 no 18','2025-10-01','A2','18','081227065677','rayhannuriseptian2309@gmail.com','ajn-02','Internet 10 Mbps',NULL,NULL),(268,'3604110703900001','Abdul Muis','Waringin',NULL,'Waringin','2025-10-01','C1','3','0895402492149','sofianazilah1@gmail.com','ajn-02','Internet 10 Mbps',NULL,NULL),(269,'3604053010920002','Rojudin','Waringin',NULL,'Waringin Kurung Blok D4 no 15','2025-10-02','D4','15','089638805294','abenkdoank208@gmail.com','ajn-02','Internet 10 Mbps',NULL,NULL),(271,'1801217110990002','Okta Ria Hayu Varera','Waringin',NULL,'perum puri sava blok D4 nomer 1','2025-10-04','D4','1','0895609940953','oktariyahayu99@gmail.com','ajn-02','Internet 10 Mbps',NULL,NULL),(272,'3175026812040008','Aisyah Aziszah Amantri','Rusun Pinus Elok',NULL,'Rusun Pinus Elok Blok A6-420','2025-10-06','A6','420','088809789058','aisyahamntri@gmail.com','ajn-01','Internet 10 Mbps',NULL,NULL),(273,'3603080203880007','Muhamad Idris','Parama',NULL,'Parama by Sava blok A5/9','2025-10-06','A5','9','082110806269','hanzlouw@gmail.com','ajn-02','Internet 10 Mbps',NULL,NULL),(274,'3336040506940003','Asep Sukandar','Parama',NULL,'Perumahan parama by sava kramatwatu/pelamunan blok B5 no 4','2025-10-06','B5','4','082124610383','sukandara904@gmail.com','ajn-02','Internet 20 Mbps',NULL,NULL),(275,'3172055604960002','Desy Avrianti','Rusun Nagrak',NULL,'rusun nagrak tower 2 lt. 10.05','2025-10-08','Tower 2','1005','083899534259','desyavriyanti875@gmail.com','ajn-03','Internet 10 Mbps',NULL,NULL),(276,'3175071505670012','IR. Martua Harianja','Rusun Pulogebang',NULL,'Rusun Pulogebang Blok E No 212 Rt 010 Rw 011 kel Pulo Gebang Kec Cakung','2025-10-08','E','212','085216268815','martuah7@gmail.com','ajn-01','Internet 10 Mbps',NULL,NULL),(277,'3175061912840003','Sahat Natanail Nainggolan','Rusun Tipar Cakung',NULL,'Rusun RGTC Blok.Puspa Indah Lt.Dasar No.10. Cakung Barat Jakarta Timur','2025-10-08','Puspa  Indah','Lt. Dasar no 10','08118441984','natanailnainggolan@yahoo.com','ajn-01','Internet 50 Mbps',NULL,NULL),(278,'3173025507620001','Yulinar','Waringin',NULL,'perumahan puri sava blok D7 no 9','2025-10-09','D7','9','081221691841','risna171091@gmail.com','ajn-02','Internet 30 Mbps',NULL,NULL),(279,'3213115711830003','Munisah','Rusun Nagrak',NULL,'rusunawa Nagrak tower 1 lantai 9 no 07','2025-10-10','Tower 1','907','087872456263','maheyramaher77@gmail.com','ajn-03','Internet 10 Mbps',NULL,NULL),(280,'3201151802020009','Tegar febrian','Waringin',NULL,'perumuhan puri sava blok b7 no 3.','2025-10-10','B7','3','085691845301','tfebrian270@gmail.com','ajn-02','Internet 10 Mbps',NULL,NULL),(281,'3604056905970001','Atika','Waringin',NULL,'Puri Sava Waringinkurung Blok D1 No 10','2025-10-10','D1','10','08993882905','atikamayasari29@gmail.com','ajn-02','Internet 10 Mbps',NULL,NULL);
/*!40000 ALTER TABLE `pelanggan` ENABLE KEYS */;
UNLOCK TABLES;

--
-- Table structure for table `permissions`
--

DROP TABLE IF EXISTS `permissions`;
/*!40101 SET @saved_cs_client     = @@character_set_client */;
/*!40101 SET character_set_client = utf8mb4 */;
CREATE TABLE `permissions` (
  `id` bigint(20) NOT NULL AUTO_INCREMENT,
  `name` varchar(191) NOT NULL,
  PRIMARY KEY (`id`),
  UNIQUE KEY `name` (`name`)
) ENGINE=InnoDB AUTO_INCREMENT=109 DEFAULT CHARSET=utf8mb4 COLLATE=utf8mb4_unicode_ci;
/*!40101 SET character_set_client = @saved_cs_client */;

--
-- Dumping data for table `permissions`
--

LOCK TABLES `permissions` WRITE;
/*!40000 ALTER TABLE `permissions` DISABLE KEYS */;
INSERT INTO `permissions` VALUES (93,'create_activity_log'),(13,'create_brand_paket'),(81,'create_dashboard'),(68,'create_dashboard_jakinet'),(85,'create_dashboard_pelanggan'),(9,'create_data_teknis'),(97,'create_inventory'),(17,'create_invoices'),(49,'create_kalkulator'),(45,'create_kelola_s&k'),(5,'create_langganan'),(60,'create_laporan_pendapatan'),(64,'create_manajemen_inventaris'),(21,'create_mikrotik_servers'),(105,'create_odp_management'),(101,'create_olt'),(1,'create_pelanggan'),(33,'create_permissions'),(89,'create_reports_revenue'),(29,'create_roles'),(37,'create_s&k'),(41,'create_simulasi_harga'),(25,'create_users'),(96,'delete_activity_log'),(16,'delete_brand_paket'),(84,'delete_dashboard'),(71,'delete_dashboard_jakinet'),(88,'delete_dashboard_pelanggan'),(12,'delete_data_teknis'),(100,'delete_inventory'),(20,'delete_invoices'),(52,'delete_kalkulator'),(48,'delete_kelola_s&k'),(8,'delete_langganan'),(63,'delete_laporan_pendapatan'),(67,'delete_manajemen_inventaris'),(24,'delete_mikrotik_servers'),(108,'delete_odp_management'),(104,'delete_olt'),(4,'delete_pelanggan'),(36,'delete_permissions'),(92,'delete_reports_revenue'),(32,'delete_roles'),(40,'delete_s&k'),(44,'delete_simulasi_harga'),(28,'delete_users'),(95,'edit_activity_log'),(15,'edit_brand_paket'),(83,'edit_dashboard'),(70,'edit_dashboard_jakinet'),(87,'edit_dashboard_pelanggan'),(11,'edit_data_teknis'),(99,'edit_inventory'),(19,'edit_invoices'),(51,'edit_kalkulator'),(47,'edit_kelola_s&k'),(7,'edit_langganan'),(62,'edit_laporan_pendapatan'),(66,'edit_manajemen_inventaris'),(23,'edit_mikrotik_servers'),(107,'edit_odp_management'),(103,'edit_olt'),(3,'edit_pelanggan'),(35,'edit_permissions'),(91,'edit_reports_revenue'),(31,'edit_roles'),(39,'edit_s&k'),(43,'edit_simulasi_harga'),(27,'edit_users'),(94,'view_activity_log'),(14,'view_brand_paket'),(82,'view_dashboard'),(69,'view_dashboard_jakinet'),(86,'view_dashboard_pelanggan'),(10,'view_data_teknis'),(98,'view_inventory'),(18,'view_invoices'),(50,'view_kalkulator'),(46,'view_kelola_s&k'),(6,'view_langganan'),(61,'view_laporan_pendapatan'),(65,'view_manajemen_inventaris'),(22,'view_mikrotik_servers'),(106,'view_odp_management'),(102,'view_olt'),(2,'view_pelanggan'),(34,'view_permissions'),(90,'view_reports_revenue'),(30,'view_roles'),(38,'view_s&k'),(42,'view_simulasi_harga'),(26,'view_users'),(73,'view_widget_alamat_aktif'),(59,'view_widget_invoice_bulanan'),(76,'view_widget_pelanggan_distribusi_chart'),(79,'view_widget_pelanggan_metrik_cepat'),(75,'view_widget_pelanggan_pendapatan_jakinet'),(56,'view_widget_pelanggan_per_lokasi'),(57,'view_widget_pelanggan_per_paket'),(77,'view_widget_pelanggan_pertumbuhan_chart'),(74,'view_widget_pelanggan_statistik_utama'),(78,'view_widget_pelanggan_status_overview_chart'),(80,'view_widget_pelanggan_tren_pendapatan_chart'),(53,'view_widget_pendapatan_bulanan'),(54,'view_widget_statistik_pelanggan'),(55,'view_widget_statistik_server'),(72,'view_widget_status_langganan'),(58,'view_widget_tren_pertumbuhan');
/*!40000 ALTER TABLE `permissions` ENABLE KEYS */;
UNLOCK TABLES;

--
-- Table structure for table `role_has_permissions`
--

DROP TABLE IF EXISTS `role_has_permissions`;
/*!40101 SET @saved_cs_client     = @@character_set_client */;
/*!40101 SET character_set_client = utf8mb4 */;
CREATE TABLE `role_has_permissions` (
  `permission_id` bigint(20) NOT NULL,
  `role_id` bigint(20) NOT NULL,
  PRIMARY KEY (`permission_id`,`role_id`),
  KEY `role_id` (`role_id`),
  CONSTRAINT `role_has_permissions_ibfk_1` FOREIGN KEY (`permission_id`) REFERENCES `permissions` (`id`),
  CONSTRAINT `role_has_permissions_ibfk_2` FOREIGN KEY (`role_id`) REFERENCES `roles` (`id`)
) ENGINE=InnoDB DEFAULT CHARSET=utf8mb4 COLLATE=utf8mb4_unicode_ci;
/*!40101 SET character_set_client = @saved_cs_client */;

--
-- Dumping data for table `role_has_permissions`
--

LOCK TABLES `role_has_permissions` WRITE;
/*!40000 ALTER TABLE `role_has_permissions` DISABLE KEYS */;
INSERT INTO `role_has_permissions` VALUES (1,1),(1,6),(2,1),(2,6),(3,1),(3,6),(4,1),(4,6),(5,1),(5,6),(6,1),(6,6),(7,1),(7,6),(8,1),(8,6),(9,1),(9,2),(9,5),(10,1),(10,2),(10,5),(11,1),(11,2),(11,5),(12,1),(12,2),(12,5),(13,1),(13,6),(14,1),(14,5),(14,6),(15,1),(15,6),(16,1),(16,6),(17,1),(17,6),(18,1),(18,2),(18,6),(19,1),(19,6),(20,1),(20,6),(21,1),(22,1),(23,1),(24,1),(25,1),(26,1),(27,1),(28,1),(29,1),(30,1),(31,1),(32,1),(33,1),(34,1),(35,1),(36,1),(37,1),(38,1),(38,5),(38,6),(38,7),(39,1),(40,1),(41,1),(41,6),(42,1),(42,5),(42,6),(43,1),(43,5),(43,6),(44,1),(44,6),(45,1),(46,1),(46,5),(46,6),(47,1),(48,1),(49,1),(49,5),(49,6),(50,1),(50,5),(50,6),(51,1),(51,5),(51,6),(52,1),(52,5),(52,6),(53,1),(53,6),(54,1),(54,2),(54,6),(55,1),(55,2),(55,5),(55,6),(55,7),(56,1),(56,2),(56,6),(57,1),(57,2),(57,5),(57,6),(58,1),(58,6),(59,1),(59,6),(60,1),(61,1),(61,6),(62,1),(63,1),(64,1),(64,7),(65,1),(65,7),(66,1),(66,7),(67,1),(67,7),(68,1),(68,6),(69,1),(69,6),(70,1),(70,6),(71,1),(71,6),(72,1),(72,6),(73,1),(73,6),(74,1),(74,6),(75,1),(75,6),(76,1),(76,6),(76,7),(77,1),(77,6),(77,7),(78,1),(78,6),(78,7),(79,1),(79,6),(80,1),(80,6),(80,7),(81,1),(81,6),(81,7),(82,1),(82,2),(82,5),(82,6),(82,7),(83,1),(83,6),(83,7),(84,1),(84,6),(84,7),(85,1),(85,6),(86,1),(86,6),(87,1),(87,6),(88,1),(88,6),(89,1),(89,6),(90,1),(90,6),(91,1),(91,6),(92,1),(92,6),(93,1),(94,1),(95,1),(96,1),(97,7),(98,7),(99,7),(100,7);
/*!40000 ALTER TABLE `role_has_permissions` ENABLE KEYS */;
UNLOCK TABLES;

--
-- Table structure for table `roles`
--

DROP TABLE IF EXISTS `roles`;
/*!40101 SET @saved_cs_client     = @@character_set_client */;
/*!40101 SET character_set_client = utf8mb4 */;
CREATE TABLE `roles` (
  `id` bigint(20) NOT NULL AUTO_INCREMENT,
  `name` varchar(191) NOT NULL,
  PRIMARY KEY (`id`),
  UNIQUE KEY `name` (`name`),
  KEY `ix_roles_id` (`id`)
) ENGINE=InnoDB AUTO_INCREMENT=8 DEFAULT CHARSET=utf8mb4 COLLATE=utf8mb4_unicode_ci;
/*!40101 SET character_set_client = @saved_cs_client */;

--
-- Dumping data for table `roles`
--

LOCK TABLES `roles` WRITE;
/*!40000 ALTER TABLE `roles` DISABLE KEYS */;
INSERT INTO `roles` VALUES (1,'Admin'),(7,'Bos Gudang'),(6,'Finance'),(2,'NOC'),(5,'Teknisi');
/*!40000 ALTER TABLE `roles` ENABLE KEYS */;
UNLOCK TABLES;

--
-- Table structure for table `sk`
--

DROP TABLE IF EXISTS `sk`;
/*!40101 SET @saved_cs_client     = @@character_set_client */;
/*!40101 SET character_set_client = utf8mb4 */;
CREATE TABLE `sk` (
  `id` int(11) NOT NULL AUTO_INCREMENT,
  `judul` varchar(255) NOT NULL,
  `konten` text NOT NULL,
  `tipe` varchar(50) DEFAULT NULL,
  `versi` varchar(50) DEFAULT NULL,
  `created_at` datetime DEFAULT current_timestamp(),
  PRIMARY KEY (`id`),
  KEY `ix_syarat_ketentuan_id` (`id`)
) ENGINE=InnoDB DEFAULT CHARSET=utf8mb4 COLLATE=utf8mb4_unicode_ci;
/*!40101 SET character_set_client = @saved_cs_client */;

--
-- Dumping data for table `sk`
--

LOCK TABLES `sk` WRITE;
/*!40000 ALTER TABLE `sk` DISABLE KEYS */;
/*!40000 ALTER TABLE `sk` ENABLE KEYS */;
UNLOCK TABLES;

--
-- Table structure for table `syarat_ketentuan`
--

DROP TABLE IF EXISTS `syarat_ketentuan`;
/*!40101 SET @saved_cs_client     = @@character_set_client */;
/*!40101 SET character_set_client = utf8mb4 */;
CREATE TABLE `syarat_ketentuan` (
  `id` int(11) NOT NULL AUTO_INCREMENT,
  `judul` varchar(255) NOT NULL,
  `konten` text NOT NULL,
  `tipe` varchar(50) DEFAULT NULL,
  `versi` varchar(50) DEFAULT NULL,
  `created_at` datetime DEFAULT current_timestamp(),
  PRIMARY KEY (`id`),
  KEY `ix_syarat_ketentuan_id` (`id`)
) ENGINE=InnoDB AUTO_INCREMENT=11 DEFAULT CHARSET=utf8mb4 COLLATE=utf8mb4_unicode_ci;
/*!40101 SET character_set_client = @saved_cs_client */;

--
-- Dumping data for table `syarat_ketentuan`
--

LOCK TABLES `syarat_ketentuan` WRITE;
/*!40000 ALTER TABLE `syarat_ketentuan` DISABLE KEYS */;
INSERT INTO `syarat_ketentuan` VALUES (1,'Update Fitur Sistem v2.1.4 - Menu S&K, Kalkulator Prorate, dan Perbaikan','<p>Kami telah melakukan pembaruan pada sistem ke versi <strong>v2.1.4</strong>. Pembaruan ini mencakup beberapa penambahan fitur baru serta perbaikan untuk meningkatkan kenyamanan dan stabilitas. Berikut rinciannya:</p>\n\n<h4><strong>Penambahan Fitur Baru:</strong></h4>\n<ul>\n  <li><strong>Menu Syarat & Ketentuan (S&K):</strong> Menambahkan menu baru untuk mengelola dan melihat Syarat & Ketentuan (S&K) langsung dari dasbor.</li>\n  <li><strong>Tampilan Alamat di Menu Langganan:</strong> Informasi alamat pelanggan kini ditampilkan pada halaman langganan untuk mempermudah identifikasi lokasi.</li>\n  <li><strong>Kalkulator Prorate:</strong> Memperkenalkan fitur kalkulator untuk simulasi perhitungan tagihan prorate secara akurat.</li>\n  <li><strong>Shortcut WhatsApp:</strong> Menambahkan tombol pintasan WhatsApp untuk mempermudah dan mempercepat komunikasi dengan pelanggan.</li>\n</ul>\n\n<h4><strong>Perbaikan dan Peningkatan:</strong></h4>\n<ul>\n  <li><strong>Perbaikan Bug Profil PPPOE:</strong> Mengatasi masalah yang terjadi pada saat pengelolaan profil PPPOE untuk meningkatkan integrasi dengan Mikrotik.</li>\n  <li><strong>Perbaikan Bug Perhitungan Prorate:</strong> Menyempurnakan akurasi perhitungan pada fitur tagihan prorate.</li>\n</ul>\n\n<p>Pembaruan ini telah dipublikasikan pada <strong>18 Agustus 2025</strong>. Terima kasih telah menggunakan layanan kami.</p>','Pembaruan','2.1.4','2025-08-18 15:27:57'),(2,'SYARAT & KETENTUAN','<p>Dengan hormat,</p>\n<p>Bersama ini kami informasikan adanya pembaruan pada Syarat dan Ketentuan (S&K) terkait sistem penagihan, pembayaran, dan penonaktifan layanan. Pembaruan ini berlaku efektif sejak tanggal diumumkan.</p>\n<p>Berikut adalah rincian perubahannya:</p>\n<ul>\n  <li>\n    <strong>Penerbitan Tagihan Otomatis</strong><br>\n    Sistem akan secara otomatis menerbitkan dan mengirimkan tagihan (<em>invoice</em>) kepada setiap pelanggan <strong>5 (lima) hari sebelum tanggal jatuh tempo</strong> yang telah ditetapkan.\n  </li>\n  <br>\n  <li>\n    <strong>Masa Aktif Tautan Pembayaran</strong><br>\n    Setiap tautan pembayaran (<em>invoice link</em>) yang dikirimkan memiliki masa aktif selama <strong>10 (sepuluh) hari</strong>. Pelanggan diharapkan untuk menyelesaikan pembayaran dalam kurun waktu tersebut sebelum tautan kedaluwarsa.\n  </li>\n  <br>\n  <li>\n    <strong>Jadwal Pengingat Pembayaran</strong><br>\n    Sistem pengingat pembayaran akan dikirimkan secara otomatis sebanyak <strong>2 (dua) kali</strong>, dengan jadwal sebagai berikut:\n    <ul>\n      <li>Pengingat pertama dikirimkan pada <strong>tanggal 1</strong></li>\n      <li>Pengingat kedua dikirimkan pada <strong>tanggal 4</strong></li>\n    </ul>\n  </li>\n  <br>\n  <li>\n    <strong>Penonaktifan Layanan Akibat Keterlambatan</strong><br>\n    Apabila pembayaran tagihan belum kami terima hingga melewati tanggal 1 pada bulan berjalan, maka layanan akan dinonaktifkan secara otomatis. Proses penonaktifan dan pemutusan koneksi paksa oleh sistem akan dilakukan pada <strong>tanggal 5 pukul 00:00 WIB</strong>.\n  </li>\n</ul>\n<p>Mohon untuk memperhatikan perubahan ini demi kelancaran proses pembayaran dan keberlangsungan layanan Anda. Atas perhatiannya, kami ucapkan terima kasih.</p>\n<p><em>Hormat kami,</em><br><strong>Team Pengembang</strong></p>','Ketentuan',NULL,'2025-08-20 04:41:42'),(3,'Pembaruan Sistem v2.1.5: Peningkatan Performa, Akurasi Data, dan Fitur Dashboard','<p>Kami telah melakukan pembaruan pada sistem ke versi <strong>v2.1.5</strong>. Pembaruan ini mencakup beberapa peningkatan performa, perbaikan bug, dan penambahan fitur baru untuk meningkatkan stabilitas dan akurasi data. Berikut rinciannya:</p>\n\n<h4>Penambahan Fitur Baru:</h4>\n<ul>\n    <li><strong>Widget Dashboard Interaktif:</strong> Menambahkan kemampuan untuk mengklik grafik \"Pelanggan per Paket\" di dashboard untuk melihat rincian detail pelanggan berdasarkan Lokasi dan Brand.</li>\n</ul>\n\n<h4>Perbaikan dan Peningkatan:</h4>\n<ul>\n    <li><strong>Optimasi Kinerja Sistem Latar Belakang:</strong> Menyempurnakan proses otomatis (seperti pembuatan invoice dan suspensi layanan) agar dapat menangani ribuan data pelanggan secara efisien tanpa membebani server.</li>\n    <li><strong>Perbaikan Bug Tampilan Data:</strong> Mengatasi masalah yang menyebabkan daftar data (seperti pelanggan & langganan) hanya menampilkan 100 item, kini seluruh data dapat diakses.</li>\n    <li><strong>Peningkatan Akurasi Filter:</strong> Memperbaiki logika filter agar selalu melakukan pencarian di seluruh database, memastikan hasil yang ditampilkan (contoh: filter status \"Suspended\") selalu akurat.</li>\n    <li><strong>Validasi Logika Penagihan:</strong> Melakukan verifikasi dan memastikan sistem secara otomatis tidak akan mengirimkan invoice baru kepada pelanggan yang statusnya \"Suspended\".</li>\n</ul>\n\n<p>Pembaruan ini dipublikasikan pada <strong>21 Agustus 2025</strong>. Terima kasih telah menggunakan layanan kami.</p>','Pembaruan','2.1.5','2025-08-21 13:03:44'),(4,'Pembaruan dan Update Request Feature v2.1.6','<div>\n<h1>Pembaruan Sistem & Catatan Rilis v2.1.6</h1>\n<p>Kami telah melakukan serangkaian pembaruan pada sistem ke versi <strong>v2.1.6</strong>. Pembaruan ini mencakup penambahan fitur baru yang signifikan, perbaikan bug kritis di sisi backend dan frontend, serta peningkatan alur kerja untuk meningkatkan stabilitas dan akurasi data. Berikut rinciannya:</p>\n\n<h4>Penambahan Fitur Baru:</h4>\n<ul>\n    <li><strong>Opsi Penagihan Prorate Gabungan:</strong> Menambahkan fungsionalitas baru agar dapat membuat tagihan pertama yang mencakup biaya prorate sisa bulan ini ditambah biaya penuh untuk bulan berikutnya dalam satu invoice. Sistem kini secara otomatis mengatur jatuh tempo berikutnya 2 bulan ke depan setelah pembayaran gabungan dilunasi.</li>\n    <li><strong>Pemilihan Profil PPPoE Otomatis untuk NOC:</strong> Mengimplementasikan fitur cerdas pada form \"Tambah Data Teknis\". Sistem kini secara otomatis:\n        <ol>\n            <li>Mendeteksi lokasi pelanggan untuk menentukan server Mikrotik yang relevan.</li>\n            <li>Menganalisis paket layanan yang dipilih untuk menentukan kecepatan (misal: 20 Mbps).</li>\n            <li>Menampilkan daftar profil PPPoE yang tersedia di Mikrotik yang sesuai dengan kecepatan tersebut dan memiliki kurang dari 5 pengguna aktif.</li>\n        </ol>\n        Fitur ini secara drastis mengurangi kesalahan input manual dan mempercepat alur kerja tim NOC.\n    </li>\n    <li><strong>Fungsionalitas Edit untuk Konten (S&K):</strong> Menambahkan kemampuan untuk memperbarui (update) data Syarat & Ketentuan yang sudah ada melalui dialog form, tidak hanya menambah dan menghapus.</li>\n</ul>\n\n<h4>Perbaikan dan Peningkatan:</h4>\n<ul>\n    <li><strong>Perbaikan Kritis: Aplikasi \'Freeze\' pada Halaman Data Teknis:</strong> Menyelesaikan masalah aplikasi tidak responsif (freeze) saat membuka dialog \"Tambah Data Teknis\". Akar masalahnya adalah <em>race condition</em> saat memuat data awal. Perbaikan dilakukan dengan merestrukturisasi <em>lifecycle hook</em> <code>onMounted</code> menggunakan <code>Promise.all</code> untuk memastikan semua data (pelanggan, langganan, dll.) selesai dimuat sebelum halaman dapat diinteraksikan.</li>\n    <li><strong>Penyesuaian Alur Kerja Sesuai Proses Bisnis:</strong> Menyesuaikan form \"Tambah Data Teknis\" agar 100% cocok dengan alur kerja <strong>Sales (Pelanggan) -> NOC (Data Teknis) -> Finance (Langganan)</strong>. Kini, tim NOC dapat memilih Paket Layanan secara manual saat membuat data teknis, karena data Langganan baru akan dibuat oleh tim Finance di tahap selanjutnya.</li>\n    <li><strong>Sinkronisasi Model Data dan Database:</strong> Memperbaiki serangkaian bug kritis yang disebabkan oleh ketidaksesuaian antara kode aplikasi dan struktur database, termasuk memperbaiki nama kolom yang salah (<code>tanggal_mulai</code> vs <code>tgl_mulai_langganan</code>) pada Model SQLAlchemy dan Skema Pydantic serta menjalankan migrasi database (Alembic) dengan benar.</li>\n    <li><strong>Optimalisasi Penanganan Cache Browser:</strong> Mengidentifikasi dan memberikan solusi untuk masalah <em>caching</em> browser yang menyebabkan pengguna tidak menerima versi aplikasi terbaru setelah update. Rekomendasi konfigurasi server (Nginx) telah diberikan untuk mencegah masalah ini terjadi lagi di masa depan.</li>\n    <li><strong>Peningkatan Stabilitas Server:</strong> Mengatasi masalah <code>500 Internal Server Error</code> yang persisten dengan melakukan reset total pada cache bytecode Python (<code>__pycache__</code>) di server, memastikan aplikasi selalu menjalankan versi kode terbaru setelah di-restart.</li>\n    <li><strong>Implementasi Pengecekan Kode Otomatis (CI/CD):</strong> Mengintegrasikan GitHub Actions ke dalam repositori untuk secara otomatis memeriksa kualitas dan format kode (menggunakan black, flake8), memastikan konsistensi dan mengurangi potensi bug di masa depan.</li>\n</ul>\n\n<p>Pembaruan dan perbaikan ini diselesaikan pada <strong>22 Agustus 2025</strong>. Terima kasih atas kerja sama Anda dalam proses ini.</p>\n</div>','Pembaruan','2.1.6','2025-08-22 11:14:11'),(5,'Pembaruan Sistem v2.2.0: Hak Akses Widget Dashboard & Peningkatan Stabilitas','<p>Pembaruan kali ini menghadirkan fitur baru yang signifikan dalam hal kontrol akses dan laporan, ditambah serangkaian peningkatan stabilitas dan perbaikan bug untuk meningkatkan pengalaman pengguna secara keseluruhan.</p>\n<br>\n<strong>Fitur Baru </strong>\n<p><strong>1. Kontrol Akses Widget Dashboard:</strong> Kini Anda dapat mengatur widget mana yang bisa dilihat oleh setiap peran pengguna (misalnya, NOC atau Finance) langsung dari menu \"Role Management\". Fitur ini memberikan kontrol keamanan yang lebih baik dan memastikan setiap tim hanya melihat data yang relevan.</p>\n<p><strong>2. Fitur Laporan Pendapatan Lengkap:</strong> Kami telah menambahkan halaman Laporan baru yang canggih. Anda sekarang bisa melihat riwayat pendapatan, memfilternya berdasarkan rentang tanggal dan lokasi pelanggan, serta mengekspor hasilnya ke file Excel dengan format yang rapi.</p>\n<br>\n<strong>Peningkatan & Perbaikan </strong>\n<p><strong>- Peningkatan Kompatibilitas Server:</strong> Memperbaiki <em>error</em> fatal (<code>locale.Error</code>) untuk memastikan aplikasi dapat berjalan stabil di berbagai lingkungan server (Linux/Windows), bahkan yang tidak memiliki konfigurasi bahasa Indonesia.</p>\n<p><strong>- Stabilitas Dashboard:</strong> Memperbaiki masalah yang menyebabkan <em>chart</em> gagal dimuat atau halaman menjadi kosong. Dashboard kini lebih tangguh dan akan menampilkan data secara konsisten sesuai hak akses pengguna.</p>\n<p><strong>- Perbaikan Tampilan UI:</strong> Menghilangkan duplikasi kartu statistik di halaman Dashboard untuk tampilan yang lebih bersih dan akurat.</p>\n<p><strong>- Peningkatan Ekspor Excel:</strong> Laporan Excel kini secara otomatis memformat angka sebagai mata uang Rupiah (\"Rp\") dan merapikan tampilan kolom untuk keterbacaan yang lebih baik.</p>','Pembaruan','2.2.0','2025-08-23 21:00:59'),(6,'SYARAT & KETENTUAN','<p>Dengan hormat,</p>\n<p>Kami memberitahukan adanya pembaruan penting pada sistem dan Syarat dan Ketentuan (S&K) kami. Pembaruan ini bertujuan untuk meningkatkan validasi, akurasi, dan pengalaman Anda dalam mengelola layanan. Aturan ini berlaku efektif sejak pengumuman ini diterbitkan.</p>\n<p>Berikut adalah poin utama pembaruan tersebut:</p>\n<ul>\n<li>\n<strong>Pengenalan Portal Pelanggan Baru: Portal FTTH Artacom</strong><br>\nUntuk memberikan pengalaman yang lebih baik dan terintegrasi, kami secara resmi memindahkan sistem manajemen penagihan (<em>Billing System</em>) ke platform terpusat yang baru, yaitu <strong>Portal FTTH Artacom</strong>. Ke depannya, portal ini akan menjadi pusat untuk semua kebutuhan Anda, mulai dari melihat tagihan, melakukan pembayaran, hingga mengajukan perubahan layanan.\n</li>\n<br>\n<li>\n<strong>Verifikasi untuk Penyesuaian Harga Layanan via Portal</strong><br>\nSejalan dengan pengenalan portal baru, setiap permintaan untuk mengubah harga layanan (baik peningkatan maupun penurunan paket) wajib diajukan melalui Portal FTTH Artacom dan akan melalui tahap verifikasi serta persetujuan (<em>approval</em>) dari Tim Billing kami. Penyesuaian harga tidak lagi terjadi secara instan, melainkan akan diproses setelah mendapatkan validasi dari tim kami.\n</li>\n</ul>\n<p>Kami mohon Anda dapat segera membiasakan diri dengan Portal FTTH Artacom. Langkah ini kami ambil sebagai komitmen untuk menjaga ketertiban administrasi dan memberikan layanan yang lebih transparan bagi seluruh pelanggan.</p>\n<p>Atas perhatian dan kerja sama Anda, kami ucapkan terima kasih.</p>\n<p><em>Hormat kami,</em><br><strong>Tim Artacom</strong></p>','Ketentuan',NULL,'2025-09-05 20:04:04'),(7,'v2.5.0: Rilis Fitur Manajemen Infrastruktur, Dashboard Baru, dan Lainnya!','<p>Selamat datang di <strong>Portal v2.5.0</strong>! Pembaruan besar kali ini menandai evolusi dari versi 2.2.0, dengan membawa serangkaian fitur baru yang revolusioner untuk manajemen infrastruktur dan pelaporan. Kami juga menyertakan berbagai peningkatan fungsionalitas dan perbaikan bug krusial untuk menjadikan portal ini lebih andal dan efisien untuk operasional harian Anda.</p>\n<br>\n<strong>Fitur Baru </strong>\n<p><strong>1. Dashboard Monitoring Baru & Visualisasi Data:</strong> Kami memperkenalkan dua dashboard canggih: satu untuk ringkasan operasional penuh dan satu lagi khusus untuk memonitor pelanggan Jakinet secara terpisah. Tampilan ringkasan pendapatan dan piutang juga telah dirombak agar lebih intuitif dan mudah dibaca.</p>\n<p><strong>2. Manajemen Infrastruktur Jaringan (OLT & Inventaris):</strong> Kini Anda dapat mengelola perangkat OLT, melacak ODP (Optical Distribution Point), dan memantau seluruh inventaris perangkat jaringan (seperti Mikrotik, Kabel, dan ONT/ONU) langsung dari satu menu terpusat. Fitur ini memberikan kontrol penuh atas aset fisik jaringan Anda.</p>\n<p><strong>3. Laporan & Ringkasan Bulanan:</strong> Fitur baru untuk melihat ringkasan tagihan (<em>invoicing</em>) per bulan secara otomatis. Anda juga dapat melacak jumlah pelanggan aktif dan yang ditangguhkan (<em>suspend</em>) secara real-time untuk analisis bisnis yang lebih baik.</p>\n<p><strong>4. Mode Pemeliharaan Sistem (Maintenance Mode):</strong> Sebuah menu baru yang memungkinkan Anda mengaktifkan mode pemeliharaan dengan mudah. Fitur ini akan menampilkan pemberitahuan di sisi pelanggan saat sistem sedang dalam perbaikan, memastikan komunikasi yang jelas selama proses maintenance.</p>\n<p><strong>5. Notifikasi Real-time untuk Tim NOC:</strong> Sistem kini akan mengirimkan notifikasi otomatis setiap kali Data Teknis pelanggan berhasil dibuat. Hal ini mempercepat alur kerja dan koordinasi antara tim administrasi dan tim teknis (NOC).</p>\n<br>\n<strong>Peningkatan & Perbaikan Bug </strong>\n<p><strong>- Peningkatan Fungsionalitas Tabel:</strong> Kami meningkatkan kemampuan filter dan urutan data. Kini Anda dapat melakukan filter berdasarkan alamat atau riwayat pelanggan, serta mengurutkan data berdasarkan tanggal jatuh tempo dengan lebih cepat dan mudah.</p>\n<p><strong>- Stabilitas Sinkronisasi Mikrotik:</strong> Memperbaiki masalah sinkronisasi krusial antara Portal dan perangkat Mikrotik. Proses penangguhan (<em>suspend</em>), aktivasi ulang (<em>unsuspend</em>), dan pembaruan data teknis pelanggan kini berjalan jauh lebih andal dan konsisten.</p>\n<p><strong>- Perbaikan Fitur Impor Data Massal:</strong> Menyelesaikan bug signifikan yang terjadi pada fitur impor data. Proses impor untuk data pelanggan, data teknis, dan data langganan kini berjalan lebih lancar, cepat, dan bebas eror.</p>\n<p><strong>- Koreksi Profil PPPoE & Deskripsi Pembayaran:</strong> Memperbaiki kesalahan logika pada penyimpanan profil PPPoE di Data Teknis dan mengoreksi deskripsi transaksi yang dikirimkan ke payment gateway (Xendit) agar sesuai format.</p>\n\n<p>Terima kasih telah menggunakan layanan kami. Kami berharap pembaruan ini dapat membantu operasional bisnis Anda menjadi lebih baik.</p>\n\n<p><em>Hormat kami,</em><br><strong>Team Pengembang</strong></p>','Pembaruan','2.5.0','2025-09-05 20:15:38'),(8,'Laporan Pembaruan Aplikasi V2.5.1','<!DOCTYPE html>\n<html lang=\"id\">\n<head>\n    <meta charset=\"UTF-8\">\n    <meta name=\"viewport\" content=\"width=device-width, initial-scale=1.0\">\n    <title>Laporan Update Aplikasi</title>\n    <style>\n        body {\n            font-family: Arial, sans-serif;\n            line-height: 1.6;\n            color: #333;\n            margin: 0;\n            padding: 20px;\n            background-color: #f4f4f4;\n        }\n        .container {\n            max-width: 800px;\n            margin: auto;\n            background: #fff;\n            padding: 20px 40px;\n            border-radius: 8px;\n            box-shadow: 0 0 10px rgba(0,0,0,0.1);\n        }\n        h1, h2 {\n            color: #2c3e50;\n        }\n        h2 {\n            border-bottom: 2px solid #3498db;\n            padding-bottom: 5px;\n            margin-top: 30px;\n        }\n        .new-feature, .bug-fix {\n            margin-bottom: 20px;\n        }\n        ul {\n            list-style-type: disc;\n            padding-left: 20px;\n        }\n        li {\n            margin-bottom: 10px;\n        }\n        .new-user-label {\n            display: inline-block;\n            background-color: #27ae60;\n            color: white;\n            padding: 2px 8px;\n            border-radius: 4px;\n            font-size: 0.8em;\n            font-weight: bold;\n            margin-left: 10px;\n        }\n    </style>\n</head>\n<body>\n\n<div class=\"container\">\n    <h1>Laporan Update Aplikasi</h1>\n    <p>Halo semuanya! </p>\n    <p>Ada kabar gembira nih. Tim pengembang baru saja menyelesaikan update besar untuk aplikasi kita. Fokus utama kita kali ini adalah membuat sistem lebih stabil, enggak gampang error, dan pastinya lebih gampang dipakai buat kalian semua.</p>\n    \n    <h2>Perbaikan dan Peningkatan Bug </h2>\n    <div class=\"bug-fix\">\n        <ul>\n            <li>\n                <strong>Pemilihan Server Mikrotik Lebih Cerdas:</strong> Dulu, aplikasi suka salah pilih server Mikrotik dan selalu terhubung ke server pertama yang ada di daftar, misalnya \"Tambun\", meskipun alamat pelanggannya di \"Waringin\". Sekarang, aplikasi sudah pintar! Sistem akan mencocokkan alamat pelanggan dengan nama server yang sesuai secara otomatis. Jadi, enggak akan salah Mikrotik lagi.\n            </li>\n            <li>\n                <strong>Hubungan Database Diperbaiki:</strong> Pernah ada error aneh (`AttributeError` dan `InvalidRequestError`) saat sistem mau nyambungin data pelanggan ke server Mikrotik]. Nah, bug ini sudah kami perbaiki dengan menambahkan kolom `mikrotik_server_id` dan bikin hubungan dua arah yang benar di database> Query OK, 125 rows affected (0.643 sec)]. Sekarang semua data sudah nyambung dengan rapih.\n            </li>\n            <li>\n                <strong>Pilihan Profil PPPoE Makin Lengkap:</strong> Sebelumnya, daftar profil PPPoE yang tersedia untuk pelanggan baru kadang enggak muncul semua. Sekarang, logika di aplikasi sudah ditingkatkan. Semua profil yang relevan akan ditampilkan, dan filternya pun sudah bekerja dengan baik.\n            </li>\n            <li>\n                <strong>Tampilan Dropdown Pelanggan Beres:</strong> Di formulir \"Tambah Langganan\", nama pelanggan sering muncul dobel. Kami sudah bereskan masalah ini dengan memperbaiki struktur template dropdown-nya. Sekarang, setiap pelanggan cuma muncul sekali dan rapih.\n            </li>\n        </ul>\n    </div>\n\n    <h2>Fitur Baru </h2>\n    <div class=\"new-feature\">\n        <ul>\n            <li>\n                <strong>Penanda Pelanggan Baru:</strong> Sekarang, di menu \"Tambah Langganan\", setiap pelanggan yang belum punya langganan akan otomatis ditandai dengan tulisan <span class=\"new-user-label\">NEW USER</span>. Ini bikin kalian lebih cepat tahu siapa saja pelanggan yang perlu dibuatkan langganan.\n            </li>\n        </ul>\n    </div>\n\n    <p>Terima kasih banyak sudah menggunakan sistem ini. Semoga update kali ini bikin kerjaan kalian makin lancar ya! </p>\n    \n    <p><strong>Hormat kami,</strong><br><strong>Team Pengembang</strong></p>\n</div>\n\n</body>\n</html>','Pembaruan','2.5.1','2025-09-07 19:47:07'),(9,'Laporan Pembaruan Aplikasi V2.5.2','<!DOCTYPE html>\n<html lang=\"id\">\n<head>\n  <meta charset=\"UTF-8\">\n  <meta name=\"viewport\" content=\"width=device-width, initial-scale=1.0\">\n  <title>Changelog v2.5.3</title>\n  <style>\n    body {\n      font-family: Arial, sans-serif;\n      line-height: 1.6;\n      color: #333;\n      margin: 0;\n      padding: 20px;\n      background-color: #f4f4f4;\n    }\n    .container {\n      max-width: 800px;\n      margin: auto;\n      background: #fff;\n      padding: 20px 40px;\n      border-radius: 8px;\n      box-shadow: 0 0 10px rgba(0,0,0,0.1);\n    }\n    h1, h2 {\n      color: #2c3e50;\n    }\n    h2 {\n      border-bottom: 2px solid #3498db;\n      padding-bottom: 5px;\n      margin-top: 30px;\n    }\n    ul {\n      list-style-type: disc;\n      padding-left: 20px;\n    }\n    li {\n      margin-bottom: 10px;\n    }\n    .new-user-label {\n      display: inline-block;\n      background-color: #27ae60;\n      color: white;\n      padding: 2px 8px;\n      border-radius: 4px;\n      font-size: 0.8em;\n      font-weight: bold;\n      margin-left: 10px;\n    }\n  </style>\n</head>\n<body>\n\n<div class=\"container\">\n  <h1>Changelog Aplikasi - Versi 2.5.2>\n  <p>Berikut adalah ringkasan perubahan dan perbaikan yang diterapkan pada versi ini:</p>\n\n  <h2>Bug Fixes & Improvement</h2>\n  <ul>\n    <li>\n      <strong>Logika Pemilihan Server Mikrotik:</strong> Sistem kini otomatis mencocokkan nama area pelanggan dengan server Mikrotik yang sesuai. Sebelumnya, sistem hanya memilih server pertama dalam daftar.\n    </li>\n    <li>\n      <strong>Relasi Data Mikrotik:</strong> Perbaikan pada relasi database yang sebelumnya menyebabkan <code>AttributeError</code> dan <code>InvalidRequestError</code>. Ditambahkan kolom <code>mikrotik_server_id</code> dan relasi dua arah antar model.\n    </li>\n    <li>\n      <strong>Daftar Profil PPPoE:</strong> Logic pemfilteran profil PPPoE diperbaiki agar seluruh profil yang aktif dapat muncul sesuai area/server.\n    </li>\n    <li>\n      <strong>Dropdown Pelanggan:</strong> Perbaikan pada struktur tampilan dropdown di form \"Tambah Langganan\". Nama pelanggan yang sebelumnya tampil ganda kini hanya muncul satu kali.\n    </li>\n    <li>\n      <strong>Suspended/Unsuspended:</strong> Perbaikan pada fitur otomatisasi status suspend/unsuspend berdasarkan status pembayaran. Status pelanggan kini diperbarui secara konsisten dan akurat.\n    </li>\n    <li>\n      <strong>Dashboard Jakinet:</strong> Bug yang menyebabkan area \"Jelantik\" dan \"Jelantik Nagrak\" tidak muncul di dashboard telah diperbaiki.\n    </li>\n  </ul>\n\n  <h2>System Improvements</h2>\n  <ul>\n    <li>\n      <strong>Activity Log:</strong> Penambahan fitur log aktivitas untuk mencatat semua tindakan penting seperti pembuatan invoice, update data, dan lainnya. <span class=\"new-user-label\">NEW</span>\n    </li>\n    <li>\n      <strong>Database Optimization:</strong> Refactor model dan optimasi query untuk menghindari masalah N+1 di entitas <code>Pelanggan</code>, <code>Langganan</code>, <code>Data Teknis</code>, dan <code>Invoice</code>.\n    </li>\n    <li>\n      <strong>Stabilitas Script Main:</strong> Perbaikan pada script <code>main.py</code> untuk menghindari pembuatan invoice ganda. Sekarang proses berjalan lebih stabil dan terkontrol.\n    </li>\n    <li>\n      <strong>Integrasi Mikrotik:</strong> Data teknis sekarang diambil langsung dari Mikrotik, bukan lagi dari OLT, untuk penyederhanaan manajemen perangkat.\n    </li>\n  </ul>\n\n  <h2>New Feature</h2>\n  <ul>\n    <li>\n      <strong>Penanda \"NEW USER\":</strong> Pelanggan yang belum memiliki langganan akan otomatis ditandai dengan label <span class=\"new-user-label\">NEW USER</span> di form \"Tambah Langganan\".\n    </li>\n  </ul>\n\n  <p>Silakan update ke versi ini untuk mendapatkan semua perubahan di atas.</p>\n\n  <p><strong> Dev Team</strong></p>\n</div>\n\n</body>\n</html>\n','Pembaruan','2.5.2','2025-09-09 22:37:58'),(10,'Update v2.5.3 - Optimasi Tampilan Mobile & Role Fix','<!DOCTYPE html>\n<html lang=\"id\">\n<head>\n    <meta charset=\"UTF-8\">\n    <meta name=\"viewport\" content=\"width=device-width, initial-scale=1.0\">\n    <title>Changelog v2.5.3</title>\n    <style>\n        body {\n            font-family: Arial, sans-serif;\n            line-height: 1.6;\n            color: #333;\n            margin: 0;\n            padding: 20px;\n            background-color: #f4f4f4;\n        }\n        .container {\n            max-width: 800px;\n            margin: auto;\n            background: #fff;\n            padding: 20px 40px;\n            border-radius: 8px;\n            box-shadow: 0 0 10px rgba(0,0,0,0.1);\n        }\n        h1, h2 {\n            color: #2c3e50;\n        }\n        h2 {\n            border-bottom: 2px solid #3498db;\n            padding-bottom: 5px;\n            margin-top: 30px;\n        }\n        ul {\n            list-style-type: disc;\n            padding-left: 20px;\n        }\n        li {\n            margin-bottom: 10px;\n        }\n        .new-user-label {\n            display: inline-block;\n            background-color: #27ae60;\n            color: white;\n            padding: 2px 8px;\n            border-radius: 4px;\n            font-size: 0.8em;\n            font-weight: bold;\n            margin-left: 10px;\n        }\n    </style>\n</head>\n<body>\n\n<div class=\"container\">\n    <h1>Changelog v2.5.3</h1>\n    <p>Berikut ini adalah ringkasan perubahan pada versi 2.5.3:</p>\n\n    <h2>Bug Fixes & Improvements </h2>\n    <ul>\n        <li>\n            <strong>Responsive UI (Mobile):</strong> Perbaikan tampilan halaman <code>Invoice</code> dan <code>Data Teknis</code> agar lebih usable di perangkat mobile.\n        </li>\n        <li>\n            <strong>Android Performance:</strong> Batasi jumlah data yang ditampilkan di beberapa halaman berat untuk mengurangi lag di device Android low-end.\n        </li>\n        <li>\n            <strong>Role Management:</strong> Fix permission dan hak akses untuk role <code>NOC</code> dan <code>Teknisi</code>.\n        </li>\n        <li>\n            <strong>Notifikasi:</strong> Arahkan notifikasi terkait pembayaran dari NOC langsung ke tim <code>Finance</code>.\n        </li>\n    </ul>\n\n    <h2>System Updates </h2>\n    <ul>\n        <li>\n            <strong>APK Rebuild:</strong> Build ulang versi Android (.apk) dengan semua perubahan di atas. Sudah bisa di-download untuk distribusi internal/testing.\n        </li>\n    </ul>\n\n    <h2>New Feature </h2>\n    <ul>\n        <li>\n            <strong>Auto Role & Notification Logic:</strong> Tambahkan logic tagging pengguna berdasarkan role dan optimasi alur notifikasi. <span class=\"new-user-label\">NEW</span>\n        </li>\n    </ul>\n\n    <p>Catatan: Disarankan untuk clear cache jika tampilan mobile belum berubah setelah update.</p>\n\n    <p><strong> Dev Team</strong></p>\n</div>\n\n</body>\n</html>\n','Pembaruan','2.5.3','2025-09-13 23:50:00');
/*!40000 ALTER TABLE `syarat_ketentuan` ENABLE KEYS */;
UNLOCK TABLES;

--
-- Table structure for table `system_settings`
--

DROP TABLE IF EXISTS `system_settings`;
/*!40101 SET @saved_cs_client     = @@character_set_client */;
/*!40101 SET character_set_client = utf8mb4 */;
CREATE TABLE `system_settings` (
  `id` int(11) NOT NULL AUTO_INCREMENT,
  `setting_key` varchar(100) NOT NULL,
  `setting_value` varchar(500) DEFAULT NULL,
  PRIMARY KEY (`id`),
  UNIQUE KEY `ix_system_settings_setting_key` (`setting_key`)
) ENGINE=InnoDB AUTO_INCREMENT=2 DEFAULT CHARSET=utf8mb4 COLLATE=utf8mb4_unicode_ci;
/*!40101 SET character_set_client = @saved_cs_client */;

--
-- Dumping data for table `system_settings`
--

LOCK TABLES `system_settings` WRITE;
/*!40000 ALTER TABLE `system_settings` DISABLE KEYS */;
INSERT INTO `system_settings` VALUES (1,'maintenance_mode','false|Maintenance Mode');
/*!40000 ALTER TABLE `system_settings` ENABLE KEYS */;
UNLOCK TABLES;

--
-- Table structure for table `users`
--

DROP TABLE IF EXISTS `users`;
/*!40101 SET @saved_cs_client     = @@character_set_client */;
/*!40101 SET character_set_client = utf8mb4 */;
CREATE TABLE `users` (
  `id` bigint(20) NOT NULL AUTO_INCREMENT,
  `name` varchar(191) NOT NULL,
  `email` varchar(191) NOT NULL,
  `email_verified_at` timestamp NULL DEFAULT NULL,
  `password` varchar(191) NOT NULL,
  `remember_token` varchar(100) DEFAULT NULL,
  `created_at` datetime DEFAULT current_timestamp(),
  `updated_at` datetime DEFAULT current_timestamp(),
  `role_id` bigint(20) DEFAULT NULL,
  PRIMARY KEY (`id`),
  UNIQUE KEY `ix_users_email` (`email`),
  KEY `role_id` (`role_id`),
  KEY `ix_users_id` (`id`),
  CONSTRAINT `users_ibfk_1` FOREIGN KEY (`role_id`) REFERENCES `roles` (`id`)
) ENGINE=InnoDB AUTO_INCREMENT=21 DEFAULT CHARSET=utf8mb4 COLLATE=utf8mb4_unicode_ci;
/*!40101 SET character_set_client = @saved_cs_client */;

--
-- Dumping data for table `users`
--

LOCK TABLES `users` WRITE;
/*!40000 ALTER TABLE `users` DISABLE KEYS */;
INSERT INTO `users` VALUES (1,'Ahmad','ahmad@ajnusa.com',NULL,'$2b$12$8Xzv6GBoOmqC3rH9Cq5yiO1fbwEmLuDXwegzyLNhvPqrQx/gOo.i2',NULL,'2025-07-31 10:56:38','2025-07-31 10:56:38',1),(2,'Abbas','abbas@ajnusa.com',NULL,'$2b$12$QgXKiVo2tVmYeFc8JHzLbOcpmnmiahHbJak0gGsieHaO82LqjUnfe',NULL,'2025-07-31 13:09:07','2025-08-20 04:56:32',1),(3,'Humairoh','umay@ajnusa.com',NULL,'$2b$12$zIeSV/vDpT6CBe4KqDZ.teyEezOpBxCkVXKX.Gv.rw.ZKr9GefSmu',NULL,'2025-08-01 07:26:15','2025-09-07 14:41:38',6),(4,'Adolf','adolf@ajnusa.com',NULL,'$2b$12$b5tEchmHdspJrj6I1ntNX.9YIkRNI54pB2EWEMQbm/ZB1hSI8Ret.',NULL,'2025-08-04 09:24:30','2025-08-04 09:24:30',1),(6,'Etang Agung','etang.agung@ajnusa.com',NULL,'$2b$12$4jEWIQphiun4Ato.Ui/eF.kTX4Rz5qNHZ515HfjgJzrGXMscuRSaK',NULL,'2025-08-11 06:32:34','2025-08-11 06:32:34',1),(7,'Aryan Sulaiman','aryan@ajnusa.com',NULL,'$2b$12$.9Lby93kCrZ.NRLE.E.OruIvN98OJPFk536KeMPVi9oVv7BcMINlG',NULL,'2025-08-19 05:15:38','2025-08-19 06:58:51',5),(9,'Irsyad','irsyad@ajnusa.com',NULL,'$2b$12$OVbWf7nZTVBQJZO/sCL1GuyQBsa/HIQ0t6yel6VIUQQbv.J.LWM7q',NULL,'2025-09-12 17:53:18','2025-09-12 17:53:18',2),(10,'NOC-Baihaqi','baihaqi@noc.com',NULL,'$2b$12$vgzxn4yGmrNL/DNz6IvX5u6fHCUdl7vl06b1cwEJCEJA9Tf3Ojqe2',NULL,'2025-09-15 09:57:12','2025-09-15 09:57:12',2),(11,'NOC-Dani','dani@noc.com',NULL,'$2b$12$W0rUE3nFoOYHd3LIYnhYo.tTq1dV10svtiqcbReCVLY5s.1juUcFG',NULL,'2025-09-15 09:57:44','2025-09-15 09:57:44',2),(12,'NOC-Irsyad','irsyad@noc.com',NULL,'$2b$12$fHui9IoIt33A0AIaANewB.heHXTLCJULZ5g2RNxvLNVEa7itSyj5y',NULL,'2025-09-15 09:58:19','2025-09-15 09:58:19',2),(13,'NOC-Rizki','rizki@noc.com',NULL,'$2b$12$.sIK/uOQPTpUkzuBoLrn0.xGsnGcVIZUnG/Hf7x58jXECqV2NZgl2',NULL,'2025-09-15 09:59:05','2025-09-15 09:59:05',2),(14,'NOC-Koko','koko@noc.com',NULL,'$2b$12$X1BNOWew.aUEpl/OkmuDI.uXkSS.GSNOlmcyaR3frKVcsbL/2HXdK',NULL,'2025-09-15 09:59:40','2025-09-15 09:59:40',2),(15,'NOC-Rayhan','rayhan@noc.com',NULL,'$2b$12$Eq9gipGweBv1frn9VS/Vle.z3IVHHG5.Xc58f/5zHmXH0V99LtvGC',NULL,'2025-09-15 10:00:15','2025-09-15 10:00:15',2),(16,'Tami','tami@ajnusa.com',NULL,'$2b$12$ZJdp77Jxd01fjfNXGPro8Ob8XBSzigiGgQvRMsnCspbVm6.rKifpu',NULL,'2025-09-15 10:11:38','2025-09-15 10:11:38',5),(17,'Yohan','yohan@ajnusa.com',NULL,'$2b$12$NwWQoWbZsEhaRwDg6ru.UuxvTGrWVaqsWwvbumXwuFENzSwMBhIlK',NULL,'2025-09-15 10:15:26','2025-09-15 10:15:26',5),(18,'Andri','andri@ajnusa.com',NULL,'$2b$12$Ls773QsVciBJS1Gledrzmu.dBdPnWpUOogW6o/zIrCjwbGcvbNgeO',NULL,'2025-09-15 10:16:00','2025-09-15 10:16:00',5),(19,'CS','cs@ajnusa.com',NULL,'$2b$12$mxo.CmHrFD.ELa7VfPqPf.nBhPfJx2Ql99INVpGdEnXLNOEuc/ElC',NULL,'2025-09-15 11:35:06','2025-09-15 11:35:06',5),(20,'Ade Irwansyah','ade@ajnusa.com',NULL,'$2b$12$/pATmVKOeV8CmTLAJ4o6teKdicJvnrOQc22K5SuMArjg8UtuHpTCC',NULL,'2025-09-15 13:11:12','2025-09-15 13:11:12',7);
/*!40000 ALTER TABLE `users` ENABLE KEYS */;
UNLOCK TABLES;
/*!40103 SET TIME_ZONE=@OLD_TIME_ZONE */;

/*!40101 SET SQL_MODE=@OLD_SQL_MODE */;
/*!40014 SET FOREIGN_KEY_CHECKS=@OLD_FOREIGN_KEY_CHECKS */;
/*!40014 SET UNIQUE_CHECKS=@OLD_UNIQUE_CHECKS */;
/*!40101 SET CHARACTER_SET_CLIENT=@OLD_CHARACTER_SET_CLIENT */;
/*!40101 SET CHARACTER_SET_RESULTS=@OLD_CHARACTER_SET_RESULTS */;
/*!40101 SET COLLATION_CONNECTION=@OLD_COLLATION_CONNECTION */;
/*!40111 SET SQL_NOTES=@OLD_SQL_NOTES */;

-- Dump completed on 2025-10-10 23:54:25
